label,title,description,synonyms,scope,group,frequency,aggregation,unit,sa,class,tcode_fred,tcode_lt,tcode_ht,fred_qd_mnemonic,us_note,cross_country_note
real_gdp,Real GDP,"Gross domestic product at constant (chain-linked) prices, seasonally and calendar adjusted.",gdp|output|economic growth|real output|national income|b1gq|gross domestic product,country,Output and Income,Q,mean,"EUR mn, chain-linked volume (2020), quarterly level",SCA,R,5,2,2,GDPC1,,
real_household_consumption,Real private consumption,Household final consumption expenditure at constant prices.,consumption|private consumption|consumer spending|household spending|pce|p31,country,Output and Income,Q,mean,"EUR mn, chain-linked volume (2020), quarterly level",SCA,R,5,2,2,PCECC96,,"Source-dependent: for EU members (Eurostat NA_ITEM=P31_S14) this is household-only consumption, a close match to FRED-QD's household-only PCE; where OECD QNA is used instead (sector S1M), it is total-economy final consumption expenditure INCLUDING NPISHs, broader than FRED-QD's definition."
real_govt_consumption,Real government consumption,General government final consumption expenditure at constant prices.,government spending|public consumption|government expenditure|fiscal spending|p3 s13,country,Output and Income,Q,mean,"EUR mn, chain-linked volume (2020), quarterly level",SCA,R,5,2,2,GCEC1,,"SNA/ESA transaction P3, sector S13 (general government) is government consumption expenditure only, whether sourced from OECD or Eurostat; FRED-QD's GCEC1 also includes government gross investment."
real_gfcf_total,Real gross fixed capital formation,Gross fixed capital formation of all sectors at constant prices.,investment|gfcf|capital formation|fixed investment|capex|p51g,country,Output and Income,Q,mean,"EUR mn, chain-linked volume (2020), quarterly level",SCA,R,5,2,2,FPIx,,"SNA/ESA transaction P51G (gross fixed capital formation) is for ALL sectors (incl. government), whether sourced from OECD or Eurostat; FRED-QD's FPIx is private-sector fixed investment only."
real_exports,Real exports,Exports of goods and services at constant prices.,exports|foreign demand|trade|p6,country,Output and Income,Q,mean,"EUR mn, chain-linked volume (2020), quarterly level",SCA,R,5,2,2,EXPGSC1,,
real_imports,Real imports,Imports of goods and services at constant prices.,imports|trade|p7,country,Output and Income,Q,mean,"EUR mn, chain-linked volume (2020), quarterly level",SCA,R,5,2,2,IMPGSC1,,
inventory_change_to_gdp,Change in inventories (% of GDP),"Change in inventories as a share of nominal GDP, signed.",inventories|stockbuilding|inventory investment|p52,country,Output and Income,Q,mean,% of GDP,SCA,R,1,0,0,A014RE1Q156NBEA,,"Change in inventories as a PERCENT OF GDP (both nominal), signed -- not a real level like the other expenditure components, because Eurostat publishes no chain-linked volume for it (a signed flow that crosses zero, for which chain-linked volumes are not additive; see R/inventories.R). EU member states: Eurostat namq_10_gdp, NA_ITEM=P52 (excluding valuables, P53), UNIT=PC_GDP, seasonally and calendar adjusted -- the same construction as FRED-QD's A014RE1Q156NBEA, except that P52 covers inventories of all sectors where FRED-QD's covers private inventories only. From 1995 for Austria (1991 for Germany). Outside the EU only the United States resolves (FRED-QD's own series); NA elsewhere."
real_household_disposable_income,Real household disposable income,"Gross disposable income of households and NPISHs, deflated by the household consumption deflator.",disposable income|household income|real income|b6g,country,Output and Income,Q,mean,"EUR mn at 2020 prices, quarterly level",SCA,R,5,2,2,DPIC96,,"EU member states: Eurostat quarterly sector accounts, nasq_10_nf_tr B6G for households and NPISH (S14_S15), current prices, seasonally and calendar adjusted, deflated by the implicit deflator of household and NPISH final consumption (namq_10_gdp P31_S14_S15, CP_MEUR / CLV20_MEUR), so million euro at chain-linked 2020 prices -- the construction of FRED-QD's DPIC96, which deflates personal disposable income (also including NPISH) by the PCE price index. From 1999-Q1 for Austria and Germany; its quarterly growth matches Eurostat's own real per-capita indicator (nasq_10_ki B6G_R_HAB_GR) at correlation 0.998 for Austria and 0.974 for Germany, the gap being population growth (checked live 2026-10-04). Austria's 2022-Q3/Q4 swing (+6.4%, -5.4% q/q) is real: one-off energy and anti-inflation transfers. Outside the EU (and for any EU member Eurostat lacks): the same construction from the OECD -- quarterly sector accounts DSD_NASEC1@DF_QSA, B6G of households and NPISH (S1M), current prices, seasonally adjusted, deflated by the S1M P3 implicit deflator from DF_QNA. For the USA from 1947-Q1; its quarterly growth matches FRED-QD's DPIC96 at correlation 0.999 (checked live 2026-10-04). Until 2026-10 the OECD's DF_QNA_INC_SAV was tried instead, which carries the total economy (S1) only, so the USA was NA."
industrial_production,Industrial production,Volume index of production in industry excluding construction (NACE B-D).,ip|industrial output|manufacturing output|production index|indpro,country,Industrial Production,M,mean,index 2021=100,SCA,R,5,2,2,INDPRO,,"EU member states: sourced from Eurostat short-term statistics (sts_inpr_q, NACE B-D, seasonally and calendar adjusted, index 2021 = 100), NOT the OECD-MEI-via-FRED mirror used elsewhere -- see R/eurostat_sts.R. The mirror is frozen: AUTPROINDQISMEI was confirmed live 2026-09-25 to stop at 2024-Q1 while every other concept in the panel ran to the current quarter, which silently truncates any model estimated on it. The mirror earlier history (back to 1955 for Austria) is spliced on, rescaled to the Eurostat base at the overlap. Read that spliced history with care: over the 334 months the two share they correlate 0.896 in log differences, so they are close relatives rather than the same series."
industrial_confidence,Industrial confidence (EC survey),"European Commission Industrial Confidence Indicator, a balance of firms' assessments.",industry confidence|business confidence|manufacturing sentiment|business climate|pmi,country,Industrial Production,M,mean,balance,SA,C,1,0,0,,"No FRED-QD equivalent; the EC's Industrial Confidence Indicator (since 1985) is a standard input to the OECD's Composite Leading Indicators for many countries, with documented leading-indicator value for industrial production/GDP turning points.","EU member states only: European Commission Business and Consumer Survey, Industrial Confidence Indicator (""AT.INDU"") -- see R/ec_survey.R. No FRED-mirror fallback exists for this concept."
unemployment_rate,Unemployment rate,Unemployed persons as a percentage of the labour force.,unemployment|jobless rate|labour market slack|unrate,country,Employment and Unemployment,M,mean,% of labour force,SA,R,2,4,4,UNRATE,,
employment_rate,Employment rate (15-64),Employed persons aged 15-64 as a percentage of the population of that age.,employment to population|employment ratio|jobs,country,Employment and Unemployment,Q,mean,% of population 15-64,SA,R,2,4,4,,No FRED-QD employment-rate series; nearest are CE16OV (level) and CIVPART (participation rate).,"Employment-to-population ratio, ages 15-64 (OECD MEI); included as a standard cross-country labour-market indicator even though FRED-QD has no direct equivalent (see us_note)."
hours_worked,Total hours worked,Total hours worked by employees and self-employed in the whole economy.,hours|labour input|working hours|total hours,country,Employment and Unemployment,Q,mean,thousand hours,SCA,R,5,2,2,HOANBS,"HOANBS is hours of all persons in the NONFARM BUSINESS sector; the series here is the total economy, which additionally includes general government, households as employers and the farm sector. The broader coverage is what the national-accounts source publishes and what pairs with this panel's own total-economy real_gdp.","EU member states only: Eurostat namq_10_a10_e, total hours worked, domestic concept (NA_ITEM=EMP_DC, employees and self-employed together), seasonally and calendar adjusted -- see R/eurostat.R. No FRED-mirror fallback exists: FRED's OECD mirror carries hours PER WORKER for some countries and total hours for none, so this resolves to NA outside the EU."
population,Population,"Total resident population, in thousands of persons.",inhabitants|residents|population size|per capita denominator,country,Employment and Unemployment,Q,mean,thousand persons,SCA,R,5,2,2,,"No FRED-QD equivalent; none of FRED-QD's 245 series is a population count. A live --country USA run resolves this concept to the BEA's total population including armed forces overseas (FRED POPTHM, monthly, averaged within the quarter) -- see R/population.R.","Total resident population in THOUSANDS OF PERSONS, the per-capita denominator for real_gdp, real_household_consumption and hours_worked. EU member states: Eurostat namq_10_pe, total population, national concept (NA_ITEM=POP_NC, UNIT=THS_PER, S_ADJ=SCA) -- the population figure of the quarterly national accounts themselves, so a per-capita ratio against this panel's real_gdp is internally consistent. Quarterly from 1995 for Austria (1991 for Germany); the annual series that reaches further back is not interpolated onto quarters. Outside the EU only countries with an explicit entry in R/population.R's national_population table resolve (currently the United States); FRED mirrors population for most other countries only annually, so this is NA for them rather than an interpolation."
employment_expectations,Employment Expectations Indicator (EC survey),"European Commission composite of firms' hiring plans across industry, services, retail and construction.",hiring plans|employment outlook|labour demand expectations|eei,country,Employment and Unemployment,M,mean,index,SA,C,1,0,0,,No FRED-QD equivalent; DG ECFIN's own purpose-built leading indicator for employment turning points (introduced 2013 specifically because the surveys' employment sub-components lead employment growth).,"EU member states only: European Commission Business and Consumer Survey, Employment Expectations Indicator (""AT.EEI"") -- see R/ec_survey.R. No FRED-mirror fallback exists for this concept."
house_price_real,Real house prices,Residential property price index deflated by consumer prices.,house prices|property prices|housing prices|real estate prices|home prices,country,Housing,Q,mean,index,NSA,R,5,2,2,USSTHPI,,
construction_confidence,Construction confidence (EC survey),"European Commission Construction Confidence Indicator, a balance of firms' assessments.",construction sentiment|building confidence|construction climate,country,Housing,M,mean,balance,SA,C,1,0,0,,"No FRED-QD equivalent; a standard EC sentiment sub-index for the construction sector, companion to house_price_real.","EU member states only: European Commission Business and Consumer Survey, Construction Confidence Indicator (""AT.BUIL"") -- see R/ec_survey.R. No FRED-mirror fallback exists for this concept."
retail_sales_volume,Retail sales volume,"Volume of retail trade sales (NACE G47), seasonally and calendar adjusted.",retail sales|retail trade|shop sales|consumer sales,country,"Inventories, Orders, and Sales",M,mean,index 2021=100,SCA,R,5,2,2,RSAFSx,,"EU member states: sourced from Eurostat short-term statistics (sts_trtu_q, NACE G47, indicator VOL_SLS -- the VOLUME of sales, not NETTUR, which is turnover in current prices), NOT the OECD-MEI-via-FRED mirror, which is frozen at 2024-Q1 -- see R/eurostat_sts.R. The mirror earlier history is spliced on and rescaled at the overlap, where the two correlate 0.998 in log differences. OECD MEI retail sales volume is not published for the USA itself via this mirror -- a genuine coverage gap for that one country, not a wrong code."
retail_confidence,Retail confidence (EC survey),"European Commission Retail Trade Confidence Indicator, a balance of firms' assessments.",retail sentiment|retailer confidence|shop confidence,country,"Inventories, Orders, and Sales",M,mean,balance,SA,C,1,0,0,,"No FRED-QD equivalent; a standard EC sentiment sub-index for the retail sector, companion to retail_sales_volume.","EU member states only: European Commission Business and Consumer Survey, Retail Trade Confidence Indicator (""AT.RETA"") -- see R/ec_survey.R. No FRED-mirror fallback exists for this concept."
cpi_index,Consumer price index (headline),"All-items consumer price index: HICP for EU members, the national CPI elsewhere.",cpi|hicp|consumer prices|price level|price index|cost of living|vpi,country,Prices,M,mean,index 2025=100,NSA,N,6,2,3,CPIAUCSL,,"EU member states: sourced from Eurostat's Harmonised Index of Consumer Prices (HICP, all-items, prc_hicp_minr at 2025=100; the older prc_hicp_midx was frozen at 2025-12 when Eurostat rebased in 2026), NOT the frozen OECD-MEI-via-FRED mirror used for non-EU countries -- see R/eurostat.R. Confirmed live 2026-10-03 to run to 2026-09 for Austria and Germany, versus the FRED mirror's confirmed freeze at 2023-Q4. HICP's basket/methodology differs somewhat from the US CPI-U basket underlying FRED-QD's CPIAUCSL, but is the standard EU consumer-price measure. Countries outside the EU take their own national index instead (R/fred_mirror.R national_cpi_index; CPIAUCSL for the United States) rather than the OECD MEI mirror, whose only CPI series are GROWTH RATES -- CPALTT01{cc2}Q657N runs -2.83 to 3.95 for the US. Until 2026-09-25 this column therefore held an index for EU members and a percent change for everyone else; it is one statistic everywhere now, which is why its plausibility category is the strict 'level' again rather than a band wide enough for both."
core_cpi_index,Core consumer price index,"HICP excluding energy, food, alcohol and tobacco.",core inflation|core cpi|core hicp|underlying inflation|hicp ex energy and food,country,Prices,M,mean,index 2025=100,NSA,N,6,2,3,CPILFESL,,"Eurostat HICP excluding energy, food, alcohol and tobacco (COICOP=TOT_X_NRG_FOOD) -- the standard ECB/Eurostat ""core inflation"" measure. EU member states only; no FRED-mirror fallback exists for this concept."
food_price_index,Food price index,HICP component for food and non-alcoholic beverages.,food prices|food inflation|groceries prices,country,Prices,M,mean,index 2025=100,NSA,N,6,2,3,,"No standalone CPI-food mnemonic in FRED-QD's 245-series list (the closest entries are PCE-side, e.g. DFXARG3Q086SBEA); included as a standard EU/ECB headline-inflation breakdown component.","Eurostat HICP, food and non-alcoholic beverages (COICOP=CP01). EU member states only; no FRED-mirror fallback exists for this concept."
energy_price_index,Energy price index,"HICP component for energy (fuels, electricity, gas, heating).",energy prices|energy inflation|fuel prices|electricity prices|gas prices,country,Prices,M,mean,index 2025=100,NSA,N,6,2,3,,"No standalone CPI-energy mnemonic in FRED-QD's 245-series list (the closest entries are producer-price WPU0531/WPU0561 or the global OILPRICEx benchmark, none implemented here); included as a standard EU/ECB headline-inflation breakdown component.","Eurostat HICP, energy (COICOP=NRG). EU member states only; no FRED-mirror fallback exists for this concept."
services_price_index,Services price index,HICP component for services.,services prices|services inflation,country,Prices,M,mean,index 2025=100,NSA,N,6,2,3,CUSR0000SAS,,"Eurostat HICP, services (overall index excluding goods) (COICOP=SERV). EU member states only; no FRED-mirror fallback exists for this concept."
unit_labor_cost,Unit labour cost,"Labour cost per unit of real output (an index where Eurostat publishes one, a percent change otherwise).",ulc|unit labor costs|wage costs|labour costs|cost competitiveness,country,Earnings and Productivity,Q,mean,index 2010=100,SCA,N,5,2,3,ULCNFB,"FRED-QD's ULCNFB is a nonfarm-business, hours-based unit-labor-cost INDEX; the OECD-mirror series used for every country (incl. the US) is an employment-based % CHANGE -- related concepts, different construction.","Where Eurostat publishes an index-level series for it (confirmed for Austria: namq_10_lp_ulc, NA_ITEM=NULC_HW, UNIT=I10, hours-based like FRED-QD's ULCNFB), this replaces the default OECD-mirror proxy (OECD MEI unit labour cost, employment-based, % change, confirmed live for AT/DE/FR/GB/US) -- see R/eurostat.R. Not every EU country publishes this index-level series, and which do changes over time: it was confirmed absent for Germany when this note was first written, and confirmed present for Germany on 2026-09-24, so Germany now resolves through Eurostat rather than keeping the OECD-mirror value. A country for which Eurostat has nothing still falls back to the mirror."
long_term_rate,10-year government bond yield,"Yield on 10-year government bonds, monthly average.",long-term interest rate|10y yield|bond yield|government bond yield|sovereign yield|gs10,country,Interest Rates,M,mean,% p.a.,NSA,F,2,4,4,GS10,,"Euro-area members: the ECB's 10-year government bond yield used for the convergence criterion (IRS, M.<cc>.L.L40.CI.0000.EUR.N.Z), published around the tenth of the following month; the OECD MEI mirror (IRLTLT01<cc>M156N) fills the months before it starts, unchanged. For Austria the two agree in every month since 1993. Other countries: the mirror -- see R/ecb_market_rates.R."
short_term_rate,3-month interest rate,"3-month money-market rate: Euribor for euro-area members from euro adoption on (so identical across members), the national interbank rate before.",short-term interest rate|euribor|3m rate|money market rate|interbank rate|policy rate proxy|t-bill,country,Interest Rates,M,mean,% p.a.,NSA,F,2,4,4,TB3MS,,"Euro-area members: 3-month Euribor from the ECB (FM, M.U2.EUR.RT.MM.EURIBOR3MD_.HSTA), from the country's euro adoption on and current within days of a month's end; before adoption the OECD MEI mirror (IR3TIB01<cc>M156N), which holds the national interbank rate, unchanged. From 1999 the two agree in every month for Austria and Germany. Other countries: the mirror -- see R/ecb_market_rates.R."
government_bond_yield_2y,2-year government bond yield,Yield on 2-year government bonds (Germany and the USA only).,2y yield|two-year yield|short-end yield|schatz,country,Interest Rates,M,mean,% p.a.,NSA,F,2,4,4,,"No FRED-QD equivalent: FRED-QD's Treasury yields are GS1, GS5 and GS10, with no 2-year maturity. The US value is FRED's GS2, the 2-year Treasury constant-maturity yield, monthly average of daily values, from 1976-06.","Germany: Deutsche Bundesbank, zero-coupon yield on listed Federal securities at a residual maturity of 2.0 years (Svensson term structure, BBSIS.D.I.ZST.ZI.EUR.S1311.B.A604.R02XX.R.A.A._Z._Z.A), averaged over the month's daily values from 1997-08 and end-of-month values back to 1972-09. NA for Austria and every other country: no Austrian yield at a fixed 2-year maturity is published (the OeNB carries issue yields and an all-bond average only, the ECB a euro-area aggregate only) -- see R/gov_yields.R."
government_bond_yield_5y,5-year government bond yield,Yield on 5-year government bonds (Germany and the USA only).,5y yield|five-year yield|bobl|gs5,country,Interest Rates,M,mean,% p.a.,NSA,F,2,4,4,GS5,,"Germany: Deutsche Bundesbank, zero-coupon yield on listed Federal securities at a residual maturity of 5.0 years (Svensson term structure, BBSIS.D.I.ZST.ZI.EUR.S1311.B.A604.R05XX.R.A.A._Z._Z.A), averaged over the month's daily values from 1997-08 and end-of-month values back to 1972-09. A zero-coupon yield, where FRED-QD's GS5 is a par (constant-maturity) yield; at five years the two differ by a few basis points. United States: GS5 itself, from 1953-04. NA for Austria and every other country -- see government_bond_yield_2y."
mortgage_rate,Mortgage rate (new business),"Interest rate on new loans to households for house purchase, all rate fixation periods, including renegotiations.",mortgage interest rate|housing loan rate|home loan rate|lending rate for house purchase|wohnbaukredit zins,country,Interest Rates,M,mean,% p.a.,NSA,F,2,4,4,MORTGAGE30US,FRED-QD's MORTGAGE30US is a 30-year FIXED-rate average; the ECB series used for euro-area countries is a new-business AAR/NDER rate across all initial rate fixation periods (fixed and variable combined) -- related but not an identical construction.,"ECB MFI Interest Rate Statistics (MIR): new-business loans to households for house purchase, all initial rate fixation periods combined -- genuinely country-specific (unlike euro_area_household_net_worth_growth above), available for euro-area members only."
mortgage_rate_pure_new_loans,Mortgage rate (pure new loans),"Interest rate on pure new loans to households for house purchase, excluding renegotiations of existing loans.",mortgage rate excluding renegotiations|new mortgage rate,country,Interest Rates,M,mean,% p.a.,NSA,F,2,4,4,,"No FRED-QD equivalent: MORTGAGE30US (see mortgage_rate) is a survey rate for one fixed-rate product, and the US has no published split of mortgage pricing into new loans and renegotiations.","ECB MFI Interest Rate Statistics (MIR), key A2C.R.A.2250.EUR.P: the rate on PURE new loans to households for house purchase (IR_BUS_COV=P), i.e. mortgage_rate without renegotiations of existing loans, all initial rate fixation periods combined. Euro-area members only. Published from 2017-08 for Austria; earlier months back to 2017-01 are computed from the MIR identity, r_P = (r_N * N - r_R * R) / (N - R), new business less renegotiations, which reproduces every published month to within 0.012 pp -- see R/ecb.R."
mortgage_rate_oenb,"Mortgage rate (OeNB, Austria)",OeNB interest rate on new business in housing loans to households; equals mortgage_rate from 2000 and reaches back to 1995.,oenb mortgage rate|austrian mortgage rate|wohnbaukredit zinssatz,country,Interest Rates,M,mean,% p.a.,NSA,F,2,4,4,,"No FRED-QD equivalent beyond mortgage_rate's MORTGAGE30US: this is the same new-business rate as mortgage_rate, from the Austrian national central bank, and exists for Austria only.","OeNB data service, data set 23, position VDBZSBSZN10010: interest rate on new business in loans to households for housing purposes, all initial rate fixation periods combined, % p.a. AUSTRIA ONLY (NA for every other country). From 2000-01 on it is the ECB's mortgage_rate (MIR A2C.R.A.2250.EUR.N) to the last decimal in every month; it reaches back to 1995-12, before the harmonised MIR statistics -- see R/oenb.R."
credit_to_private_nonfin_sector,Private credit (% of GDP),Credit to the private non-financial sector (households and non-financial corporations) as a percentage of GDP.,private credit|credit to gdp|credit gap|leverage|bis credit,country,Money and Credit,Q,mean,% of GDP,NSA,N,2,4,4,,"FRED-QD tracks credit by purpose/level (BUSLOANSx, TOTALSLx, REALLNx, ...), not one combined %GDP series like BIS's.","BIS reports this as a stock, % of GDP (private non-financial sector = households + nonfinancial corporations combined)."
household_mortgage_loans,Outstanding mortgage loans,"Stock of MFI loans to households for house purchase, nominal.",mortgage stock|housing loans outstanding|mortgage debt|home loans,country,Money and Credit,M,mean,"EUR mn, outstanding",NSA,N,5,2,3,REALLNx,"FRED-QD's REALLNx is REAL (Core-PCE-deflated) dollars; the ECB BSI series used for euro-area countries is a NOMINAL euro-denominated stock of outstanding MFI loans to households for house purchase -- related but not an identical construction, and not deflated here.","ECB MFI Balance Sheet Items (BSI): outstanding amounts (stocks, millions of EUR) of loans to households for house purchase, domestic counterpart -- genuinely country-specific (unlike euro_area_household_net_worth_growth), available for euro-area members only. Same purpose category as mortgage_rate, but a different ECB dataflow with an entirely different dimension structure -- see R/ecb.R."
mortgage_new_lending,New mortgage lending,"Volume of pure new loans to households for house purchase per period, nominal and not seasonally adjusted (a flow).",new mortgages|mortgage origination|housing loan flow|new housing loans|mortgage volume,country,Money and Credit,M,sum,EUR mn per period,NSA,N,5,2,2,,"No FRED-QD equivalent: FRED-QD tracks credit as outstanding stocks (REALLNx and the like), and no US source publishes a monthly flow of new mortgage loans comparable to the ECB's.","ECB MFI Interest Rate Statistics (MIR), key A2C.B.A.2250.EUR.P: the business volume of PURE new loans to households for house purchase (renegotiations excluded), millions of EUR, NOMINAL and not seasonally adjusted. A FLOW, so the quarterly panel holds the SUM of the quarter's three months, and only complete quarters, where every other monthly concept is averaged. The flow counterpart to household_mortgage_loans' stock; euro-area members only. Published from 2017-08 for Austria; earlier months back to 2014-12 are new business less renegotiations (IR_BUS_COV N minus R), an identity that reproduces every published month exactly -- see R/ecb.R."
mortgage_new_lending_oenb,"New mortgage lending (OeNB, Austria)","OeNB new loans to households for housing purposes per period, nominal and not seasonally adjusted (a flow).",oenb new mortgages|austrian new housing loans|wohnbaukredite neugeschaeft,country,Money and Credit,M,sum,EUR mn per period,NSA,N,5,2,2,,"No FRED-QD equivalent: as for mortgage_new_lending, no US source publishes a monthly flow of new mortgage loans.","OeNB data service, data set 100140002, position VDBMSKNWOHNBAU: new loans (excluding revolving loans) to households for housing purposes, millions of EUR per month, NOMINAL and not seasonally adjusted, from 2009-01. AUSTRIA ONLY (NA for every other country). The OeNB's monthly statistics rather than the MIR sample, but the same concept as mortgage_new_lending (pure new loans): over their overlap the monthly changes of the two correlate at 0.994, and this series is eight years longer. A FLOW, so the quarterly panel holds the SUM of complete quarters -- see R/oenb.R."
euro_area_household_net_worth_growth,Household net worth growth (euro area),Growth of euro-area household net worth; the same euro-area figure for every member.,household wealth|net worth|household balance sheet,euro_area,Household Balance Sheets,Q,mean,% change,NSA,F,1,0,0,TNWBSHNOx,,ECB QSA_PUB publishes household net worth only for the euro-area AGGREGATE (REF_AREA=I8) -- every euro-area country gets this same figure; it is not country-specific.
household_credit_to_gdp,Household credit (% of GDP),Credit to households and NPISHs as a percentage of GDP.,household debt|household leverage|household credit,country,Household Balance Sheets,Q,mean,% of GDP,NSA,N,2,4,4,,No %GDP household-credit series in FRED-QD; FRED itself mirrors the same underlying BIS series for the US as HDTGPDUSQ163N.,"BIS credit to households & NPISHs, % of GDP -- country-specific (unlike the ECB net-worth aggregate above)."
corporate_credit_to_gdp,Corporate credit (% of GDP),Credit to non-financial corporations as a percentage of GDP.,corporate debt|business credit|firm leverage|nfc credit,country,Non-Household Balance Sheets,Q,mean,% of GDP,NSA,N,2,4,4,,"FRED-QD's TLBSNNCBx is a dollar-level series, not %GDP; no confirmed FRED %GDP analog for the US was found.","BIS credit to nonfinancial corporations, % of GDP -- country-specific."
government_debt_to_gdp,Government debt (% of GDP),"Credit to general government at nominal value as a percentage of GDP, a close proxy for gross public debt.",public debt|debt ratio|sovereign debt|government debt,country,Non-Household Balance Sheets,Q,mean,% of GDP,NSA,N,2,4,4,GFDEGDQ188S,"FRED-QD's GFDEGDQ188S is US FEDERAL debt only (excludes state/local government); the BIS series used for every country (incl. the US) is credit to the WHOLE general-government sector (all levels combined) -- related but broader-scoped concepts, not identical.","BIS credit to general government (all levels: federal/state/local combined), % of GDP, at NOMINAL value (VALUATION=N) -- BIS's own credit-statistics methodology treats this as a close proxy for gross government debt; genuinely country-specific and, unlike the euro-area-only mortgage_rate/consumer_confidence overrides, available for non-EU countries too (confirmed live for AT/DE/US). Nominal rather than market value since 2026-09-14: the market-value series revalues government bonds with their prices, so it swings with interest rates (Austria: 100.7% of GDP in 2020, 75.2% in 2025-Q4), whereas the nominal series reads 81.5% for 2025-Q4, against 81.3% for Eurostat's Maastricht debt ratio."
government_primary_balance_to_gdp,Government primary balance (% of GDP),"General government net lending plus interest payable as a percentage of GDP, not seasonally adjusted.",primary balance|primary surplus|primary deficit|fiscal balance|budget balance,country,Non-Household Balance Sheets,Q,mean,% of GDP,NSA,N,1,0,0,,"No FRED-QD equivalent; FRED-QD carries no general-government primary balance. Added as the flow companion to government_debt_to_gdp's stock: the primary balance is one of the proximate drivers of the debt ratio in the debt-dynamics identity, beside interest payments and the growth-interest differential.","EU member states only: Eurostat quarterly government finance statistics (gov_10q_ggnfa), general government (S13), net lending/borrowing (B9) plus interest payable (D41PAY), both in % of GDP -- see R/eurostat.R. NOT seasonally adjusted: Eurostat publishes a seasonally adjusted B9 but no seasonally adjusted D41PAY, and summing an adjusted with an unadjusted series would be neither. The ratio is to the same quarter's GDP, so a four-quarter average is the annual equivalent. No non-EU fallback exists for this concept."
fx_rate_to_usd,Exchange rate to the US dollar,National currency per US dollar (so a rise is a depreciation against the dollar).,exchange rate|eur usd|dollar exchange rate|fx|currency,country,Exchange Rates,M,mean,national currency per USD,NSA,F,5,2,2,,Not meaningful for the US itself -- this concept is a foreign currency's price in USD.,"OECD MEI bilateral exchange rate, national currency per USD."
real_effective_exchange_rate,Real effective exchange rate,"Trade-weighted, price-adjusted exchange rate index (a rise is a real appreciation).",reer|effective exchange rate|competitiveness|trade-weighted exchange rate,country,Exchange Rates,M,mean,index 2015=100,NSA,F,5,2,2,TWEXAFEGSMTHx,FRED-QD's series is a NOMINAL trade-weighted index against advanced foreign economies only; the OECD-mirror series used for other countries is REAL (price-adjusted) and broader -- related but not identical.,OECD real (price-adjusted) effective exchange rate index -- see us_note for how this differs from FRED-QD's nominal series.
consumer_confidence,Consumer confidence,"Consumer Confidence Indicator from the European Commission survey for EU members, the OECD mirror otherwise.",consumer sentiment|household confidence|consumer climate|umcsent,country,Other,M,mean,balance,SA,C,1,0,0,UMCSENTx,,"EU member states: sourced from the European Commission's own Business and Consumer Survey (a live, monthly, seasonally adjusted balance statistic, e.g. ""AT.CONS""), NOT the frozen OECD-MEI-via-FRED mirror used for non-EU countries -- see R/ec_survey.R. Falls back to the FRED mirror if the EC archive is unavailable for a given run."
consumer_financial_situation_past,"Consumers: financial situation, past 12 months",Balance of consumers reporting their household's financial situation improved over the past 12 months.,household finances past|consumer survey q1,country,Other,M,mean,balance,SA,C,1,0,0,,"No FRED-QD equivalent; FRED-QD carries only the Michigan sentiment index (UMCSENTx), not its individual questions. EC consumer survey question 1: How the household's financial situation has changed over the last 12 months (a component of consumer_confidence).","EU member states only: European Commission Business and Consumer Survey, consumer survey question 1, balance of all consumers, seasonally adjusted (""CONS.AT.TOT.1.BS.M"") -- see R/ec_survey.R. Monthly at source, averaged within the quarter. No FRED-mirror fallback exists for this concept."
consumer_financial_situation_expected,"Consumers: financial situation, next 12 months",Balance of consumers expecting their household's financial situation to improve over the next 12 months.,household finances outlook|consumer survey q2,country,Other,M,mean,balance,SA,C,1,0,0,,"No FRED-QD equivalent; FRED-QD carries only the Michigan sentiment index (UMCSENTx), not its individual questions. EC consumer survey question 2: How the household expects its financial situation to change over the next 12 months (one of the four components of consumer_confidence).","EU member states only: European Commission Business and Consumer Survey, consumer survey question 2, balance of all consumers, seasonally adjusted (""CONS.AT.TOT.2.BS.M"") -- see R/ec_survey.R. Monthly at source, averaged within the quarter. No FRED-mirror fallback exists for this concept."
consumer_economic_situation_past,"Consumers: general economic situation, past 12 months",Balance of consumers saying the country's economic situation improved over the past 12 months.,perceived economy|consumer survey q3,country,Other,M,mean,balance,SA,C,1,0,0,,"No FRED-QD equivalent; FRED-QD carries only the Michigan sentiment index (UMCSENTx), not its individual questions. EC consumer survey question 3: How the general economic situation in the country has changed over the last 12 months.","EU member states only: European Commission Business and Consumer Survey, consumer survey question 3, balance of all consumers, seasonally adjusted (""CONS.AT.TOT.3.BS.M"") -- see R/ec_survey.R. Monthly at source, averaged within the quarter. No FRED-mirror fallback exists for this concept."
consumer_economic_situation_expected,"Consumers: general economic situation, next 12 months",Balance of consumers expecting the country's economic situation to improve over the next 12 months.,economic outlook consumers|consumer survey q4,country,Other,M,mean,balance,SA,C,1,0,0,,"No FRED-QD equivalent; FRED-QD carries only the Michigan sentiment index (UMCSENTx), not its individual questions. EC consumer survey question 4: How the general economic situation in the country is expected to change over the next 12 months (a component of consumer_confidence).","EU member states only: European Commission Business and Consumer Survey, consumer survey question 4, balance of all consumers, seasonally adjusted (""CONS.AT.TOT.4.BS.M"") -- see R/ec_survey.R. Monthly at source, averaged within the quarter. No FRED-mirror fallback exists for this concept."
consumer_price_trends_past,Consumers: perceived inflation,Balance of consumers saying prices rose over the past 12 months.,perceived inflation|consumer survey q5,country,Other,M,mean,balance,SA,C,1,0,0,,"No FRED-QD equivalent; FRED-QD carries only the Michigan sentiment index (UMCSENTx), not its individual questions. EC consumer survey question 5: How consumer prices are perceived to have moved over the last 12 months -- perceived inflation.","EU member states only: European Commission Business and Consumer Survey, consumer survey question 5, balance of all consumers, seasonally adjusted (""CONS.AT.TOT.5.BS.M"") -- see R/ec_survey.R. Monthly at source, averaged within the quarter. No FRED-mirror fallback exists for this concept."
consumer_price_expectations,Consumers: inflation expectations,Balance of consumers expecting prices to rise over the next 12 months.,inflation expectations|household inflation expectations|consumer survey q6,country,Other,M,mean,balance,SA,C,1,0,0,,"No FRED-QD equivalent; FRED-QD carries only the Michigan sentiment index (UMCSENTx), not its individual questions. EC consumer survey question 6: How consumer prices are expected to move over the next 12 months, relative to the last 12 -- a qualitative inflation expectation.","EU member states only: European Commission Business and Consumer Survey, consumer survey question 6, balance of all consumers, seasonally adjusted (""CONS.AT.TOT.6.BS.M"") -- see R/ec_survey.R. Monthly at source, averaged within the quarter. No FRED-mirror fallback exists for this concept."
consumer_unemployment_expectations,Consumers: unemployment expectations,Balance of consumers expecting unemployment to rise over the next 12 months.,unemployment fears|job worries|consumer survey q7,country,Other,M,mean,balance,SA,C,1,0,0,,"No FRED-QD equivalent; FRED-QD carries only the Michigan sentiment index (UMCSENTx), not its individual questions. EC consumer survey question 7: How unemployment is expected to change over the next 12 months; a POSITIVE balance means rising unemployment is expected.","EU member states only: European Commission Business and Consumer Survey, consumer survey question 7, balance of all consumers, seasonally adjusted (""CONS.AT.TOT.7.BS.M"") -- see R/ec_survey.R. Monthly at source, averaged within the quarter. No FRED-mirror fallback exists for this concept."
consumer_major_purchases_now,"Consumers: major purchases, right time now",Balance of consumers saying now is the right time to make major purchases.,durable goods purchases|big-ticket purchases|consumer survey q8,country,Other,M,mean,balance,SA,C,1,0,0,,"No FRED-QD equivalent; FRED-QD carries only the Michigan sentiment index (UMCSENTx), not its individual questions. EC consumer survey question 8: Whether now is the right moment to make major purchases (furniture, electrical goods).","EU member states only: European Commission Business and Consumer Survey, consumer survey question 8, balance of all consumers, seasonally adjusted (""CONS.AT.TOT.8.BS.M"") -- see R/ec_survey.R. Monthly at source, averaged within the quarter. No FRED-mirror fallback exists for this concept."
consumer_major_purchases_expected,"Consumers: major purchases, next 12 months",Balance of consumers planning to spend more on major purchases over the next 12 months.,durables spending plans|consumer survey q9,country,Other,M,mean,balance,SA,C,1,0,0,,"No FRED-QD equivalent; FRED-QD carries only the Michigan sentiment index (UMCSENTx), not its individual questions. EC consumer survey question 9: Whether the household expects to spend more or less on major purchases over the next 12 months (a component of consumer_confidence).","EU member states only: European Commission Business and Consumer Survey, consumer survey question 9, balance of all consumers, seasonally adjusted (""CONS.AT.TOT.9.BS.M"") -- see R/ec_survey.R. Monthly at source, averaged within the quarter. No FRED-mirror fallback exists for this concept."
consumer_savings_expected,"Consumers: savings, next 12 months",Balance of consumers likely to save money over the next 12 months.,saving intentions|household saving|consumer survey q11,country,Other,M,mean,balance,SA,C,1,0,0,,"No FRED-QD equivalent; FRED-QD carries only the Michigan sentiment index (UMCSENTx), not its individual questions. EC consumer survey question 11: How likely the household is to save any money over the next 12 months.","EU member states only: European Commission Business and Consumer Survey, consumer survey question 11, balance of all consumers, seasonally adjusted (""CONS.AT.TOT.11.BS.M"") -- see R/ec_survey.R. Monthly at source, averaged within the quarter. No FRED-mirror fallback exists for this concept."
consumer_household_finances_now,Consumers: current financial situation,Balance of consumers describing their household as saving rather than running into debt.,household financial situation|debt or savings|consumer survey q12,country,Other,M,mean,balance,SA,C,1,0,0,,"No FRED-QD equivalent; FRED-QD carries only the Michigan sentiment index (UMCSENTx), not its individual questions. EC consumer survey question 12: Which statement describes the household's current financial situation, from saving a lot to running into debt.","EU member states only: European Commission Business and Consumer Survey, consumer survey question 12, balance of all consumers, seasonally adjusted (""CONS.AT.TOT.12.BS.M"") -- see R/ec_survey.R. Monthly at source, averaged within the quarter. No FRED-mirror fallback exists for this concept."
consumer_home_purchase_intentions,Consumers: intention to buy a home,Balance of consumers likely to buy or build a home over the next 12 months.,home buying intentions|housing demand|house purchase plans|consumer survey q14,country,Other,Q,mean,balance,SA,C,1,0,0,,"No FRED-QD equivalent; FRED-QD carries only the Michigan sentiment index (UMCSENTx), not its individual questions. EC consumer survey question 14: How likely the household is to buy or build a home within the next 12 months -- asked QUARTERLY only.","EU member states only: European Commission Business and Consumer Survey, consumer survey question 14, balance of all consumers, seasonally adjusted (""CONS.AT.TOT.14.BS.Q"") -- see R/ec_survey.R. Quarterly at source, so absent from the monthly panel. No FRED-mirror fallback exists for this concept."
consumer_home_improvement_intentions,Consumers: home improvement plans,Balance of consumers planning to spend on home improvements over the next 12 months.,renovation plans|home renovation|consumer survey q15,country,Other,Q,mean,balance,SA,C,1,0,0,,"No FRED-QD equivalent; FRED-QD carries only the Michigan sentiment index (UMCSENTx), not its individual questions. EC consumer survey question 15: How likely the household is to spend on home improvements over the next 12 months -- asked QUARTERLY only.","EU member states only: European Commission Business and Consumer Survey, consumer survey question 15, balance of all consumers, seasonally adjusted (""CONS.AT.TOT.15.BS.Q"") -- see R/ec_survey.R. Quarterly at source, so absent from the monthly panel. No FRED-mirror fallback exists for this concept."
industry_production_past,"Industry: production trend, past 3 months",Balance of industrial firms reporting rising production over the past three months.,recent production|industry survey q1,country,Industrial Production,M,mean,balance,SA,C,1,0,0,,No FRED-QD equivalent; FRED-QD carries no question-level business survey for industry. EC industry survey question 1: Production trend observed in recent months.,"EU member states only: European Commission Business and Consumer Survey, industry survey question 1, balance, seasonally adjusted (""INDU.AT.TOT.1.BS.M"") -- see R/ec_survey.R. Monthly at source, averaged within the quarter. No FRED-mirror fallback exists for this concept."
industry_order_books,Industry: order books,Balance of industrial firms assessing their order books as above normal.,order backlog|orders|industry survey q2,country,Industrial Production,M,mean,balance,SA,C,1,0,0,,No FRED-QD equivalent; FRED-QD carries no question-level business survey for industry. EC industry survey question 2: Assessment of order-book levels (a component of industrial_confidence).,"EU member states only: European Commission Business and Consumer Survey, industry survey question 2, balance, seasonally adjusted (""INDU.AT.TOT.2.BS.M"") -- see R/ec_survey.R. Monthly at source, averaged within the quarter. No FRED-mirror fallback exists for this concept."
industry_export_order_books,Industry: export order books,Balance of industrial firms assessing their export order books as above normal.,export orders|foreign orders|industry survey q3,country,Industrial Production,M,mean,balance,SA,C,1,0,0,,No FRED-QD equivalent; FRED-QD carries no question-level business survey for industry. EC industry survey question 3: Assessment of export order-book levels.,"EU member states only: European Commission Business and Consumer Survey, industry survey question 3, balance, seasonally adjusted (""INDU.AT.TOT.3.BS.M"") -- see R/ec_survey.R. Monthly at source, averaged within the quarter. No FRED-mirror fallback exists for this concept."
industry_stocks_finished_products,Industry: stocks of finished products,Balance of industrial firms assessing their stocks of finished products as above normal.,inventories survey|finished goods stocks|industry survey q4,country,Industrial Production,M,mean,balance,SA,C,1,0,0,,No FRED-QD equivalent; FRED-QD carries no question-level business survey for industry. EC industry survey question 4: Assessment of stocks of finished products; a POSITIVE balance means stocks are judged too large (enters industrial_confidence with a negative sign).,"EU member states only: European Commission Business and Consumer Survey, industry survey question 4, balance, seasonally adjusted (""INDU.AT.TOT.4.BS.M"") -- see R/ec_survey.R. Monthly at source, averaged within the quarter. No FRED-mirror fallback exists for this concept."
industry_production_expectations,Industry: production expectations,Balance of industrial firms expecting production to rise over the next three months.,production outlook|output expectations|industry survey q5,country,Industrial Production,M,mean,balance,SA,C,1,0,0,,No FRED-QD equivalent; FRED-QD carries no question-level business survey for industry. EC industry survey question 5: Production expectations for the months ahead (a component of industrial_confidence).,"EU member states only: European Commission Business and Consumer Survey, industry survey question 5, balance, seasonally adjusted (""INDU.AT.TOT.5.BS.M"") -- see R/ec_survey.R. Monthly at source, averaged within the quarter. No FRED-mirror fallback exists for this concept."
industry_selling_price_expectations,Industry: selling price expectations,Balance of industrial firms expecting to raise selling prices over the next three months.,price expectations firms|producer price expectations|pricing intentions|industry survey q6,country,Industrial Production,M,mean,balance,SA,C,1,0,0,,No FRED-QD equivalent; FRED-QD carries no question-level business survey for industry. EC industry survey question 6: Selling price expectations for the months ahead -- manufacturers' qualitative price-setting intentions.,"EU member states only: European Commission Business and Consumer Survey, industry survey question 6, balance, seasonally adjusted (""INDU.AT.TOT.6.BS.M"") -- see R/ec_survey.R. Monthly at source, averaged within the quarter. No FRED-mirror fallback exists for this concept."
industry_employment_expectations,Industry: employment expectations,Balance of industrial firms expecting employment to rise over the next three months.,industry hiring plans|industry survey q7,country,Industrial Production,M,mean,balance,SA,C,1,0,0,,No FRED-QD equivalent; FRED-QD carries no question-level business survey for industry. EC industry survey question 7: Employment expectations for the months ahead (an input to the main archive's employment_expectations composite).,"EU member states only: European Commission Business and Consumer Survey, industry survey question 7, balance, seasonally adjusted (""INDU.AT.TOT.7.BS.M"") -- see R/ec_survey.R. Monthly at source, averaged within the quarter. No FRED-mirror fallback exists for this concept."
industry_limits_none,Industry: no factor limiting production,Share of industrial firms reporting no factor limiting production.,no constraints|industry survey q8 none,country,Industrial Production,Q,mean,% of firms,SA,C,1,0,0,,"No FRED-QD equivalent; FRED-QD carries no question-level business survey for industry. EC industry survey question 8: Factors limiting production, answer 'None': the share of firms reporting no constraint.","EU member states only: European Commission Business and Consumer Survey, industry survey question 8, answer F1S, share of firms naming this factor, in per cent, seasonally adjusted (""INDU.AT.TOT.8.F1S.Q"") -- see R/ec_survey.R. Quarterly at source, so absent from the monthly panel. No FRED-mirror fallback exists for this concept."
industry_limits_demand,Industry: production limited by demand,Share of industrial firms naming insufficient demand as limiting production.,demand constraint|weak demand|industry survey q8 demand,country,Industrial Production,Q,mean,% of firms,SA,C,1,0,0,,"No FRED-QD equivalent; FRED-QD carries no question-level business survey for industry. EC industry survey question 8: Factors limiting production, answer 'Demand'.","EU member states only: European Commission Business and Consumer Survey, industry survey question 8, answer F2S, share of firms naming this factor, in per cent, seasonally adjusted (""INDU.AT.TOT.8.F2S.Q"") -- see R/ec_survey.R. Quarterly at source, so absent from the monthly panel. No FRED-mirror fallback exists for this concept."
industry_limits_labour,Industry: production limited by labour shortage,Share of industrial firms naming shortage of labour as limiting production.,labour shortage|labor shortage|skills shortage|worker shortage|industry survey q8 labour,country,Industrial Production,Q,mean,% of firms,SA,C,1,0,0,,"No FRED-QD equivalent; FRED-QD carries no question-level business survey for industry. EC industry survey question 8: Factors limiting production, answer 'Labour'.","EU member states only: European Commission Business and Consumer Survey, industry survey question 8, answer F3S, share of firms naming this factor, in per cent, seasonally adjusted (""INDU.AT.TOT.8.F3S.Q"") -- see R/ec_survey.R. Quarterly at source, so absent from the monthly panel. No FRED-mirror fallback exists for this concept."
industry_limits_material_equipment,Industry: production limited by materials or equipment,Share of industrial firms naming shortage of material and/or equipment as limiting production.,supply bottlenecks|supply chain|material shortage|equipment shortage|industry survey q8 material,country,Industrial Production,Q,mean,% of firms,SA,C,1,0,0,,"No FRED-QD equivalent; FRED-QD carries no question-level business survey for industry. EC industry survey question 8: Factors limiting production, answer 'Shortage of material and/or equipment' -- the supply-bottleneck measure of 2021-22.","EU member states only: European Commission Business and Consumer Survey, industry survey question 8, answer F4S, share of firms naming this factor, in per cent, seasonally adjusted (""INDU.AT.TOT.8.F4S.Q"") -- see R/ec_survey.R. Quarterly at source, so absent from the monthly panel. No FRED-mirror fallback exists for this concept."
industry_limits_other,Industry: production limited by other factors,Share of industrial firms naming other factors as limiting production.,other constraints|industry survey q8 other,country,Industrial Production,Q,mean,% of firms,SA,C,1,0,0,,"No FRED-QD equivalent; FRED-QD carries no question-level business survey for industry. EC industry survey question 8: Factors limiting production, answer 'Other'.","EU member states only: European Commission Business and Consumer Survey, industry survey question 8, answer F5S, share of firms naming this factor, in per cent, seasonally adjusted (""INDU.AT.TOT.8.F5S.Q"") -- see R/ec_survey.R. Quarterly at source, so absent from the monthly panel. No FRED-mirror fallback exists for this concept."
industry_limits_financial,Industry: production limited by financial constraints,Share of industrial firms naming financial constraints as limiting production.,credit constraints|financing constraints|industry survey q8 financial,country,Industrial Production,Q,mean,% of firms,SA,C,1,0,0,,"No FRED-QD equivalent; FRED-QD carries no question-level business survey for industry. EC industry survey question 8: Factors limiting production, answer 'Financial'.","EU member states only: European Commission Business and Consumer Survey, industry survey question 8, answer F6S, share of firms naming this factor, in per cent, seasonally adjusted (""INDU.AT.TOT.8.F6S.Q"") -- see R/ec_survey.R. Quarterly at source, so absent from the monthly panel. No FRED-mirror fallback exists for this concept."
industry_production_capacity,Industry: assessment of production capacity,Balance of industrial firms assessing their current production capacity as more than sufficient.,spare capacity|capacity assessment|industry survey q9,country,Industrial Production,Q,mean,balance,SA,C,1,0,0,,No FRED-QD equivalent; FRED-QD carries no question-level business survey for industry. EC industry survey question 9: Assessment of current production capacity; a POSITIVE balance means capacity is judged more than sufficient.,"EU member states only: European Commission Business and Consumer Survey, industry survey question 9, balance, seasonally adjusted (""INDU.AT.TOT.9.BS.Q"") -- see R/ec_survey.R. Quarterly at source, so absent from the monthly panel. No FRED-mirror fallback exists for this concept."
industry_new_orders_past,"Industry: new orders, past 3 months",Balance of industrial firms reporting rising new orders over the past three months.,new orders|incoming orders|industry survey q11,country,Industrial Production,Q,mean,balance,SA,C,1,0,0,,No FRED-QD equivalent; FRED-QD carries no question-level business survey for industry. EC industry survey question 11: New orders in recent months.,"EU member states only: European Commission Business and Consumer Survey, industry survey question 11, balance, seasonally adjusted (""INDU.AT.TOT.11.BS.Q"") -- see R/ec_survey.R. Quarterly at source, so absent from the monthly panel. No FRED-mirror fallback exists for this concept."
industry_capacity_utilization,Industry: capacity utilisation,"Firms' reported current level of capacity utilisation in industry, in percent.",capacity utilization|utilisation rate|output gap proxy|cumfns|industry survey q13,country,Industrial Production,Q,mean,% of capacity,SA,C,1,0,0,CUMFNS,"FRED-QD's CUMFNS is the Federal Reserve's capacity utilisation for manufacturing, output divided by an estimate of capacity built from production and capital data. The EC measure is survey-based: manufacturers report the percentage of capacity they are currently using (industry survey question 13), asked quarterly.","EU member states only: European Commission Business and Consumer Survey, industry survey question 13, current level of capacity utilisation in per cent, seasonally adjusted (""INDU.AT.TOT.13.QPS.Q"") -- see R/ec_survey.R. Reported by firms rather than estimated from output and capital, and quarterly at source, so absent from the monthly panel. No FRED-mirror fallback exists for this concept."
industry_competitive_position_eu,Industry: competitive position inside the EU,Balance of industrial firms reporting an improved competitive position on markets inside the EU over the past three months.,competitiveness eu|industry survey q15,country,Industrial Production,Q,mean,balance,SA,C,1,0,0,,No FRED-QD equivalent; FRED-QD carries no question-level business survey for industry. EC industry survey question 15: Competitive position on markets inside the EU over the past three months.,"EU member states only: European Commission Business and Consumer Survey, industry survey question 15, balance, seasonally adjusted (""INDU.AT.TOT.15.BS.Q"") -- see R/ec_survey.R. Quarterly at source, so absent from the monthly panel. No FRED-mirror fallback exists for this concept."
industry_competitive_position_outside_eu,Industry: competitive position outside the EU,Balance of industrial firms reporting an improved competitive position on markets outside the EU over the past three months.,competitiveness non-eu|industry survey q16,country,Industrial Production,Q,mean,balance,SA,C,1,0,0,,No FRED-QD equivalent; FRED-QD carries no question-level business survey for industry. EC industry survey question 16: Competitive position on markets outside the EU over the past three months.,"EU member states only: European Commission Business and Consumer Survey, industry survey question 16, balance, seasonally adjusted (""INDU.AT.TOT.16.BS.Q"") -- see R/ec_survey.R. Quarterly at source, so absent from the monthly panel. No FRED-mirror fallback exists for this concept."
services_business_situation_past,"Services: business situation, past 3 months",Balance of services firms reporting an improved business situation over the past three months.,services business climate|services survey q1,country,Other,M,mean,balance,SA,C,1,0,0,,No FRED-QD equivalent; FRED-QD carries no question-level business survey for services. EC services survey question 1: Business situation development over the past 3 months (a component of services_confidence).,"EU member states only: European Commission Business and Consumer Survey, services survey question 1, balance, seasonally adjusted (""SERV.AT.TOT.1.BS.M"") -- see R/ec_survey.R. Monthly at source, averaged within the quarter. No FRED-mirror fallback exists for this concept."
services_demand_past,"Services: demand, past 3 months",Balance of services firms reporting rising demand over the past three months.,services turnover|services survey q2,country,Other,M,mean,balance,SA,C,1,0,0,,No FRED-QD equivalent; FRED-QD carries no question-level business survey for services. EC services survey question 2: Evolution of demand over the past 3 months (a component of services_confidence).,"EU member states only: European Commission Business and Consumer Survey, services survey question 2, balance, seasonally adjusted (""SERV.AT.TOT.2.BS.M"") -- see R/ec_survey.R. Monthly at source, averaged within the quarter. No FRED-mirror fallback exists for this concept."
services_demand_expected,Services: demand expectations,Balance of services firms expecting demand to rise over the next three months.,services outlook|services survey q3,country,Other,M,mean,balance,SA,C,1,0,0,,No FRED-QD equivalent; FRED-QD carries no question-level business survey for services. EC services survey question 3: Expectation of demand over the next 3 months (a component of services_confidence).,"EU member states only: European Commission Business and Consumer Survey, services survey question 3, balance, seasonally adjusted (""SERV.AT.TOT.3.BS.M"") -- see R/ec_survey.R. Monthly at source, averaged within the quarter. No FRED-mirror fallback exists for this concept."
services_employment_expectations,Services: employment expectations,Balance of services firms expecting employment to rise over the next three months.,services hiring plans|services survey q5,country,Other,M,mean,balance,SA,C,1,0,0,,No FRED-QD equivalent; FRED-QD carries no question-level business survey for services. EC services survey question 5: Expectations of employment over the next 3 months.,"EU member states only: European Commission Business and Consumer Survey, services survey question 5, balance, seasonally adjusted (""SERV.AT.TOT.5.BS.M"") -- see R/ec_survey.R. Monthly at source, averaged within the quarter. No FRED-mirror fallback exists for this concept."
services_price_expectations,Services: selling price expectations,Balance of services firms expecting to raise prices over the next three months.,services pricing intentions|services survey q6,country,Other,M,mean,balance,SA,C,1,0,0,,No FRED-QD equivalent; FRED-QD carries no question-level business survey for services. EC services survey question 6: Expectations of the prices charged over the next 3 months.,"EU member states only: European Commission Business and Consumer Survey, services survey question 6, balance, seasonally adjusted (""SERV.AT.TOT.6.BS.M"") -- see R/ec_survey.R. Monthly at source, averaged within the quarter. No FRED-mirror fallback exists for this concept."
services_limits_none,Services: no factor limiting business,Share of services firms reporting no factor limiting their business.,services survey q7 none,country,Other,Q,mean,% of firms,SA,C,1,0,0,,"No FRED-QD equivalent; FRED-QD carries no question-level business survey for services. EC services survey question 7: Factors limiting the business, answer 'None'.","EU member states only: European Commission Business and Consumer Survey, services survey question 7, answer F1S, share of firms naming this factor, in per cent, seasonally adjusted (""SERV.AT.TOT.7.F1S.Q"") -- see R/ec_survey.R. Quarterly at source, so absent from the monthly panel. No FRED-mirror fallback exists for this concept."
services_limits_demand,Services: business limited by demand,Share of services firms naming insufficient demand as limiting their business.,services demand constraint|services survey q7 demand,country,Other,Q,mean,% of firms,SA,C,1,0,0,,"No FRED-QD equivalent; FRED-QD carries no question-level business survey for services. EC services survey question 7: Factors limiting the business, answer 'Demand'.","EU member states only: European Commission Business and Consumer Survey, services survey question 7, answer F2S, share of firms naming this factor, in per cent, seasonally adjusted (""SERV.AT.TOT.7.F2S.Q"") -- see R/ec_survey.R. Quarterly at source, so absent from the monthly panel. No FRED-mirror fallback exists for this concept."
services_limits_labour,Services: business limited by labour shortage,Share of services firms naming shortage of labour as limiting their business.,services labour shortage|services labor shortage|services survey q7 labour,country,Other,Q,mean,% of firms,SA,C,1,0,0,,"No FRED-QD equivalent; FRED-QD carries no question-level business survey for services. EC services survey question 7: Factors limiting the business, answer 'Labour forces'.","EU member states only: European Commission Business and Consumer Survey, services survey question 7, answer F3S, share of firms naming this factor, in per cent, seasonally adjusted (""SERV.AT.TOT.7.F3S.Q"") -- see R/ec_survey.R. Quarterly at source, so absent from the monthly panel. No FRED-mirror fallback exists for this concept."
services_limits_equipment_space,Services: business limited by space or equipment,Share of services firms naming shortage of space and/or equipment as limiting their business.,services capacity constraint|services survey q7 equipment,country,Other,Q,mean,% of firms,SA,C,1,0,0,,"No FRED-QD equivalent; FRED-QD carries no question-level business survey for services. EC services survey question 7: Factors limiting the business, answer 'Equipment and/or Space'.","EU member states only: European Commission Business and Consumer Survey, services survey question 7, answer F4S, share of firms naming this factor, in per cent, seasonally adjusted (""SERV.AT.TOT.7.F4S.Q"") -- see R/ec_survey.R. Quarterly at source, so absent from the monthly panel. No FRED-mirror fallback exists for this concept."
services_limits_financial,Services: business limited by financial constraints,Share of services firms naming financial constraints as limiting their business.,services financing constraints|services survey q7 financial,country,Other,Q,mean,% of firms,SA,C,1,0,0,,"No FRED-QD equivalent; FRED-QD carries no question-level business survey for services. EC services survey question 7: Factors limiting the business, answer 'Financial' (F5S here, where industry's 'Financial' is F6S -- read off the Index sheet).","EU member states only: European Commission Business and Consumer Survey, services survey question 7, answer F5S, share of firms naming this factor, in per cent, seasonally adjusted (""SERV.AT.TOT.7.F5S.Q"") -- see R/ec_survey.R. Quarterly at source, so absent from the monthly panel. No FRED-mirror fallback exists for this concept."
services_limits_other,Services: business limited by other factors,Share of services firms naming other factors as limiting their business.,services survey q7 other,country,Other,Q,mean,% of firms,SA,C,1,0,0,,"No FRED-QD equivalent; FRED-QD carries no question-level business survey for services. EC services survey question 7: Factors limiting the business, answer 'Other'.","EU member states only: European Commission Business and Consumer Survey, services survey question 7, answer F6S, share of firms naming this factor, in per cent, seasonally adjusted (""SERV.AT.TOT.7.F6S.Q"") -- see R/ec_survey.R. Quarterly at source, so absent from the monthly panel. No FRED-mirror fallback exists for this concept."
services_capacity_utilization,Services: capacity utilisation,"Services firms' reported current level of capacity utilisation, in percent.",services utilization|services survey q8,country,Other,Q,mean,% of capacity,SA,C,1,0,0,,"No FRED-QD equivalent; FRED-QD carries no question-level business survey for services. EC services survey question 8: Current level of capacity utilisation in services, in per cent.","EU member states only: European Commission Business and Consumer Survey, services survey question 8, capacity utilisation in per cent, seasonally adjusted (""SERV.AT.TOT.8.QPS.Q"") -- see R/ec_survey.R. Quarterly at source, so absent from the monthly panel. No FRED-mirror fallback exists for this concept."
retail_business_activity_past,"Retail: business activity, past 3 months",Balance of retailers reporting improved business activity (sales) over the past three months.,retail sales survey|retail survey q1,country,Other,M,mean,balance,SA,C,1,0,0,,No FRED-QD equivalent; FRED-QD carries no question-level business survey for retail trade. EC retail trade survey question 1: Business activity (sales) development over the past 3 months (a component of retail_confidence).,"EU member states only: European Commission Business and Consumer Survey, retail trade survey question 1, balance, seasonally adjusted (""RETA.AT.TOT.1.BS.M"") -- see R/ec_survey.R. Monthly at source, averaged within the quarter. No FRED-mirror fallback exists for this concept."
retail_stocks,Retail: volume of stocks,Balance of retailers assessing their stocks as above normal.,retail inventories|retail survey q2,country,Other,M,mean,balance,SA,C,1,0,0,,No FRED-QD equivalent; FRED-QD carries no question-level business survey for retail trade. EC retail trade survey question 2: Volume of stock currently held; a POSITIVE balance means stocks are judged too large (enters retail_confidence with a negative sign).,"EU member states only: European Commission Business and Consumer Survey, retail trade survey question 2, balance, seasonally adjusted (""RETA.AT.TOT.2.BS.M"") -- see R/ec_survey.R. Monthly at source, averaged within the quarter. No FRED-mirror fallback exists for this concept."
retail_orders_expected,"Retail: orders placed with suppliers, expected",Balance of retailers expecting to place more orders with suppliers over the next three months.,retail orders|retail survey q3,country,Other,M,mean,balance,SA,C,1,0,0,,No FRED-QD equivalent; FRED-QD carries no question-level business survey for retail trade. EC retail trade survey question 3: Orders placed with suppliers expected over the next 3 months.,"EU member states only: European Commission Business and Consumer Survey, retail trade survey question 3, balance, seasonally adjusted (""RETA.AT.TOT.3.BS.M"") -- see R/ec_survey.R. Monthly at source, averaged within the quarter. No FRED-mirror fallback exists for this concept."
retail_business_activity_expected,Retail: business activity expectations,Balance of retailers expecting business activity to improve over the next three months.,retail outlook|retail survey q4,country,Other,M,mean,balance,SA,C,1,0,0,,No FRED-QD equivalent; FRED-QD carries no question-level business survey for retail trade. EC retail trade survey question 4: Business activity expectations over the next 3 months (a component of retail_confidence).,"EU member states only: European Commission Business and Consumer Survey, retail trade survey question 4, balance, seasonally adjusted (""RETA.AT.TOT.4.BS.M"") -- see R/ec_survey.R. Monthly at source, averaged within the quarter. No FRED-mirror fallback exists for this concept."
retail_employment_expectations,Retail: employment expectations,Balance of retailers expecting employment to rise over the next three months.,retail hiring plans|retail survey q5,country,Other,M,mean,balance,SA,C,1,0,0,,No FRED-QD equivalent; FRED-QD carries no question-level business survey for retail trade. EC retail trade survey question 5: Employment expectations over the next 3 months.,"EU member states only: European Commission Business and Consumer Survey, retail trade survey question 5, balance, seasonally adjusted (""RETA.AT.TOT.5.BS.M"") -- see R/ec_survey.R. Monthly at source, averaged within the quarter. No FRED-mirror fallback exists for this concept."
retail_price_expectations,Retail: selling price expectations,Balance of retailers expecting to raise prices over the next three months.,retail pricing intentions|retail survey q6,country,Other,M,mean,balance,SA,C,1,0,0,,No FRED-QD equivalent; FRED-QD carries no question-level business survey for retail trade. EC retail trade survey question 6: Selling price expectations over the next 3 months.,"EU member states only: European Commission Business and Consumer Survey, retail trade survey question 6, balance, seasonally adjusted (""RETA.AT.TOT.6.BS.M"") -- see R/ec_survey.R. Monthly at source, averaged within the quarter. No FRED-mirror fallback exists for this concept."
construction_activity_past,"Construction: building activity, past 3 months",Balance of construction firms reporting rising building activity over the past three months.,construction output survey|construction survey q1,country,Housing,M,mean,balance,SA,C,1,0,0,,No FRED-QD equivalent; FRED-QD carries no question-level business survey for construction. EC construction survey question 1: Building activity development over the past 3 months.,"EU member states only: European Commission Business and Consumer Survey, construction survey question 1, balance, seasonally adjusted (""BUIL.AT.TOT.1.BS.M"") -- see R/ec_survey.R. Monthly at source, averaged within the quarter. No FRED-mirror fallback exists for this concept."
construction_limits_none,Construction: no factor limiting building activity,Share of construction firms reporting no factor limiting their building activity.,construction survey q2 none,country,Housing,M,mean,% of firms,SA,C,1,0,0,,"No FRED-QD equivalent; FRED-QD carries no question-level business survey for construction. EC construction survey question 2: Main factors currently limiting building activity, answer 'None'.","EU member states only: European Commission Business and Consumer Survey, construction survey question 2, answer F1S, share of firms naming this factor, in per cent, seasonally adjusted (""BUIL.AT.TOT.2.F1S.M"") -- see R/ec_survey.R. Monthly at source, averaged within the quarter. No FRED-mirror fallback exists for this concept."
construction_limits_demand,Construction: activity limited by demand,Share of construction firms naming insufficient demand as limiting their building activity.,construction demand constraint|construction survey q2 demand,country,Housing,M,mean,% of firms,SA,C,1,0,0,,"No FRED-QD equivalent; FRED-QD carries no question-level business survey for construction. EC construction survey question 2: Main factors currently limiting building activity, answer 'Insufficient demand'.","EU member states only: European Commission Business and Consumer Survey, construction survey question 2, answer F2S, share of firms naming this factor, in per cent, seasonally adjusted (""BUIL.AT.TOT.2.F2S.M"") -- see R/ec_survey.R. Monthly at source, averaged within the quarter. No FRED-mirror fallback exists for this concept."
construction_limits_labour,Construction: activity limited by labour shortage,Share of construction firms naming shortage of labour as limiting their building activity.,construction labour shortage|construction labor shortage|construction survey q2 labour,country,Housing,M,mean,% of firms,SA,C,1,0,0,,"No FRED-QD equivalent; FRED-QD carries no question-level business survey for construction. EC construction survey question 2: Main factors currently limiting building activity, answer 'Shortage of labour force'.","EU member states only: European Commission Business and Consumer Survey, construction survey question 2, answer F4S, share of firms naming this factor, in per cent, seasonally adjusted (""BUIL.AT.TOT.2.F4S.M"") -- see R/ec_survey.R. Monthly at source, averaged within the quarter. No FRED-mirror fallback exists for this concept."
construction_limits_material_equipment,Construction: activity limited by materials or equipment,Share of construction firms naming shortage of material and/or equipment as limiting their building activity.,construction material shortage|construction supply bottlenecks|construction survey q2 material,country,Housing,M,mean,% of firms,SA,C,1,0,0,,"No FRED-QD equivalent; FRED-QD carries no question-level business survey for construction. EC construction survey question 2: Main factors currently limiting building activity, answer 'Shortage of material and/or equipment'.","EU member states only: European Commission Business and Consumer Survey, construction survey question 2, answer F5S, share of firms naming this factor, in per cent, seasonally adjusted (""BUIL.AT.TOT.2.F5S.M"") -- see R/ec_survey.R. Monthly at source, averaged within the quarter. No FRED-mirror fallback exists for this concept."
construction_limits_other,Construction: activity limited by other factors,Share of construction firms naming other factors as limiting their building activity.,construction survey q2 other,country,Housing,M,mean,% of firms,SA,C,1,0,0,,"No FRED-QD equivalent; FRED-QD carries no question-level business survey for construction. EC construction survey question 2: Main factors currently limiting building activity, answer 'Other factors'.","EU member states only: European Commission Business and Consumer Survey, construction survey question 2, answer F6S, share of firms naming this factor, in per cent, seasonally adjusted (""BUIL.AT.TOT.2.F6S.M"") -- see R/ec_survey.R. Monthly at source, averaged within the quarter. No FRED-mirror fallback exists for this concept."
construction_limits_financial,Construction: activity limited by financial constraints,Share of construction firms naming financial constraints as limiting their building activity.,construction financing constraints|construction survey q2 financial,country,Housing,M,mean,% of firms,SA,C,1,0,0,,"No FRED-QD equivalent; FRED-QD carries no question-level business survey for construction. EC construction survey question 2: Main factors currently limiting building activity, answer 'Financial constraints'.","EU member states only: European Commission Business and Consumer Survey, construction survey question 2, answer F7S, share of firms naming this factor, in per cent, seasonally adjusted (""BUIL.AT.TOT.2.F7S.M"") -- see R/ec_survey.R. Monthly at source, averaged within the quarter. No FRED-mirror fallback exists for this concept."
construction_order_books,Construction: order books,Balance of construction firms assessing their order books as above normal.,construction orders|construction backlog|construction survey q3,country,Housing,M,mean,balance,SA,C,1,0,0,,No FRED-QD equivalent; FRED-QD carries no question-level business survey for construction. EC construction survey question 3: Evolution of current overall order books (a component of construction_confidence).,"EU member states only: European Commission Business and Consumer Survey, construction survey question 3, balance, seasonally adjusted (""BUIL.AT.TOT.3.BS.M"") -- see R/ec_survey.R. Monthly at source, averaged within the quarter. No FRED-mirror fallback exists for this concept."
construction_employment_expectations,Construction: employment expectations,Balance of construction firms expecting employment to rise over the next three months.,construction hiring plans|construction survey q4,country,Housing,M,mean,balance,SA,C,1,0,0,,No FRED-QD equivalent; FRED-QD carries no question-level business survey for construction. EC construction survey question 4: Employment expectations over the next 3 months (a component of construction_confidence).,"EU member states only: European Commission Business and Consumer Survey, construction survey question 4, balance, seasonally adjusted (""BUIL.AT.TOT.4.BS.M"") -- see R/ec_survey.R. Monthly at source, averaged within the quarter. No FRED-mirror fallback exists for this concept."
construction_price_expectations,Construction: price expectations,Balance of construction firms expecting to raise prices over the next three months.,construction prices outlook|building costs expectations|construction survey q5,country,Housing,M,mean,balance,SA,C,1,0,0,,No FRED-QD equivalent; FRED-QD carries no question-level business survey for construction. EC construction survey question 5: Prices expectations over the next 3 months.,"EU member states only: European Commission Business and Consumer Survey, construction survey question 5, balance, seasonally adjusted (""BUIL.AT.TOT.5.BS.M"") -- see R/ec_survey.R. Monthly at source, averaged within the quarter. No FRED-mirror fallback exists for this concept."
economic_sentiment_indicator,Economic Sentiment Indicator,"European Commission composite of industry, services, consumer, construction and retail confidence, scaled to a long-term mean of 100.",esi|economic sentiment|business and consumer sentiment|overall confidence|business cycle indicator,country,Other,M,mean,"index, long-term mean = 100",SA,C,1,0,0,,"No FRED-QD equivalent; DG ECFIN's own flagship composite indicator (weighted average of industry/services/consumer/retail/construction survey balances), explicitly constructed and empirically validated to track and lead euro-area GDP growth.","EU member states only: European Commission Business and Consumer Survey, Economic Sentiment Indicator (""AT.ESI"") -- see R/ec_survey.R. No FRED-mirror fallback exists for this concept."
services_confidence,Services confidence (EC survey),"European Commission Services Confidence Indicator, a balance of firms' assessments.",services sentiment|services climate|services pmi,country,Other,M,mean,balance,SA,C,1,0,0,,No FRED-QD equivalent; a standard EC sentiment sub-index for the services sector.,"EU member states only: European Commission Business and Consumer Survey, Services Confidence Indicator (""AT.SERV"") -- see R/ec_survey.R. No FRED-mirror fallback exists for this concept."
construction_cost_index,Construction cost index (residential),"Cost to the builder of materials and labour for new residential buildings, not seasonally adjusted.",construction costs|building costs|baukostenindex|input costs construction|residential construction costs,country,Prices,M,mean,index 2021=100,NSA,N,6,2,3,,"No FRED-QD equivalent; FRED-QD carries no construction cost or price index. The US value is FRED's WPUIP2311001, the BLS producer price index for inputs to residential construction, goods (June 1986 = 100, from 1986-06): it prices materials only and excludes labour, so it is narrower than the Eurostat index the EU members carry.","EU member states: Eurostat construction cost index for new residential buildings (residential buildings except residences for communities, CPA_F41001_X_410014), indic_bt COST, index 2021 = 100, not seasonally adjusted (the only adjustment published) -- the cost to the builder of materials and labour. Monthly from sts_copi_m where Eurostat publishes it (Austria from 1990-01); a country with a quarterly series only has it from sts_copi_q in the quarterly panel and NA in the monthly one (Germany from 2000-Q1) -- see R/construction_costs.R. Checked live 2026-10-04."
construction_producer_prices,Construction producer prices (residential),"Price builders charge for new residential buildings, not seasonally adjusted; its gap to construction_cost_index is the builder's margin.",construction prices|building prices|baupreisindex|output prices construction|residential construction prices,country,Prices,M,mean,index 2021=100,NSA,N,6,2,3,,"No FRED-QD equivalent; FRED-QD carries no construction cost or price index. No US counterpart on a comparable footing is published, so the US value is NA.","EU member states: Eurostat producer price index for new residential buildings (CPA_F41001_X_410014), indic_bt PRC_PRR, index 2021 = 100, not seasonally adjusted -- the price the builder charges, where construction_cost_index is what the builder pays; the gap between the two is the builder's margin. Monthly from sts_copi_m where Eurostat publishes it (Austria from 1990-01); a country with a quarterly series only has it from sts_copi_q in the quarterly panel and NA in the monthly one (Germany from 1970-Q1) -- see R/construction_costs.R. Checked live 2026-10-04."
oil_price,Oil price (WTI),"Spot price of West Texas Intermediate crude oil in US dollars per barrel; one world price, identical in every panel.",crude oil|oil|wti|brent|energy commodity price|oilprice,world,Prices,M,mean,USD per barrel,NSA,N,5,2,3,OILPRICEx,"FRED-QD's OILPRICEx is the real refiner acquisition cost of crude, deflated by core PCE; the series here is the nominal spot price in US dollars, left undeflated because which deflator and which exchange rate belong in front of it is a modelling decision and the panel already carries cpi_index and fx_rate_to_usd for either.","Not country-specific and not intended to be: a barrel of crude has one world price, so this column is identical in every country's panel, as R/gpr.R's global index is for countries the GPR source does not cover separately. It is here because the world oil price is the classic exogenous supply shifter for a small open economy. FRED WTISPLC (spot West Texas Intermediate, monthly from 1946, averaged within the quarter) -- see R/commodities.R, whose header says why WTI rather than Brent."
geopolitical_risk,Geopolitical risk index,"Caldara-Iacoviello Geopolitical Risk index: country-specific where the source has one (DEU, USA), the global index otherwise (AUT).",gpr|geopolitics|war risk|political risk,country,Other,M,mean,index,NSA,C,1,0,0,,"No FRED-QD equivalent; the Caldara-Iacoviello (2022) Geopolitical Risk index, the standard academic/policy measure -- country-specific for the 44 countries the source covers (confirmed: includes DEU/USA, excludes AUT), global index used otherwise (see R/gpr.R).","Caldara and Iacoviello's (2022) Geopolitical Risk index, from matteoiacoviello.com's own published data file -- see R/gpr.R. Genuinely country-specific for the 44 countries the source constructs one for (confirmed: Germany, the United States); the global index is used for every other country (confirmed: Austria), not a country-specific gap in this project's own sourcing."
global_activity,Global real economic activity (Kilian index),"Kilian's index of global real economic activity from dry-bulk freight rates, deviation from trend; identical in every panel.",world economy|global demand|global business cycle|kilian index|igrea,world,Other,M,mean,deviation from trend,NSA,R,1,0,0,,"No FRED-QD equivalent; FRED-QD is a US panel and carries no measure of WORLD activity at all. Kilian's (2009) index of global real economic activity, built from dry cargo ocean freight rates.","Not country-specific and not intended to be, exactly as oil_price is not: there is one world business cycle, so this column is identical in every country's panel. FRED IGREA, monthly from 1968, averaged within the quarter -- see R/global_activity.R. It is expressed in PERCENT DEVIATIONS FROM TREND, so it is signed and roughly half its observations are negative: do not log it and do not take quarter-over-quarter percent changes of it. It is here so that a panel carrying oil_price can separate an oil supply disturbance from an oil demand one, which is the distinction Kilian (2009) exists to make."
financial_stress,Financial stress (CISS),"ECB Composite Indicator of Systemic Stress for the country, bounded between 0 and 1.",ciss|systemic stress|financial conditions|market stress|risk sentiment,country,Other,M,mean,index 0-1,NSA,F,1,0,0,,"No FRED-QD equivalent; FRED-QD has no composite financial stress index. The ECB publishes its country-level Composite Indicator of Systemic Stress for the United States too (REF_AREA=US, confirmed live), so the US panel carries the same construction as every other country rather than a US-specific substitute.","ECB country-level Composite Indicator of Systemic Stress (CISS), dataflow CISS, key D.<cc2>.Z0Z.4F.EC.SS_CIN.IDX -- daily, averaged to calendar quarters, see R/ecb.R. Bounded between 0 and 1 by construction; combines stress measures from several financial market segments, weighting them by their time-varying cross-correlations, so that stress in several segments at once counts for more than stress in one."
world_uncertainty_index,World Uncertainty Index,Ahir-Bloom-Furceri index of how often 'uncertainty' appears in the EIU's reports on the country.,wui|uncertainty|economic uncertainty|policy uncertainty,country,Other,Q,mean,index,NSA,C,1,0,0,,"No FRED-QD equivalent; FRED-QD has no text-based uncertainty index. The US panel uses the same country-level World Uncertainty Index (WUIUSA) as every other country, not the Baker-Bloom-Davis economic policy uncertainty index.","World Uncertainty Index (Ahir, Bloom and Furceri, 2022), the frequency of the word 'uncertainty' and its variants in the Economist Intelligence Unit's country reports -- quarterly and country-specific, via FRED's mirror (mnemonic WUI<ISO3>, e.g. WUIAUT, confirmed live for AUT/DEU/USA), see R/fred_mirror.R. Legitimately 0 in some early quarters in which a short report happens not to use the word, which is why it has a non-negative rather than a positive plausibility category."
share_price_index,Share price index,"Benchmark stock market index: the ATX for Austria, the OECD all-shares index otherwise.",stock market|equities|stock prices|atx|dax|s&p 500|share prices,country,Stock Markets,M,mean,index points,NSA,F,5,2,2,S&P 500,,"Austria: sourced from the ATX (Austrian Traded Index) via Yahoo Finance (ticker ""^ATX""), Austria's own actual benchmark index, NOT the generic OECD MEI 'all shares' proxy used for other countries -- see R/yahoo_finance.R. Falls back to the FRED mirror if the Yahoo Finance fetch is unavailable for a given run."
construction_weather_constraint,Construction: activity limited by weather,"Share of construction firms naming weather conditions as limiting their building activity, seasonally adjusted (so a weather anomaly).",weather|bad weather|weather shock|construction survey q2 weather,country,Housing,M,mean,% of firms,SA,C,1,0,0,,"No FRED-QD equivalent; FRED-QD contains no weather variable of any kind. This is the share of construction firms naming weather as a factor currently limiting their building activity -- weather measured by its reported ECONOMIC effect rather than meteorologically, and the companion concept to construction_confidence from the same survey.","EU member states only: European Commission Business and Consumer Survey, construction survey question 2, answer F3S (""AT.TOT.2.F3S"") -- see R/ec_survey.R. Already seasonally adjusted at source, so it reads as a weather ANOMALY (how unusually obstructive this quarter's weather was) rather than a raw seasonal pattern. No FRED-mirror fallback exists for this concept."
heating_degree_days,Heating degree days,"Heating degree days per period on Eurostat's definition, population-weighted (a flow).",hdd|heating demand|cold weather|temperature|winter severity,country,Other,M,sum,degree days,NSA,R,1,0,0,,"No FRED-QD equivalent; FRED-QD contains no weather variable of any kind. Degree days are the standard quantitative weather input in applied macro (energy demand, gas consumption, construction, the energy trade balance) and are exogenous and essentially never revised, unlike every national-accounts series in this panel.","Monthly heating degree days (the quarterly panel holds the total of each complete quarter) on Eurostat's definition (reference 18 C, counted on days with a mean temperature at or below 15 C). Eurostat's own nrg_chdd_m is used wherever it publishes; because that dataflow runs roughly nine months behind, the pre-1980 history and the recent quarters are filled with an ERA5 series (via the Open-Meteo archive) computed over a population-weighted set of representative cities and level-calibrated to Eurostat over the overlap -- see R/weather.R. Countries with neither a city set nor Eurostat coverage resolve to NA."
cooling_degree_days,Cooling degree days,"Cooling degree days per period on Eurostat's definition, population-weighted (a flow).",cdd|cooling demand|hot weather|heat|temperature|summer heat,country,Other,M,sum,degree days,NSA,R,1,0,0,,"No FRED-QD equivalent; FRED-QD contains no weather variable of any kind. The cooling-side companion to heating_degree_days, and the more informative of the two for a warming climate.","Monthly cooling degree days (the quarterly panel holds the total of each complete quarter) on Eurostat's definition (reference 21 C, counted on days with a mean temperature at or above 24 C -- note the deliberate gap between the reference and threshold temperatures, which is Eurostat's convention and not the single-base-temperature convention common in US work). Same source hierarchy as heating_degree_days; legitimately 0.00 for whole quarters in cooler countries, which is why these two concepts have their own plausibility category."
