label,fred_qd_group,frequency,aggregation,unit,sa,class,tcode_fred,tcode_lt,tcode_ht,fred_qd_mnemonic,provider,key,first,last,n_obs
real_gdp,Output and Income,Q,mean,"EUR mn, chain-linked volume",SCA,R,5,2,2,GDPC1,EUROSTAT,namq_10_gdp:B1GQ (extended pre-1995 with level-spliced OECD_QNA:S1.B1GQ),1960-Q1,2026-Q2,266
real_household_consumption,Output and Income,Q,mean,"EUR mn, chain-linked volume",SCA,R,5,2,2,PCECC96,EUROSTAT,namq_10_gdp:P31_S14 (extended pre-1995 with level-spliced OECD_QNA:S1M.P3),1960-Q1,2026-Q2,266
real_govt_consumption,Output and Income,Q,mean,"EUR mn, chain-linked volume",SCA,R,5,2,2,GCEC1,EUROSTAT,namq_10_gdp:P3_S13 (extended pre-1995 with level-spliced OECD_QNA:S13.P3),1960-Q1,2026-Q2,266
real_gfcf_total,Output and Income,Q,mean,"EUR mn, chain-linked volume",SCA,R,5,2,2,FPIx,EUROSTAT,namq_10_gdp:P51G (extended pre-1995 with level-spliced OECD_QNA:.P51G),1960-Q1,2026-Q2,266
real_exports,Output and Income,Q,mean,"EUR mn, chain-linked volume",SCA,R,5,2,2,EXPGSC1,EUROSTAT,namq_10_gdp:P6 (extended pre-1995 with level-spliced OECD_QNA:S1.P6),1960-Q1,2026-Q2,266
real_imports,Output and Income,Q,mean,"EUR mn, chain-linked volume",SCA,R,5,2,2,IMPGSC1,EUROSTAT,namq_10_gdp:P7 (extended pre-1995 with level-spliced OECD_QNA:S1.P7),1960-Q1,2026-Q2,266
inventory_change_to_gdp,Output and Income,Q,mean,% of GDP,SCA,R,1,0,0,A014RE1Q156NBEA,EUROSTAT,namq_10_gdp:Q.PC_GDP.SCA.P52.DE,1991-Q1,2026-Q2,142
real_household_disposable_income,Output and Income,Q,mean,"national currency, volume",SCA,R,5,2,2,DPIC96,,,,,0
industrial_production,Industrial Production,M,mean,index 2021=100,SCA,R,5,2,2,INDPRO,EUROSTAT_STS,"sts_inpr_m:M.PRD.B-D.SCA.I21.DE (OECD MEI mirror's earlier history spliced on, rescaled to this base)",1960-M01,2026-M07,799
industrial_confidence,Industrial Production,M,mean,balance,SA,C,1,0,0,,EC_BCS,DE.INDU,1985-M01,2026-M09,501
unemployment_rate,Employment and Unemployment,M,mean,% of labour force,SA,R,2,4,4,UNRATE,EUROSTAT_STS,"une_rt_m:M.SA.TOTAL.PC_ACT.T.DE (OECD MEI mirror fills earlier months unchanged, same units)",1991-M01,2026-M08,428
employment_rate,Employment and Unemployment,Q,mean,% of population 15-64,SA,R,2,4,4,,FRED_MIRROR,LREM64TTDEQ156S,2005-Q1,2026-Q2,86
hours_worked,Employment and Unemployment,Q,mean,mn hours,SCA,R,5,2,2,HOANBS,EUROSTAT_NA,namq_10_a10_e:Q.THS_HW.TOTAL.SCA.EMP_DC.DE,1991-Q1,2026-Q2,142
population,Employment and Unemployment,Q,mean,thousand persons,SCA,R,5,2,2,,EUROSTAT_POP,namq_10_pe:Q.THS_PER.SCA.POP_NC.DE,1991-Q1,2026-Q2,142
employment_expectations,Employment and Unemployment,M,mean,index,SA,C,1,0,0,,EC_BCS,DE.EEI,1985-M01,2026-M09,423
house_price_real,Housing,Q,mean,index,NSA,R,5,2,2,USSTHPI,FRED_MIRROR,QDER628BIS,1970-Q1,2026-Q1,225
construction_confidence,Housing,M,mean,balance,SA,C,1,0,0,,EC_BCS,DE.BUIL,1985-M01,2026-M09,501
retail_sales_volume,"Inventories, Orders, and Sales",M,mean,index 2021=100,SCA,R,5,2,2,RSAFSx,EUROSTAT_STS,"sts_trtu_m:M.VOL_SLS.G47.SCA.I21.DE (OECD MEI mirror's earlier history spliced on, rescaled to this base)",1960-M01,2026-M08,800
retail_confidence,"Inventories, Orders, and Sales",M,mean,balance,SA,C,1,0,0,,EC_BCS,DE.RETA,1985-M01,2026-M09,501
cpi_index,Prices,M,mean,index 2025=100,NSA,N,6,2,3,CPIAUCSL,EUROSTAT_HICP,prc_hicp_minr:M.I25.TOTAL.DE,1996-M01,2026-M09,369
core_cpi_index,Prices,M,mean,index 2025=100,NSA,N,6,2,3,CPILFESL,EUROSTAT_HICP,prc_hicp_minr:M.I25.TOT_X_NRG_FOOD.DE,1996-M01,2026-M09,369
food_price_index,Prices,M,mean,index 2025=100,NSA,N,6,2,3,,EUROSTAT_HICP,prc_hicp_minr:M.I25.CP01.DE,1996-M01,2026-M08,368
energy_price_index,Prices,M,mean,index 2025=100,NSA,N,6,2,3,,EUROSTAT_HICP,prc_hicp_minr:M.I25.NRG.DE,1996-M01,2026-M09,369
services_price_index,Prices,M,mean,index 2025=100,NSA,N,6,2,3,CUSR0000SAS,EUROSTAT_HICP,prc_hicp_minr:M.I25.SERV.DE,1996-M01,2026-M09,369
unit_labor_cost,Earnings and Productivity,Q,mean,index 2010=100,SCA,N,5,2,3,ULCNFB,EUROSTAT_ULC,namq_10_lp_ulc:Q.I10.SCA.NULC_HW.DE,1991-Q1,2026-Q2,142
long_term_rate,Interest Rates,M,mean,% p.a.,NSA,F,2,4,4,GS10,FRED_MIRROR,IRLTLT01DEM156N,1960-M01,2026-M08,800
short_term_rate,Interest Rates,M,mean,% p.a.,NSA,F,2,4,4,TB3MS,FRED_MIRROR,IR3TIB01DEM156N,1960-M01,2026-M08,800
mortgage_rate,Interest Rates,M,mean,% p.a.,NSA,F,2,4,4,MORTGAGE30US,ECB_MIR,A2C.R.A.2250.EUR.N,2000-M01,2026-M08,320
mortgage_rate_pure_new_loans,Interest Rates,M,mean,% p.a.,NSA,F,2,4,4,,ECB_MIR,A2C.R.A.2250.EUR.P,2014-M12,2026-M08,141
mortgage_rate_oenb,Interest Rates,M,mean,% p.a.,NSA,F,2,4,4,,,,,,0
credit_to_private_nonfin_sector,Money and Credit,Q,mean,% of GDP,NSA,N,2,4,4,,BIS_WSTC,Q.DE.P.A.M.770.A,1960-Q4,2025-Q4,261
household_mortgage_loans,Money and Credit,M,mean,"EUR mn, outstanding",NSA,N,5,2,3,REALLNx,ECB_BSI,A22T.A.1.U6.2250.Z01.E,2009-M12,2026-M08,201
mortgage_new_lending,Money and Credit,M,sum,EUR mn per period,NSA,N,5,2,2,,ECB_MIR,A2C.B.A.2250.EUR.P,2014-M12,2026-M08,141
mortgage_new_lending_oenb,Money and Credit,M,sum,EUR mn per period,NSA,N,5,2,2,,,,,,0
euro_area_household_net_worth_growth,Household Balance Sheets,Q,mean,% change,NSA,F,1,0,0,TNWBSHNOx,ECB_QSA_PUB,I8,2000-Q1,2022-Q4,92
household_credit_to_gdp,Household Balance Sheets,Q,mean,% of GDP,NSA,N,2,4,4,,BIS_WSTC,Q.DE.H.A.M.770.A,1970-Q4,2025-Q4,221
corporate_credit_to_gdp,Non-Household Balance Sheets,Q,mean,% of GDP,NSA,N,2,4,4,,BIS_WSTC,Q.DE.N.A.M.770.A,1970-Q4,2025-Q4,221
government_debt_to_gdp,Non-Household Balance Sheets,Q,mean,% of GDP,NSA,N,2,4,4,GFDEGDQ188S,BIS_WSTC,Q.DE.G.A.N.770.A,2000-Q1,2025-Q4,104
government_primary_balance_to_gdp,Non-Household Balance Sheets,Q,mean,% of GDP,NSA,N,1,0,0,,EUROSTAT_GOV,gov_10q_ggnfa:Q.PC_GDP.NSA.S13.B9+D41PAY.DE,2002-Q1,2026-Q1,97
fx_rate_to_usd,Exchange Rates,M,mean,national currency per USD,NSA,F,5,2,2,,FRED_MIRROR,CCUSMA02DEM618N,1960-M01,2026-M08,800
real_effective_exchange_rate,Exchange Rates,M,mean,index 2015=100,NSA,F,5,2,2,TWEXAFEGSMTHx,FRED_MIRROR,CCRETT01DEM661N,1970-M01,2026-M08,680
consumer_confidence,Other,M,mean,balance,SA,C,1,0,0,UMCSENTx,EC_BCS,DE.CONS (OECD MEI mirror dropped: it measures a different statistic),1985-M01,2026-M09,501
consumer_financial_situation_past,Other,M,mean,balance,SA,C,1,0,0,,EC_BCS,CONS.DE.TOT.1.BS.M,1985-M01,2026-M09,501
consumer_financial_situation_expected,Other,M,mean,balance,SA,C,1,0,0,,EC_BCS,CONS.DE.TOT.2.BS.M,1985-M01,2026-M09,501
consumer_economic_situation_past,Other,M,mean,balance,SA,C,1,0,0,,EC_BCS,CONS.DE.TOT.3.BS.M,1985-M01,2026-M09,501
consumer_economic_situation_expected,Other,M,mean,balance,SA,C,1,0,0,,EC_BCS,CONS.DE.TOT.4.BS.M,1985-M01,2026-M09,501
consumer_price_trends_past,Other,M,mean,balance,SA,C,1,0,0,,EC_BCS,CONS.DE.TOT.5.BS.M,1985-M01,2026-M09,501
consumer_price_expectations,Other,M,mean,balance,SA,C,1,0,0,,EC_BCS,CONS.DE.TOT.6.BS.M,1985-M01,2026-M09,501
consumer_unemployment_expectations,Other,M,mean,balance,SA,C,1,0,0,,EC_BCS,CONS.DE.TOT.7.BS.M,1985-M01,2026-M09,501
consumer_major_purchases_now,Other,M,mean,balance,SA,C,1,0,0,,EC_BCS,CONS.DE.TOT.8.BS.M,1985-M01,2026-M09,501
consumer_major_purchases_expected,Other,M,mean,balance,SA,C,1,0,0,,EC_BCS,CONS.DE.TOT.9.BS.M,1985-M01,2026-M09,501
consumer_savings_expected,Other,M,mean,balance,SA,C,1,0,0,,EC_BCS,CONS.DE.TOT.11.BS.M,1985-M01,2026-M09,501
consumer_household_finances_now,Other,M,mean,balance,SA,C,1,0,0,,EC_BCS,CONS.DE.TOT.12.BS.M,1985-M01,2026-M09,501
consumer_home_purchase_intentions,Other,Q,mean,balance,SA,C,1,0,0,,EC_BCS,CONS.DE.TOT.14.BS.Q,1990-Q1,2026-Q3,147
consumer_home_improvement_intentions,Other,Q,mean,balance,SA,C,1,0,0,,EC_BCS,CONS.DE.TOT.15.BS.Q,1990-Q1,2026-Q3,147
industry_production_past,Industrial Production,M,mean,balance,SA,C,1,0,0,,EC_BCS,INDU.DE.TOT.1.BS.M,1985-M01,2026-M09,501
industry_order_books,Industrial Production,M,mean,balance,SA,C,1,0,0,,EC_BCS,INDU.DE.TOT.2.BS.M,1985-M01,2026-M09,501
industry_export_order_books,Industrial Production,M,mean,balance,SA,C,1,0,0,,EC_BCS,INDU.DE.TOT.3.BS.M,1985-M01,2026-M09,501
industry_stocks_finished_products,Industrial Production,M,mean,balance,SA,C,1,0,0,,EC_BCS,INDU.DE.TOT.4.BS.M,1985-M01,2026-M09,501
industry_production_expectations,Industrial Production,M,mean,balance,SA,C,1,0,0,,EC_BCS,INDU.DE.TOT.5.BS.M,1985-M01,2026-M09,501
industry_selling_price_expectations,Industrial Production,M,mean,balance,SA,C,1,0,0,,EC_BCS,INDU.DE.TOT.6.BS.M,1985-M01,2026-M09,501
industry_employment_expectations,Industrial Production,M,mean,balance,SA,C,1,0,0,,EC_BCS,INDU.DE.TOT.7.BS.M,1985-M01,2026-M09,423
industry_limits_none,Industrial Production,Q,mean,% of firms,SA,C,1,0,0,,EC_BCS,INDU.DE.TOT.8.F1S.Q,1985-Q1,2026-Q3,167
industry_limits_demand,Industrial Production,Q,mean,% of firms,SA,C,1,0,0,,EC_BCS,INDU.DE.TOT.8.F2S.Q,1985-Q1,2026-Q3,167
industry_limits_labour,Industrial Production,Q,mean,% of firms,SA,C,1,0,0,,EC_BCS,INDU.DE.TOT.8.F3S.Q,1985-Q1,2026-Q3,167
industry_limits_material_equipment,Industrial Production,Q,mean,% of firms,SA,C,1,0,0,,EC_BCS,INDU.DE.TOT.8.F4S.Q,1985-Q1,2026-Q3,167
industry_limits_other,Industrial Production,Q,mean,% of firms,SA,C,1,0,0,,EC_BCS,INDU.DE.TOT.8.F5S.Q,1985-Q1,2026-Q3,148
industry_limits_financial,Industrial Production,Q,mean,% of firms,SA,C,1,0,0,,EC_BCS,INDU.DE.TOT.8.F6S.Q,1985-Q1,2026-Q3,124
industry_production_capacity,Industrial Production,Q,mean,balance,SA,C,1,0,0,,EC_BCS,INDU.DE.TOT.9.BS.Q,1985-Q1,2026-Q3,167
industry_new_orders_past,Industrial Production,Q,mean,balance,SA,C,1,0,0,,EC_BCS,INDU.DE.TOT.11.BS.Q,1985-Q1,2026-Q3,167
industry_capacity_utilization,Industrial Production,Q,mean,% of capacity,SA,C,1,0,0,CUMFNS,EC_BCS,INDU.DE.TOT.13.QPS.Q,1985-Q1,2026-Q3,167
industry_competitive_position_eu,Industrial Production,Q,mean,balance,SA,C,1,0,0,,EC_BCS,INDU.DE.TOT.15.BS.Q,1994-Q3,2026-Q3,129
industry_competitive_position_outside_eu,Industrial Production,Q,mean,balance,SA,C,1,0,0,,EC_BCS,INDU.DE.TOT.16.BS.Q,1994-Q3,2026-Q3,129
services_business_situation_past,Other,M,mean,balance,SA,C,1,0,0,,EC_BCS,SERV.DE.TOT.1.BS.M,1995-M04,2026-M09,378
services_demand_past,Other,M,mean,balance,SA,C,1,0,0,,EC_BCS,SERV.DE.TOT.2.BS.M,1995-M04,2026-M09,378
services_demand_expected,Other,M,mean,balance,SA,C,1,0,0,,EC_BCS,SERV.DE.TOT.3.BS.M,1995-M04,2026-M09,378
services_employment_expectations,Other,M,mean,balance,SA,C,1,0,0,,EC_BCS,SERV.DE.TOT.5.BS.M,2001-M02,2026-M09,308
services_price_expectations,Other,M,mean,balance,SA,C,1,0,0,,EC_BCS,SERV.DE.TOT.6.BS.M,2003-M04,2026-M09,282
services_limits_none,Other,Q,mean,% of firms,SA,C,1,0,0,,EC_BCS,SERV.DE.TOT.7.F1S.Q,2003-Q3,2026-Q3,93
services_limits_demand,Other,Q,mean,% of firms,SA,C,1,0,0,,EC_BCS,SERV.DE.TOT.7.F2S.Q,2003-Q3,2026-Q3,93
services_limits_labour,Other,Q,mean,% of firms,SA,C,1,0,0,,EC_BCS,SERV.DE.TOT.7.F3S.Q,2003-Q3,2026-Q3,93
services_limits_equipment_space,Other,Q,mean,% of firms,SA,C,1,0,0,,EC_BCS,SERV.DE.TOT.7.F4S.Q,2003-Q3,2026-Q3,93
services_limits_financial,Other,Q,mean,% of firms,SA,C,1,0,0,,EC_BCS,SERV.DE.TOT.7.F5S.Q,2003-Q3,2026-Q3,93
services_limits_other,Other,Q,mean,% of firms,SA,C,1,0,0,,EC_BCS,SERV.DE.TOT.7.F6S.Q,2003-Q3,2026-Q3,93
services_capacity_utilization,Other,Q,mean,% of capacity,SA,C,1,0,0,,EC_BCS,SERV.DE.TOT.8.QPS.Q,2011-Q1,2026-Q3,63
retail_business_activity_past,Other,M,mean,balance,SA,C,1,0,0,,EC_BCS,RETA.DE.TOT.1.BS.M,1985-M01,2026-M09,501
retail_stocks,Other,M,mean,balance,SA,C,1,0,0,,EC_BCS,RETA.DE.TOT.2.BS.M,1985-M01,2026-M09,501
retail_orders_expected,Other,M,mean,balance,SA,C,1,0,0,,EC_BCS,RETA.DE.TOT.3.BS.M,1985-M02,2026-M09,500
retail_business_activity_expected,Other,M,mean,balance,SA,C,1,0,0,,EC_BCS,RETA.DE.TOT.4.BS.M,1985-M01,2026-M09,501
retail_employment_expectations,Other,M,mean,balance,SA,C,1,0,0,,EC_BCS,RETA.DE.TOT.5.BS.M,1985-M04,2026-M09,498
retail_price_expectations,Other,M,mean,balance,SA,C,1,0,0,,EC_BCS,RETA.DE.TOT.6.BS.M,1991-M01,2026-M09,429
construction_activity_past,Housing,M,mean,balance,SA,C,1,0,0,,EC_BCS,BUIL.DE.TOT.1.BS.M,1985-M01,2026-M09,501
construction_limits_none,Housing,M,mean,% of firms,SA,C,1,0,0,,EC_BCS,BUIL.DE.TOT.2.F1S.M,1991-M01,2026-M09,429
construction_limits_demand,Housing,M,mean,% of firms,SA,C,1,0,0,,EC_BCS,BUIL.DE.TOT.2.F2S.M,1996-M01,2026-M09,369
construction_limits_labour,Housing,M,mean,% of firms,SA,C,1,0,0,,EC_BCS,BUIL.DE.TOT.2.F4S.M,1991-M01,2026-M09,429
construction_limits_material_equipment,Housing,M,mean,% of firms,SA,C,1,0,0,,EC_BCS,BUIL.DE.TOT.2.F5S.M,1991-M01,2026-M09,429
construction_limits_other,Housing,M,mean,% of firms,SA,C,1,0,0,,EC_BCS,BUIL.DE.TOT.2.F6S.M,1991-M01,2026-M09,429
construction_limits_financial,Housing,M,mean,% of firms,SA,C,1,0,0,,EC_BCS,BUIL.DE.TOT.2.F7S.M,1991-M01,2026-M09,429
construction_order_books,Housing,M,mean,balance,SA,C,1,0,0,,EC_BCS,BUIL.DE.TOT.3.BS.M,1985-M01,2026-M09,501
construction_employment_expectations,Housing,M,mean,balance,SA,C,1,0,0,,EC_BCS,BUIL.DE.TOT.4.BS.M,1985-M01,2026-M09,501
construction_price_expectations,Housing,M,mean,balance,SA,C,1,0,0,,EC_BCS,BUIL.DE.TOT.5.BS.M,1985-M01,2026-M09,501
economic_sentiment_indicator,Other,M,mean,"index, long-term mean = 100",SA,C,1,0,0,,EC_BCS,DE.ESI,1985-M01,2026-M09,501
services_confidence,Other,M,mean,balance,SA,C,1,0,0,,EC_BCS,DE.SERV,1995-M04,2026-M09,378
oil_price,Prices,M,mean,USD per barrel,NSA,N,5,2,3,OILPRICEx,FRED,WTISPLC,1960-M01,2026-M08,800
geopolitical_risk,Other,M,mean,index,NSA,C,1,0,0,,GPR,GPRC_DEU,1985-M01,2026-M07,499
global_activity,Other,M,mean,deviation from trend,NSA,R,1,0,0,,FRED,IGREA,1968-M01,2026-M07,703
financial_stress,Other,M,mean,index 0-1,NSA,F,1,0,0,,ECB_CISS,"D.DE.Z0Z.4F.EC.SS_CIN.IDX (daily, averaged within the month)",1980-M01,2026-M09,561
world_uncertainty_index,Other,Q,mean,index,NSA,C,1,0,0,,FRED_MIRROR,WUIDEU,1952-Q2,2026-Q2,297
share_price_index,Stock Markets,M,mean,index points,NSA,F,5,2,2,S&P 500,FRED_MIRROR,SPASTT01DEM661N,1960-M01,2026-M08,800
construction_weather_constraint,Housing,M,mean,% of firms,SA,C,1,0,0,,EC_BCS,BUIL.DE.TOT.2.F3S.M,1991-M01,2026-M09,429
heating_degree_days,Other,M,sum,degree days,NSA,R,1,0,0,,OPEN_METEO,"ERA5, 8-city population-weighted, spliced with Eurostat nrg_chdd_m and level-calibrated to it (x1.029, corr 0.999 over 552 months)",1960-M01,2026-M09,801
cooling_degree_days,Other,M,sum,degree days,NSA,R,1,0,0,,OPEN_METEO,"ERA5, 8-city population-weighted, spliced with Eurostat nrg_chdd_m and level-calibrated to it (x0.698, corr 0.971 over 552 months)",1960-M01,2026-M09,801
