date,real_gdp,real_household_consumption,real_govt_consumption,real_gfcf_total,real_exports,real_imports,real_household_disposable_income,industrial_production,unemployment_rate,employment_rate,house_price_real,retail_sales_volume,cpi_index,unit_labor_cost,long_term_rate,short_term_rate,mortgage_rate,credit_to_private_nonfin_sector,euro_area_household_net_worth_growth,household_credit_to_gdp,corporate_credit_to_gdp,fx_rate_to_usd,real_effective_exchange_rate,consumer_confidence,share_price_index
1919-01-01,NA,NA,NA,NA,NA,NA,NA,4.637457,NA,NA,NA,NA,NA,NA,NA,NA,NA,NA,NA,NA,NA,NA,NA,NA,NA
1919-04-01,NA,NA,NA,NA,NA,NA,NA,4.672977,NA,NA,NA,NA,NA,NA,NA,NA,NA,NA,NA,NA,NA,NA,NA,NA,NA
1919-07-01,NA,NA,NA,NA,NA,NA,NA,5.188239,NA,NA,NA,NA,NA,NA,NA,NA,NA,NA,NA,NA,NA,NA,NA,NA,NA
1919-10-01,NA,NA,NA,NA,NA,NA,NA,5.063901,NA,NA,NA,NA,NA,NA,NA,NA,NA,NA,NA,NA,NA,NA,NA,NA,NA
1920-01-01,NA,NA,NA,NA,NA,NA,NA,5.534721,NA,NA,NA,NA,NA,NA,NA,NA,NA,NA,NA,NA,NA,NA,NA,NA,NA
1920-04-01,NA,NA,NA,NA,NA,NA,NA,5.27709,NA,NA,NA,NA,NA,NA,NA,NA,NA,NA,NA,NA,NA,NA,NA,NA,NA
1920-07-01,NA,NA,NA,NA,NA,NA,NA,5.179384,NA,NA,NA,NA,NA,NA,NA,NA,NA,NA,NA,NA,NA,NA,NA,NA,NA
1920-10-01,NA,NA,NA,NA,NA,NA,NA,4.495309,NA,NA,NA,NA,NA,NA,NA,NA,NA,NA,NA,NA,NA,NA,NA,NA,NA
1921-01-01,NA,NA,NA,NA,NA,NA,NA,3.855642,NA,NA,NA,NA,NA,NA,NA,NA,NA,NA,NA,NA,NA,NA,NA,NA,NA
1921-04-01,NA,NA,NA,NA,NA,NA,NA,3.820122,NA,NA,NA,NA,NA,NA,NA,NA,NA,NA,NA,NA,NA,NA,NA,NA,NA
1921-07-01,NA,NA,NA,NA,NA,NA,NA,3.90894,NA,NA,NA,NA,NA,NA,NA,NA,NA,NA,NA,NA,NA,NA,NA,NA,NA
1921-10-01,NA,NA,NA,NA,NA,NA,NA,4.166571,NA,NA,NA,NA,NA,NA,NA,NA,NA,NA,NA,NA,NA,NA,NA,NA,NA
1922-01-01,NA,NA,NA,NA,NA,NA,NA,4.495309,NA,NA,NA,NA,NA,NA,NA,NA,NA,NA,NA,NA,NA,NA,NA,NA,NA
1922-04-01,NA,NA,NA,NA,NA,NA,NA,4.797348,NA,NA,NA,NA,NA,NA,NA,NA,NA,NA,NA,NA,NA,NA,NA,NA,NA
1922-07-01,NA,NA,NA,NA,NA,NA,NA,5.054979,NA,NA,NA,NA,NA,NA,NA,NA,NA,NA,NA,NA,NA,NA,NA,NA,NA
1922-10-01,NA,NA,NA,NA,NA,NA,NA,5.703534,NA,NA,NA,NA,NA,NA,NA,NA,NA,NA,NA,NA,NA,NA,NA,NA,NA
1923-01-01,NA,NA,NA,NA,NA,NA,NA,5.872314,NA,NA,NA,NA,NA,NA,NA,NA,NA,NA,NA,NA,NA,NA,NA,NA,NA
1923-04-01,NA,NA,NA,NA,NA,NA,NA,6.192131,NA,NA,NA,NA,NA,NA,NA,NA,NA,NA,NA,NA,NA,NA,NA,NA,NA
1923-07-01,NA,NA,NA,NA,NA,NA,NA,6.014462,NA,NA,NA,NA,NA,NA,NA,NA,NA,NA,NA,NA,NA,NA,NA,NA,NA
1923-10-01,NA,NA,NA,NA,NA,NA,NA,5.819017,NA,NA,NA,NA,NA,NA,NA,NA,NA,NA,NA,NA,NA,NA,NA,NA,NA
1924-01-01,NA,NA,NA,NA,NA,NA,NA,5.89898,NA,NA,NA,NA,NA,NA,NA,NA,NA,NA,NA,NA,NA,NA,NA,NA,NA
1924-04-01,NA,NA,NA,NA,NA,NA,NA,5.437015,NA,NA,NA,NA,NA,NA,NA,NA,NA,NA,NA,NA,NA,NA,NA,NA,NA
1924-07-01,NA,NA,NA,NA,NA,NA,NA,5.303755,NA,NA,NA,NA,NA,NA,NA,NA,NA,NA,NA,NA,NA,NA,NA,NA,NA
1924-10-01,NA,NA,NA,NA,NA,NA,NA,5.747943,NA,NA,NA,NA,NA,NA,NA,NA,NA,NA,NA,NA,NA,NA,NA,NA,NA
1925-01-01,NA,NA,NA,NA,NA,NA,NA,6.076681,NA,NA,NA,NA,NA,NA,NA,NA,NA,NA,NA,NA,NA,NA,NA,NA,NA
1925-04-01,NA,NA,NA,NA,NA,NA,NA,6.094425,NA,NA,NA,NA,NA,NA,NA,NA,NA,NA,NA,NA,NA,NA,NA,NA,NA
1925-07-01,NA,NA,NA,NA,NA,NA,NA,6.112202,NA,NA,NA,NA,NA,NA,NA,NA,NA,NA,NA,NA,NA,NA,NA,NA,NA
1925-10-01,NA,NA,NA,NA,NA,NA,NA,6.378721,NA,NA,NA,NA,NA,NA,NA,NA,NA,NA,NA,NA,NA,NA,NA,NA,NA
1926-01-01,NA,NA,NA,NA,NA,NA,NA,6.396465,NA,NA,NA,NA,NA,NA,NA,NA,NA,NA,NA,NA,NA,NA,NA,NA,NA
1926-04-01,NA,NA,NA,NA,NA,NA,NA,6.440907,NA,NA,NA,NA,NA,NA,NA,NA,NA,NA,NA,NA,NA,NA,NA,NA,NA
1926-07-01,NA,NA,NA,NA,NA,NA,NA,6.591943,NA,NA,NA,NA,NA,NA,NA,NA,NA,NA,NA,NA,NA,NA,NA,NA,NA
1926-10-01,NA,NA,NA,NA,NA,NA,NA,6.663017,NA,NA,NA,NA,NA,NA,NA,NA,NA,NA,NA,NA,NA,NA,NA,NA,NA
1927-01-01,NA,NA,NA,NA,NA,NA,NA,6.671873,NA,NA,NA,NA,NA,NA,NA,NA,NA,NA,NA,NA,NA,NA,NA,NA,NA
1927-04-01,NA,NA,NA,NA,NA,NA,NA,6.609687,NA,NA,NA,NA,NA,NA,NA,NA,NA,NA,NA,NA,NA,NA,NA,NA,NA
1927-07-01,NA,NA,NA,NA,NA,NA,NA,6.494171,NA,NA,NA,NA,NA,NA,NA,NA,NA,NA,NA,NA,NA,NA,NA,NA,NA
1927-10-01,NA,NA,NA,NA,NA,NA,NA,6.298791,NA,NA,NA,NA,NA,NA,NA,NA,NA,NA,NA,NA,NA,NA,NA,NA,NA
1928-01-01,NA,NA,NA,NA,NA,NA,NA,6.503092,NA,NA,NA,NA,NA,NA,NA,NA,NA,NA,NA,NA,NA,NA,NA,NA,NA
1928-04-01,NA,NA,NA,NA,NA,NA,NA,6.600799,NA,NA,NA,NA,NA,NA,NA,NA,NA,NA,NA,NA,NA,NA,NA,NA,NA
1928-07-01,NA,NA,NA,NA,NA,NA,NA,6.849541,NA,NA,NA,NA,NA,NA,NA,NA,NA,NA,NA,NA,NA,NA,NA,NA,NA
1928-10-01,NA,NA,NA,NA,NA,NA,NA,7.196023,NA,NA,NA,NA,NA,NA,NA,NA,NA,NA,NA,NA,NA,NA,NA,NA,NA
1929-01-01,NA,NA,NA,NA,NA,NA,NA,7.427022,NA,NA,NA,NA,NA,NA,NA,NA,NA,NA,NA,NA,NA,NA,NA,NA,NA
1929-04-01,NA,NA,NA,NA,NA,NA,NA,7.675764,NA,NA,NA,NA,NA,NA,NA,NA,NA,NA,NA,NA,NA,NA,NA,NA,NA
1929-07-01,NA,NA,NA,NA,NA,NA,NA,7.79128,NA,NA,NA,NA,NA,NA,NA,NA,NA,NA,NA,NA,NA,NA,NA,NA,NA
1929-10-01,NA,NA,NA,NA,NA,NA,NA,7.240465,NA,NA,NA,NA,NA,NA,NA,NA,NA,NA,NA,NA,NA,NA,NA,NA,NA
1930-01-01,NA,NA,NA,NA,NA,NA,NA,6.849574,NA,NA,NA,NA,NA,NA,NA,NA,NA,NA,NA,NA,NA,NA,NA,NA,NA
1930-04-01,NA,NA,NA,NA,NA,NA,NA,6.583055,NA,NA,NA,NA,NA,NA,NA,NA,NA,NA,NA,NA,NA,NA,NA,NA,NA
1930-07-01,NA,NA,NA,NA,NA,NA,NA,6.005574,NA,NA,NA,NA,NA,NA,NA,NA,NA,NA,NA,NA,NA,NA,NA,NA,NA
1930-10-01,NA,NA,NA,NA,NA,NA,NA,5.596907,NA,NA,NA,NA,NA,NA,NA,NA,NA,NA,NA,NA,NA,NA,NA,NA,NA
1931-01-01,NA,NA,NA,NA,NA,NA,NA,5.490312,NA,NA,NA,NA,NA,NA,NA,NA,NA,NA,NA,NA,NA,NA,NA,NA,NA
1931-04-01,NA,NA,NA,NA,NA,NA,NA,5.4992,NA,NA,NA,NA,NA,NA,NA,NA,NA,NA,NA,NA,NA,NA,NA,NA,NA
1931-07-01,NA,NA,NA,NA,NA,NA,NA,5.099422,NA,NA,NA,NA,NA,NA,NA,NA,NA,NA,NA,NA,NA,NA,NA,NA,NA
1931-10-01,NA,NA,NA,NA,NA,NA,NA,4.646345,NA,NA,NA,NA,NA,NA,NA,NA,NA,NA,NA,NA,NA,NA,NA,NA,NA
1932-01-01,NA,NA,NA,NA,NA,NA,NA,4.388681,NA,NA,NA,NA,NA,NA,NA,NA,NA,NA,NA,NA,NA,NA,NA,NA,NA
1932-04-01,NA,NA,NA,NA,NA,NA,NA,3.891196,NA,NA,NA,NA,NA,NA,NA,NA,NA,NA,NA,NA,NA,NA,NA,NA,NA
1932-07-01,NA,NA,NA,NA,NA,NA,NA,3.802345,NA,NA,NA,NA,NA,NA,NA,NA,NA,NA,NA,NA,NA,NA,NA,NA,NA
1932-10-01,NA,NA,NA,NA,NA,NA,NA,4.104385,NA,NA,NA,NA,NA,NA,NA,NA,NA,NA,NA,NA,NA,NA,NA,NA,NA
1933-01-01,NA,NA,NA,NA,NA,NA,NA,3.90894,NA,NA,NA,NA,NA,NA,NA,NA,NA,NA,NA,NA,NA,NA,NA,NA,NA
1933-04-01,NA,NA,NA,NA,NA,NA,NA,4.708531,NA,NA,NA,NA,NA,NA,NA,NA,NA,NA,NA,NA,NA,NA,NA,NA,NA
1933-07-01,NA,NA,NA,NA,NA,NA,NA,5.650204,NA,NA,NA,NA,NA,NA,NA,NA,NA,NA,NA,NA,NA,NA,NA,NA,NA
1933-10-01,NA,NA,NA,NA,NA,NA,NA,4.903976,NA,NA,NA,NA,NA,NA,NA,NA,NA,NA,NA,NA,NA,NA,NA,NA,NA
1934-01-01,NA,NA,NA,NA,NA,NA,NA,5.223793,NA,NA,NA,NA,NA,NA,NA,NA,NA,NA,NA,NA,NA,NA,NA,NA,NA
1934-04-01,NA,NA,NA,NA,NA,NA,NA,5.4992,NA,NA,NA,NA,NA,NA,NA,NA,NA,NA,NA,NA,NA,NA,NA,NA,NA
1934-07-01,NA,NA,NA,NA,NA,NA,NA,4.957273,NA,NA,NA,NA,NA,NA,NA,NA,NA,NA,NA,NA,NA,NA,NA,NA,NA
1934-10-01,NA,NA,NA,NA,NA,NA,NA,5.099389,NA,NA,NA,NA,NA,NA,NA,NA,NA,NA,NA,NA,NA,NA,NA,NA,NA
1935-01-01,NA,NA,NA,NA,NA,NA,NA,5.819017,NA,NA,NA,NA,NA,NA,NA,NA,NA,NA,NA,NA,NA,NA,NA,NA,NA
1935-04-01,NA,NA,NA,NA,NA,NA,NA,5.756798,NA,NA,NA,NA,NA,NA,NA,NA,NA,NA,NA,NA,NA,NA,NA,NA,NA
1935-07-01,NA,NA,NA,NA,NA,NA,NA,6.005574,NA,NA,NA,NA,NA,NA,NA,NA,NA,NA,NA,NA,NA,NA,NA,NA,NA
1935-10-01,NA,NA,NA,NA,NA,NA,NA,6.485315,NA,NA,NA,NA,NA,NA,NA,NA,NA,NA,NA,NA,NA,NA,NA,NA,NA
1936-01-01,NA,NA,NA,NA,NA,NA,NA,6.396498,NA,NA,NA,NA,NA,NA,NA,NA,NA,NA,NA,NA,NA,NA,NA,NA,NA
1936-04-01,NA,NA,NA,NA,NA,NA,NA,6.929503,NA,NA,NA,NA,NA,NA,NA,NA,NA,NA,NA,NA,NA,NA,NA,NA,NA
1936-07-01,NA,NA,NA,NA,NA,NA,NA,7.311539,NA,NA,NA,NA,NA,NA,NA,NA,NA,NA,NA,NA,NA,NA,NA,NA,NA
1936-10-01,NA,NA,NA,NA,NA,NA,NA,7.764582,NA,NA,NA,NA,NA,NA,NA,NA,NA,NA,NA,NA,NA,NA,NA,NA,NA
1937-01-01,NA,NA,NA,NA,NA,NA,NA,8.102208,NA,NA,NA,NA,NA,NA,NA,NA,NA,NA,NA,NA,NA,NA,NA,NA,NA
1937-04-01,NA,NA,NA,NA,NA,NA,NA,8.244356,NA,NA,NA,NA,NA,NA,NA,NA,NA,NA,NA,NA,NA,NA,NA,NA,NA
1937-07-01,NA,NA,NA,NA,NA,NA,NA,8.1110969999999991,NA,NA,NA,NA,NA,NA,NA,NA,NA,NA,NA,NA,NA,NA,NA,NA,NA
1937-10-01,NA,NA,NA,NA,NA,NA,NA,6.654096,NA,NA,NA,NA,NA,NA,NA,NA,NA,NA,NA,NA,NA,NA,NA,NA,NA
1938-01-01,NA,NA,NA,NA,NA,NA,NA,5.854571,NA,NA,NA,NA,NA,NA,NA,NA,NA,NA,NA,NA,NA,NA,NA,NA,NA
1938-04-01,NA,NA,NA,NA,NA,NA,NA,5.659092,NA,NA,NA,NA,NA,NA,NA,NA,NA,NA,NA,NA,NA,NA,NA,NA,NA
1938-07-01,NA,NA,NA,NA,NA,NA,NA,6.245461,NA,NA,NA,NA,NA,NA,NA,NA,NA,NA,NA,NA,NA,NA,NA,NA,NA
1938-10-01,NA,NA,NA,NA,NA,NA,NA,6.840686,NA,NA,NA,NA,NA,NA,NA,NA,NA,NA,NA,NA,NA,NA,NA,NA,NA
1939-01-01,NA,NA,NA,NA,NA,NA,NA,7.027243,NA,NA,NA,NA,NA,NA,NA,NA,NA,NA,NA,NA,NA,NA,NA,NA,NA
1939-04-01,NA,NA,NA,NA,NA,NA,NA,7.071651,NA,NA,NA,NA,NA,NA,NA,NA,NA,NA,NA,NA,NA,NA,NA,NA,NA
1939-07-01,NA,NA,NA,NA,NA,NA,NA,7.60469,NA,NA,NA,NA,NA,NA,NA,NA,NA,NA,NA,NA,NA,NA,NA,NA,NA
1939-10-01,NA,NA,NA,NA,NA,NA,NA,8.484178,NA,NA,NA,NA,NA,NA,NA,NA,NA,NA,NA,NA,NA,NA,NA,NA,NA
1940-01-01,NA,NA,NA,NA,NA,NA,NA,8.208803,NA,NA,NA,NA,NA,NA,NA,NA,NA,NA,NA,NA,NA,NA,NA,NA,NA
1940-04-01,NA,NA,NA,NA,NA,NA,NA,8.404248,NA,NA,NA,NA,NA,NA,NA,NA,NA,NA,NA,NA,NA,NA,NA,NA,NA
1940-07-01,NA,NA,NA,NA,NA,NA,NA,8.866213,NA,NA,NA,NA,NA,NA,NA,NA,NA,NA,NA,NA,NA,NA,NA,NA,NA
1940-10-01,NA,NA,NA,NA,NA,NA,NA,9.390364,NA,NA,NA,NA,NA,NA,NA,NA,NA,NA,NA,NA,NA,NA,NA,NA,NA
1941-01-01,NA,NA,NA,NA,NA,NA,NA,10.21662,NA,NA,NA,NA,NA,NA,NA,NA,NA,NA,NA,NA,NA,NA,NA,NA,NA
1941-04-01,NA,NA,NA,NA,NA,NA,NA,10.90066,NA,NA,NA,NA,NA,NA,NA,NA,NA,NA,NA,NA,NA,NA,NA,NA,NA
1941-07-01,NA,NA,NA,NA,NA,NA,NA,11.33596,NA,NA,NA,NA,NA,NA,NA,NA,NA,NA,NA,NA,NA,NA,NA,NA,NA
1941-10-01,NA,NA,NA,NA,NA,NA,NA,11.58477,NA,NA,NA,NA,NA,NA,NA,NA,NA,NA,NA,NA,NA,NA,NA,NA,NA
1942-01-01,NA,NA,NA,NA,NA,NA,NA,12.1533,NA,NA,NA,NA,NA,NA,NA,NA,NA,NA,NA,NA,NA,NA,NA,NA,NA
1942-04-01,NA,NA,NA,NA,NA,NA,NA,11.99337,NA,NA,NA,NA,NA,NA,NA,NA,NA,NA,NA,NA,NA,NA,NA,NA,NA
1942-07-01,NA,NA,NA,NA,NA,NA,NA,12.6597,NA,NA,NA,NA,NA,NA,NA,NA,NA,NA,NA,NA,NA,NA,NA,NA,NA
1942-10-01,NA,NA,NA,NA,NA,NA,NA,13.72578,NA,NA,NA,NA,NA,NA,NA,NA,NA,NA,NA,NA,NA,NA,NA,NA,NA
1943-01-01,NA,NA,NA,NA,NA,NA,NA,14.46312,NA,NA,NA,NA,NA,NA,NA,NA,NA,NA,NA,NA,NA,NA,NA,NA,NA
1943-04-01,NA,NA,NA,NA,NA,NA,NA,14.88956,NA,NA,NA,NA,NA,NA,NA,NA,NA,NA,NA,NA,NA,NA,NA,NA,NA
1943-07-01,NA,NA,NA,NA,NA,NA,NA,15.67138,NA,NA,NA,NA,NA,NA,NA,NA,NA,NA,NA,NA,NA,NA,NA,NA,NA
1943-10-01,NA,NA,NA,NA,NA,NA,NA,16.35545,NA,NA,NA,NA,NA,NA,NA,NA,NA,NA,NA,NA,NA,NA,NA,NA,NA
1944-01-01,NA,NA,NA,NA,NA,NA,NA,16.55087,NA,NA,NA,NA,NA,NA,NA,NA,NA,NA,NA,NA,NA,NA,NA,NA,NA
1944-04-01,NA,NA,NA,NA,NA,NA,NA,16.48868,NA,NA,NA,NA,NA,NA,NA,NA,NA,NA,NA,NA,NA,NA,NA,NA,NA
1944-07-01,NA,NA,NA,NA,NA,NA,NA,16.49757,NA,NA,NA,NA,NA,NA,NA,NA,NA,NA,NA,NA,NA,NA,NA,NA,NA
1944-10-01,NA,NA,NA,NA,NA,NA,NA,16.44427,NA,NA,NA,NA,NA,NA,NA,NA,NA,NA,NA,NA,NA,NA,NA,NA,NA
1945-01-01,NA,NA,NA,NA,NA,NA,NA,16.13334,NA,NA,NA,NA,NA,NA,NA,NA,NA,NA,NA,NA,NA,NA,NA,NA,NA
1945-04-01,NA,NA,NA,NA,NA,NA,NA,15.35156,NA,NA,NA,NA,NA,NA,NA,NA,NA,NA,NA,NA,NA,NA,NA,NA,NA
1945-07-01,NA,NA,NA,NA,NA,NA,NA,13.2283,NA,NA,NA,NA,NA,NA,NA,NA,NA,NA,NA,NA,NA,NA,NA,NA,NA
1945-10-01,NA,NA,NA,NA,NA,NA,NA,11.76244,NA,NA,NA,NA,NA,NA,NA,NA,NA,NA,NA,NA,NA,NA,NA,NA,NA
1946-01-01,NA,NA,NA,NA,NA,NA,NA,11.27381,NA,NA,NA,NA,NA,NA,NA,NA,NA,NA,NA,NA,NA,NA,NA,NA,NA
1946-04-01,NA,NA,NA,NA,NA,NA,NA,11.56696,NA,NA,NA,NA,NA,NA,NA,NA,NA,NA,NA,NA,NA,NA,NA,NA,NA
1946-07-01,NA,NA,NA,NA,NA,NA,NA,12.66859,NA,NA,NA,NA,NA,NA,NA,NA,NA,NA,NA,NA,NA,NA,NA,NA,NA
1946-10-01,NA,NA,NA,NA,NA,NA,NA,13.29934,NA,NA,NA,NA,NA,NA,NA,NA,NA,NA,NA,NA,NA,NA,NA,NA,NA
1947-01-01,NA,NA,NA,NA,NA,NA,NA,13.61919,NA,NA,NA,NA,NA,NA,NA,NA,NA,NA,NA,NA,NA,NA,NA,NA,NA
1947-04-01,NA,NA,NA,NA,NA,NA,NA,13.62804,NA,NA,NA,NA,NA,NA,NA,NA,NA,NA,NA,NA,NA,NA,NA,NA,NA
1947-07-01,NA,NA,NA,NA,NA,NA,NA,13.65471,NA,NA,NA,NA,NA,NA,NA,NA,NA,NA,NA,NA,NA,NA,NA,NA,NA
1947-10-01,NA,NA,NA,NA,NA,NA,NA,14.02785,NA,NA,NA,NA,NA,NA,NA,NA,NA,NA,NA,NA,NA,NA,NA,NA,NA
1948-01-01,NA,NA,NA,NA,NA,NA,NA,14.16997,NA,NA,NA,NA,NA,NA,NA,NA,NA,NA,NA,NA,NA,NA,NA,NA,NA
1948-04-01,NA,NA,NA,NA,NA,NA,NA,14.32104,NA,NA,NA,NA,NA,NA,NA,NA,NA,NA,NA,NA,NA,NA,NA,NA,NA
1948-07-01,NA,NA,NA,NA,NA,NA,NA,14.45426,NA,NA,NA,NA,NA,NA,NA,NA,NA,NA,NA,NA,NA,NA,NA,NA,NA
1948-10-01,NA,NA,NA,NA,NA,NA,NA,14.30323,NA,NA,NA,NA,NA,NA,NA,NA,NA,NA,NA,NA,NA,NA,NA,NA,NA
1949-01-01,NA,NA,NA,NA,NA,NA,NA,13.84126,NA,NA,NA,NA,NA,NA,NA,NA,NA,NA,NA,NA,NA,NA,NA,NA,NA
1949-04-01,NA,NA,NA,NA,NA,NA,NA,13.40596,NA,NA,NA,NA,NA,NA,NA,NA,NA,NA,NA,NA,NA,NA,NA,NA,NA
1949-07-01,NA,NA,NA,NA,NA,NA,NA,13.43263,NA,NA,NA,NA,NA,NA,NA,NA,NA,NA,NA,NA,NA,NA,NA,NA,NA
1949-10-01,NA,NA,NA,NA,NA,NA,NA,13.37041,NA,NA,NA,NA,NA,NA,NA,NA,NA,NA,NA,NA,NA,NA,NA,NA,NA
1950-01-01,NA,NA,NA,NA,NA,NA,NA,14.07226,NA,NA,NA,NA,NA,NA,NA,NA,NA,NA,NA,NA,NA,NA,NA,NA,NA
1950-04-01,NA,NA,NA,NA,NA,NA,NA,15.25382,NA,NA,NA,NA,NA,NA,NA,NA,NA,NA,NA,NA,NA,NA,NA,NA,NA
1950-07-01,NA,NA,NA,NA,NA,NA,NA,16.47979,NA,NA,NA,NA,NA,NA,NA,NA,NA,NA,NA,NA,NA,NA,NA,NA,NA
1950-10-01,NA,NA,NA,NA,NA,NA,NA,16.76412,NA,NA,NA,NA,NA,NA,NA,NA,NA,NA,NA,NA,NA,NA,NA,NA,NA
1951-01-01,NA,NA,NA,NA,NA,NA,NA,17.101680000000002,NA,NA,NA,NA,NA,NA,NA,NA,NA,NA,NA,NA,NA,NA,NA,NA,NA
1951-04-01,NA,NA,NA,NA,NA,NA,NA,17.15501,NA,NA,NA,NA,NA,NA,NA,NA,NA,NA,NA,NA,NA,NA,NA,NA,NA
1951-07-01,NA,NA,NA,NA,NA,NA,NA,16.74634,NA,NA,NA,NA,NA,NA,NA,NA,NA,NA,NA,NA,NA,NA,NA,NA,NA
1951-10-01,NA,NA,NA,NA,NA,NA,NA,16.86183,NA,NA,NA,NA,NA,NA,NA,NA,NA,NA,NA,NA,NA,NA,NA,NA,NA
1952-01-01,NA,NA,NA,NA,NA,NA,NA,17.25272,NA,NA,NA,NA,NA,NA,NA,NA,NA,NA,NA,NA,NA,NA,NA,NA,NA
1952-04-01,NA,NA,NA,NA,NA,NA,NA,17.00394,NA,NA,NA,NA,NA,NA,NA,NA,NA,NA,NA,NA,NA,NA,NA,NA,NA
1952-07-01,NA,NA,NA,NA,NA,NA,NA,17.50146,NA,NA,NA,NA,NA,NA,NA,NA,NA,NA,NA,NA,NA,NA,NA,NA,NA
1952-10-01,NA,NA,NA,NA,NA,NA,NA,18.7541,NA,NA,NA,NA,NA,NA,NA,NA,NA,NA,NA,NA,NA,NA,NA,NA,NA
1953-01-01,NA,NA,NA,NA,NA,NA,NA,19.12724,NA,NA,NA,NA,NA,NA,NA,NA,NA,NA,NA,NA,NA,NA,NA,NA,NA
1953-04-01,NA,NA,NA,NA,NA,NA,NA,19.39376,NA,NA,NA,NA,NA,NA,2.9966666667,NA,NA,NA,NA,NA,NA,NA,NA,NA,NA
1953-07-01,NA,NA,NA,NA,NA,NA,NA,19.41154,NA,NA,NA,NA,NA,NA,2.9166666667,NA,NA,NA,NA,NA,NA,NA,NA,NA,NA
1953-10-01,NA,NA,NA,NA,NA,NA,NA,18.4965,NA,NA,NA,NA,NA,NA,2.6433333333,NA,NA,NA,NA,NA,NA,NA,NA,NA,NA
1954-01-01,NA,NA,NA,NA,NA,NA,NA,17.91016,NA,NA,NA,NA,NA,NA,2.44,NA,NA,NA,NA,NA,NA,NA,NA,NA,NA
1954-04-01,NA,NA,NA,NA,NA,NA,NA,17.83909,NA,NA,NA,NA,NA,NA,2.3466666667,NA,NA,NA,NA,NA,NA,NA,NA,NA,NA
1954-07-01,NA,NA,NA,NA,NA,NA,NA,17.92794,NA,NA,NA,NA,NA,NA,2.3466666667,NA,NA,NA,NA,NA,NA,NA,NA,NA,NA
1954-10-01,NA,NA,NA,NA,NA,NA,NA,18.42542,NA,NA,NA,NA,NA,NA,2.4733333333,NA,NA,NA,NA,NA,NA,NA,NA,NA,NA
1955-01-01,NA,NA,NA,NA,NA,NA,NA,19.42043,4.733333,NA,NA,NA,NA,NA,2.6466666667,NA,NA,NA,NA,NA,NA,NA,NA,NA,NA
1955-04-01,NA,NA,NA,NA,NA,NA,NA,20.26439,4.4,NA,NA,NA,0,0.9610885656,2.7633333333,NA,NA,NA,NA,NA,NA,NA,NA,NA,NA
1955-07-01,NA,NA,NA,NA,NA,NA,NA,20.57535,4.1,NA,NA,NA,0.49937578027465,0.525508107,2.9466666667,NA,NA,NA,NA,NA,NA,NA,NA,NA,NA
1955-10-01,NA,NA,NA,NA,NA,NA,NA,21.06395,4.233333,NA,NA,NA,0.12422360248447692,1.7117636468,2.91,NA,NA,NA,NA,NA,NA,NA,NA,NA,NA
1956-01-01,NA,NA,NA,NA,NA,NA,NA,21.14391,4.033333,NA,NA,NA,-0.248138957816374,2.2412025118,2.9,NA,NA,NA,NA,NA,NA,NA,NA,NA,NA
1956-04-01,NA,NA,NA,NA,NA,NA,NA,21.05506,4.2,NA,NA,NA,0.87064676616915,1.1824192528,3.0833333333,NA,NA,NA,NA,NA,NA,NA,NA,NA,NA
1956-07-01,NA,NA,NA,NA,NA,NA,NA,20.93958,4.133333,NA,NA,NA,1.2330456226880502,0.794088906,3.2733333333,NA,NA,NA,NA,NA,NA,NA,NA,NA,NA
1956-10-01,NA,NA,NA,NA,NA,NA,NA,21.70362,4.133333,NA,NA,NA,0.609013398294749,0.0936774411,3.4733333333,NA,NA,NA,NA,NA,NA,NA,NA,NA,NA
1957-01-01,NA,NA,NA,NA,NA,NA,NA,21.90798,3.933333,NA,NA,NA,0.6053268765133399,1.0444892731,3.4033333333,NA,NA,NA,NA,NA,NA,NA,NA,NA,2.476398
1957-04-01,NA,NA,NA,NA,NA,NA,NA,21.63251,4.1,NA,NA,NA,1.08303249097471,1.0769116302,3.6266666667,NA,NA,NA,NA,NA,NA,NA,NA,NA,2.592013
1957-07-01,NA,NA,NA,NA,NA,NA,NA,21.71254,4.233333,NA,NA,NA,1.07142857142856,0.1148944066,3.9266666667,NA,NA,NA,NA,NA,NA,NA,NA,NA,2.560312
1957-10-01,NA,NA,NA,NA,NA,NA,NA,20.79743,4.933333,NA,NA,NA,0.23557126030623993,0.1369455834,3.6333333333,NA,NA,NA,NA,NA,NA,NA,NA,NA,2.288057
1958-01-01,NA,NA,NA,NA,NA,NA,NA,19.62476,6.3,NA,NA,NA,1.05757931844888,1.5693472725,3.04,NA,NA,NA,NA,NA,NA,NA,NA,NA,2.327217
1958-04-01,NA,NA,NA,NA,NA,NA,NA,19.29602,7.366667,NA,NA,NA,0.8139534883721,-0.8554117761,2.9233333333,NA,NA,NA,NA,NA,NA,NA,NA,NA,2.396213
1958-07-01,NA,NA,NA,NA,NA,NA,NA,20.31769,7.333333,NA,NA,NA,0.11534025374855092,0.2484674239,3.5,NA,NA,NA,NA,NA,NA,NA,NA,NA,2.636767
1958-10-01,NA,NA,NA,NA,NA,NA,NA,21.23273,6.366667,NA,NA,NA,0,-0.3776109743,3.8,NA,NA,NA,NA,NA,NA,NA,NA,NA,2.890374
1959-01-01,NA,NA,NA,NA,NA,NA,NA,22.16558,5.833333,NA,NA,NA,0,0.5935212635,3.99,NA,NA,NA,NA,NA,NA,NA,NA,NA,3.11228
1959-04-01,NA,NA,NA,NA,NA,NA,NA,23.24055,5.1,NA,NA,NA,0.34562211981567,0.5780309573,4.2566666667,NA,NA,NA,NA,NA,NA,NA,NA,NA,3.26519
1959-07-01,NA,NA,NA,NA,NA,NA,NA,22.28992,5.266667,NA,NA,NA,0.688863375430543,-0.0473040102,4.5033333333,NA,NA,NA,NA,NA,NA,NA,NA,NA,3.401317
1959-10-01,NA,NA,NA,NA,NA,NA,NA,22.39658,5.6,NA,NA,NA,0.57012542759408,0.8344668887,4.5833333333,NA,NA,NA,NA,NA,NA,NA,NA,NA,3.395723
1960-01-01,NA,NA,NA,NA,NA,NA,NA,23.74695,5.133333,NA,NA,NA,-0.11337868480726,0.0906000963,4.4866666667,NA,NA,NA,NA,NA,NA,NA,NA,101.3866,3.293161
1960-04-01,NA,NA,NA,NA,NA,NA,NA,23.23166,5.233333,NA,NA,NA,0.567536889897842,1.4759645535,4.26,NA,NA,NA,NA,NA,NA,NA,NA,101.0792,3.26519
1960-07-01,NA,NA,NA,NA,NA,NA,NA,22.84966,5.533333,NA,NA,NA,0.225733634311521,-0.2445183108,3.8333333333,NA,NA,NA,NA,NA,NA,NA,NA,101.00063333333333,3.211112
1960-10-01,NA,NA,NA,NA,NA,NA,NA,22.29884,6.266667,NA,NA,NA,0.6756756756756669,1.4569817646,3.8866666667,NA,NA,NA,NA,NA,NA,NA,NA,100.59626666666666,3.116009
1961-01-01,NA,NA,NA,NA,NA,NA,NA,21.96125,6.8,NA,NA,NA,0,-0.0910798447,3.7866666667,NA,NA,NA,NA,NA,NA,NA,NA,100.6969,3.393858
1961-04-01,NA,NA,NA,NA,NA,NA,NA,22.83188,7,NA,NA,NA,0,-1.0645292951,3.79,NA,NA,NA,NA,NA,NA,NA,NA,101.0819,3.595252
1961-07-01,NA,NA,NA,NA,NA,NA,NA,23.56036,6.766667,NA,NA,NA,0.559284116331084,-0.4383760935,3.98,NA,NA,NA,NA,NA,NA,NA,NA,101.2673,3.681031
1961-10-01,NA,NA,NA,NA,NA,NA,NA,24.38655,6.2,NA,NA,NA,0.1112347052280459,0.2036851436,3.9733333333,NA,NA,NA,NA,NA,NA,NA,NA,101.1866,3.746298
1962-01-01,NA,NA,NA,NA,NA,NA,NA,24.75081,5.633333,NA,NA,NA,0.22222222222223,0.3344251383,4.0166666667,NA,NA,NA,NA,NA,NA,NA,NA,101.42656666666667,3.701543
1962-04-01,NA,NA,NA,NA,NA,NA,NA,24.99067,5.533333,NA,NA,NA,0.44345898004434,0.6621374651,3.8733333333,NA,NA,NA,NA,NA,NA,NA,NA,100.9788,3.311809
1962-07-01,NA,NA,NA,NA,NA,NA,NA,25.25719,5.566667,NA,NA,NA,0.441501103752776,-0.9984772277,3.99,NA,NA,NA,NA,NA,NA,NA,NA,100.83563333333333,3.093632
1962-10-01,NA,NA,NA,NA,NA,NA,NA,25.47044,5.533333,NA,NA,NA,0.219780219780206,0.2644367545,3.9033333333,NA,NA,NA,NA,NA,NA,NA,NA,101.21686666666666,3.227895
1963-01-01,NA,NA,NA,NA,NA,NA,NA,25.9413,5.766667,NA,NA,NA,0.109649122807011,0.3082723582,3.8933333333,NA,NA,NA,NA,NA,NA,NA,NA,101.16996666666667,3.518797
1963-04-01,NA,NA,NA,NA,NA,NA,NA,26.62537,5.733333,NA,NA,NA,0.32858707557505,0.135899237,3.9633333333,NA,NA,NA,NA,NA,NA,NA,NA,100.92753333333333,3.729515
1963-07-01,NA,NA,NA,NA,NA,NA,NA,26.80301,5.5,NA,NA,NA,0.545851528384267,-0.7225025204,4.0333333333,NA,NA,NA,NA,NA,NA,NA,NA,101.12236666666666,3.740703
1963-10-01,NA,NA,NA,NA,NA,NA,NA,27.25611,5.566667,NA,NA,NA,0.434310532030396,1.0983335912,4.12,NA,NA,NA,NA,NA,NA,NA,NA,101.24629999999999,3.908531
1964-01-01,NA,NA,NA,NA,NA,NA,NA,27.62923,5.466667,NA,NA,NA,0.2162162162162239,-0.3745876715,4.18,NA,NA,NA,NA,NA,NA,NA,NA,101.5394,4.139761
1964-04-01,NA,NA,NA,NA,NA,NA,NA,28.27778,5.2,NA,NA,NA,0.107874865156433,0.596850968,4.2,NA,NA,NA,NA,NA,NA,NA,NA,101.5936,4.277753
1964-07-01,NA,NA,NA,NA,NA,NA,NA,28.73086,5,NA,NA,NA,0.43103448275861506,0.5406496462,4.1933333333,3.8633333333,NA,NA,NA,NA,NA,NA,NA,101.69363333333334,4.41041
1964-10-01,NA,NA,NA,NA,NA,NA,NA,29.16616,4.966667,NA,NA,NA,0.3218884120171469,1.1579768208,4.1733333333,4.0233333333,NA,NA,NA,NA,NA,NA,NA,101.75003333333333,4.526291
1965-01-01,NA,NA,NA,NA,NA,NA,NA,30.26779,4.9,NA,NA,NA,0.213903743315495,-0.984230057,4.2033333333,4.1966666667,NA,NA,NA,NA,NA,NA,NA,102.04643333333333,4.616751
1965-04-01,NA,NA,NA,NA,NA,NA,NA,30.96964,4.666667,NA,NA,NA,0.747065101387424,0.8075135356,4.2066666667,4.3033333333,NA,NA,NA,NA,NA,NA,NA,102.20676666666667,4.654058
1965-07-01,NA,NA,NA,NA,NA,NA,NA,31.61813,4.366667,NA,NA,NA,0.423728813559317,-0.8688833183,4.2466666667,4.31,NA,NA,NA,NA,NA,NA,NA,102.064,4.61345
1965-10-01,NA,NA,NA,NA,NA,NA,NA,32.25783,4.1,NA,NA,NA,0.421940928270037,0.3026868361,4.4733333333,4.5666666667,NA,NA,NA,NA,NA,NA,NA,101.8892,4.889451
1966-01-01,NA,NA,NA,NA,NA,NA,NA,33.18173,3.866667,NA,NA,NA,0.735294117647076,0.4454104022,4.77,5.0633333333,NA,NA,NA,NA,NA,NA,NA,101.4977,4.92526
1966-04-01,NA,NA,NA,NA,NA,NA,NA,33.87469,3.833333,NA,NA,NA,1.14702815432742,2.0241022475,4.78,5.38,NA,NA,NA,NA,NA,NA,NA,100.9789,4.723104
1966-07-01,NA,NA,NA,NA,NA,NA,NA,34.39884,3.766667,NA,NA,NA,0.927835051546396,1.3429001588,5.14,5.7333333333,NA,NA,NA,NA,NA,NA,NA,100.50823333333334,4.363545
1966-10-01,NA,NA,NA,NA,NA,NA,NA,34.72751,3.7,NA,NA,NA,0.8171603677221758,0.7947056151,5.0033333333,5.7566666667,NA,NA,NA,NA,NA,NA,NA,100.5475,4.270924
1967-01-01,NA,NA,NA,NA,NA,NA,NA,34.53616,3.833333,NA,NA,NA,0.10131712259371188,-0.9960204853,4.5833333333,5.1966666667,NA,NA,NA,NA,NA,NA,NA,101.02539999999999,4.715111
1967-04-01,NA,NA,NA,NA,NA,NA,NA,34.39544,3.833333,NA,NA,NA,0.8097165991902741,1.1962820719,4.82,4.5266666667,NA,NA,NA,NA,NA,NA,NA,101.23586666666667,4.999785
1967-07-01,NA,NA,NA,NA,NA,NA,NA,34.63202,3.8,NA,NA,NA,0.9036144578313293,0.998683189,5.2466666667,4.9466666667,NA,NA,NA,NA,NA,NA,NA,101.12756666666667,5.194698
1967-10-01,NA,NA,NA,NA,NA,NA,NA,35.55873,3.9,NA,NA,NA,0.8955223880597049,1.4787943255,5.6433333333,5.4133333333,NA,NA,NA,NA,NA,NA,NA,101.04406666666667,5.202141
1968-01-01,NA,NA,NA,NA,NA,NA,NA,36.06632,3.733333,NA,NA,NA,1.18343195266273,0.7280742256,5.61,5.4633333333,NA,NA,NA,NA,NA,NA,NA,101.10523333333333,5.063497
1968-04-01,NA,NA,NA,NA,NA,NA,NA,36.55254,3.566667,NA,NA,NA,0.9746588693956901,0.9179030047,5.7433333333,6.0133333333,NA,NA,NA,NA,NA,NA,NA,100.79456666666667,5.437464
1968-07-01,NA,NA,NA,NA,NA,NA,NA,36.83621,3.533333,NA,NA,NA,1.35135135135136,1.6582196563,5.46,5.8866666667,NA,NA,NA,NA,NA,NA,NA,100.72933333333333,5.554045
1968-10-01,NA,NA,NA,NA,NA,NA,NA,37.39558,3.4,NA,NA,NA,1.14285714285715,2.0693155893,5.77,6.0733333333,NA,NA,NA,NA,NA,NA,NA,100.98893333333334,5.878356
1969-01-01,NA,NA,NA,NA,NA,NA,NA,38.12304,3.4,NA,NA,NA,1.2241054613935802,0.3427234584,6.1766666667,6.5566666667,NA,NA,NA,NA,NA,NA,NA,101.1434,5.639358
1969-04-01,NA,NA,NA,NA,NA,NA,NA,38.28944,3.433333,NA,NA,NA,1.67441860465117,2.28327751834778,6.3533333333,7.3766666667,NA,NA,NA,NA,NA,NA,NA,100.48576666666666,5.621713
1969-07-01,NA,NA,NA,NA,NA,NA,NA,38.74899,3.566667,NA,NA,NA,1.46386093321134,1.98867733581505,6.8566666667,8.5133333333,NA,NA,NA,NA,NA,NA,NA,99.78613666666666,5.178027
1969-10-01,NA,NA,NA,NA,NA,NA,NA,38.50613,3.566667,NA,NA,NA,1.4427412082957802,2.18074429821129,7.2966666667,8.5966666667,NA,NA,NA,NA,NA,NA,NA,99.22862666666667,5.215372
1970-01-01,NA,NA,NA,NA,NA,NA,NA,37.57322,4.166667,NA,60.6277,NA,1.33333333333332,1.73227310332214,7.3666666667,8.5233333333,NA,NA,NA,NA,NA,NA,125.9674,98.96628333333334,4.909917
1970-04-01,NA,NA,NA,NA,NA,NA,NA,37.3665,4.766667,NA,60.0725,NA,1.6666666666666698,0.705108152656653,7.7133333333,7.8866666667,NA,NA,NA,NA,NA,NA,126.1003,98.87890333333333,4.305686
1970-07-01,NA,NA,NA,NA,NA,NA,NA,37.23275,5.166667,NA,60.3407,NA,1.1216566005177,0.364986737627415,7.46,7.6766666667,NA,NA,NA,NA,NA,NA,125.1526,98.77846,4.242572
1970-10-01,NA,NA,NA,NA,NA,NA,NA,36.42784,5.833333,NA,60.2853,NA,1.36518771331058,1.4014284777,6.8533333333,6.17,NA,NA,NA,NA,NA,NA,125.2335,98.68513333333333,4.650968
1971-01-01,NA,NA,NA,NA,NA,NA,NA,37.13018,5.933333,NA,61.4658,NA,0.7575757575757441,0.1756651928,6.0166666667,4.44,NA,NA,NA,NA,NA,NA,124.0021,99.14745333333333,5.268435
1971-04-01,NA,NA,NA,NA,NA,NA,NA,37.46652,5.9,NA,62.4541,NA,1.08604845446951,1.28357703148483,6.2466666667,4.9433333333,NA,NA,NA,NA,NA,NA,123.3041,99.41104333333332,5.541335
1971-07-01,NA,NA,NA,NA,NA,NA,NA,37.58204,6.033333,NA,62.4619,NA,1.07438016528926,0.4500176948,6.4833333333,5.7066666667,NA,NA,NA,NA,NA,NA,121.958,99.53555,5.397423
1971-10-01,NA,NA,NA,NA,NA,NA,NA,38.45313,5.933333,NA,63.6528,NA,0.49059689288634706,1.76434371048253,5.89,4.93,NA,NA,NA,NA,NA,NA,117.4754,100.0258,5.271337
1972-01-01,NA,NA,NA,NA,NA,NA,NA,40.09325,5.766667,NA,63.3796,NA,0.732302685109848,1.9156556170647,6.0333333333,3.88,NA,NA,NA,NA,NA,NA,113.3915,100.583,5.796483
1972-04-01,NA,NA,NA,NA,NA,NA,NA,40.85402,5.7,NA,64.6582,NA,0.8077544426494168,-0.551768005776365,6.1433333333,4.55,NA,NA,NA,NA,NA,NA,112.0027,100.65293333333334,5.95339
1972-07-01,NA,NA,NA,NA,NA,NA,NA,41.36975,5.566667,NA,65.3152,NA,0.9615384615384659,0.8295002861,6.29,4.9333333333,NA,NA,NA,NA,NA,NA,111.5341,100.88533333333334,5.952763
1972-10-01,NA,NA,NA,NA,NA,NA,NA,42.80084,5.366667,NA,66.1136,NA,0.952380952380956,1.34359678486309,6.3733333333,5.3,NA,NA,NA,NA,NA,NA,111.9044,100.21951333333334,6.180871
1973-01-01,NA,NA,NA,NA,NA,NA,NA,44.0318,4.933333,NA,68.1773,NA,1.25786163522014,0.919360939895442,6.6033333333,6.4,NA,NA,NA,NA,NA,NA,106.4194,99.35296666666666,6.141553
1973-04-01,NA,NA,NA,NA,NA,NA,NA,44.40141,4.933333,NA,68.2798,NA,2.25155279503106,1.16863259382738,6.8066666667,7.6733333333,NA,NA,NA,NA,NA,NA,101.4942,98.74748,5.629641
1973-07-01,NA,NA,NA,NA,NA,NA,NA,44.77691,4.8,NA,68.5233,NA,2.20197418375095,2.7403869619,7.2066666667,10.3533333333,NA,NA,NA,NA,NA,NA,98.46552,98.59506999999999,5.5509829999999996
1973-10-01,NA,NA,NA,NA,NA,NA,NA,45.44869,4.766667,NA,68.4009,NA,2.30312035661217,1.41334335341479,6.7533333333,9.2366666667,NA,NA,NA,NA,NA,NA,100.1364,98.21692,5.422057
1974-01-01,NA,NA,NA,NA,NA,NA,NA,45.04283,5.133333,NA,68.1467,NA,2.8322440087146097,2.8863766091,7.0533333333,8.64,NA,NA,NA,NA,NA,NA,100.6924,97.69487333333333,5.068724
1974-04-01,NA,NA,NA,NA,NA,NA,NA,45.07201,5.2,NA,67.5641,NA,2.82485875706214,2.20661995707601,7.5433333333,10.9433333333,NA,NA,NA,NA,NA,NA,96.64029,97.98958666666667,4.743369
1974-07-01,NA,NA,NA,NA,NA,NA,NA,44.90722,5.633333,NA,67.3293,NA,3.0219780219780095,3.42419222837176,7.9633333333,12.0266666667,NA,NA,NA,NA,NA,NA,99.08202,97.29611666666666,3.922116
1974-10-01,NA,NA,NA,NA,NA,NA,NA,43.11551,6.6,NA,65.7733,NA,3.0000000000000293,1.8086156695,7.67,9.3666666667,NA,NA,NA,NA,NA,NA,98.534,96.79928000000001,3.631373
1975-01-01,NA,NA,NA,NA,NA,NA,NA,40.24561,8.266666,NA,66.3183,NA,1.8122977346278197,1.91791956111218,7.54,6.69,NA,NA,NA,NA,NA,NA,96.02467,97.33702666666666,4.139021
1975-04-01,NA,NA,NA,NA,NA,NA,NA,39.72447,8.866667,NA,67.1831,NA,1.5257469802924404,0.658082048466002,8.05,5.9566666667,NA,NA,NA,NA,NA,NA,95.58095,98.52170333333333,4.683755
1975-07-01,NA,NA,NA,NA,NA,NA,NA,40.7054,8.466666,NA,66.9577,NA,2.12899185973701,0.801197833957823,8.2966666667,6.8166666667,NA,NA,NA,NA,NA,NA,99.25755,98.79363333333333,4.628645
1975-10-01,NA,NA,NA,NA,NA,NA,NA,41.59077,8.3,NA,67.1346,NA,1.59411404046596,1.59295935765078,8.0633333333,6.2833333333,NA,NA,NA,NA,NA,NA,99.93182,99.18893,4.663947
1976-01-01,NA,NA,NA,NA,NA,NA,NA,42.85735,7.733333,NA,64.6934,NA,0.9656004828002528,0.6879928135,7.7533333333,5.22,NA,NA,NA,NA,NA,NA,98.96754,99.75097,5.250484
1976-04-01,NA,NA,NA,NA,NA,NA,NA,43.41345,7.566667,NA,65.9831,NA,1.2552301255229898,1.12686679863889,7.7733333333,5.5066666667,NA,NA,NA,NA,NA,NA,98.73521,99.9999,5.360186
1976-07-01,NA,NA,NA,NA,NA,NA,NA,43.99747,7.733333,NA,66.5686,NA,1.5938606847697698,1.5440823986,7.73,5.4133333333,NA,NA,NA,NA,NA,NA,98.59421,100.30546666666666,5.517583
1976-10-01,NA,NA,NA,NA,NA,NA,NA,44.79455,7.766667,NA,68.493,NA,1.1621150493899,1.76271975113398,7.19,4.9333333333,NA,NA,NA,NA,NA,NA,98.96574,100.15423333333334,5.444756
1977-01-01,NA,NA,NA,NA,NA,NA,NA,45.69971,7.5,64.72383,70.1371,NA,1.72314761631245,1.51745617439949,7.3533333333,4.8333333333,NA,NA,NA,NA,NA,NA,98.39108,100.28306666666667,5.475653
1977-04-01,NA,NA,NA,NA,NA,NA,NA,47.13669,7.133333,65.30047,71.8336,NA,2.20214568040657,1.48984625065518,7.37,5.1933333333,NA,NA,NA,NA,NA,NA,97.79458,100.4542,5.353478
1977-07-01,NA,NA,NA,NA,NA,NA,NA,47.65423,6.9,65.5487,73.3638,NA,1.43646408839779,0.809367653730453,7.3566666667,5.85,NA,NA,NA,NA,NA,NA,96.9974,100.17833333333333,5.318209
1977-10-01,NA,NA,NA,NA,NA,NA,NA,47.95934,6.666667,66.09977,74.6536,NA,1.0893246187364,2.892763417,7.5966666667,6.6866666667,NA,NA,NA,NA,NA,NA,95.01517,99.79045666666667,5.118856
1978-01-01,NA,NA,NA,NA,NA,NA,NA,47.82328,6.333333,66.47413,76.5213,NA,1.7241379310344602,2.60825271529428,8.01,6.9,NA,NA,NA,NA,NA,NA,92.77495,99.59297666666667,4.911789
1978-04-01,NA,NA,NA,NA,NA,NA,NA,49.74938,6,67.07536,77.1624,NA,2.54237288135594,-0.114435368644394,8.32,7.42,NA,NA,NA,NA,NA,NA,92.14367,99.47724,5.316986
1978-07-01,NA,NA,NA,NA,NA,NA,NA,50.182,6.033333,67.25495,78.4661,NA,2.3760330578512403,1.74267680691673,8.49,8.2733333333,NA,NA,NA,NA,NA,NA,88.73651,99.33758,5.668392
1978-10-01,NA,NA,NA,NA,NA,NA,NA,51.06308,5.9,67.67269,79.1331,NA,2.01816347124117,1.82034253915961,8.82,10.2933333333,NA,NA,NA,NA,NA,NA,88.56706,98.6375,5.374798
1979-01-01,NA,NA,NA,NA,NA,NA,NA,51.31132,5.866667,67.87692,80.6552,NA,2.47279920870426,3.01945088762414,9.1066666667,10.2766666667,NA,NA,NA,NA,NA,NA,90.59585,98.17591,5.513809
1979-04-01,NA,NA,NA,NA,NA,NA,NA,51.18992,5.7,67.75188,81.4401,NA,3.47490347490347,2.1483589748,9.1133333333,10.0566666667,NA,NA,NA,NA,NA,NA,93.01074,97.69886,5.655232
1979-07-01,NA,NA,NA,NA,NA,NA,NA,51.03819,5.866667,67.97559,81.7249,NA,3.3115671641791096,2.30765351775595,9.1033333333,10.9033333333,NA,NA,NA,NA,NA,NA,92.86415,97.40943,5.990254
1979-10-01,NA,NA,NA,NA,NA,NA,NA,51.23057,5.966667,68.09451,82.2821,NA,2.84424379232503,2.15559577996938,10.4466666667,13.6633333333,NA,NA,NA,NA,NA,NA,95.51381,97.3745,5.943264
1980-01-01,NA,NA,NA,NA,NA,NA,NA,51.44323,6.3,67.89297,80.9297,NA,3.9508340649692895,2.2708069839,11.9866666667,15.0866666667,NA,NA,NA,NA,NA,NA,96.93739,97.16049666666667,6.25429
1980-04-01,NA,NA,NA,NA,NA,NA,NA,49.25863,7.333333,67.06379,79.0625,NA,3.67398648648648,3.7808460055,10.4766666667,11.4733333333,NA,NA,NA,NA,NA,NA,96.96244,96.41872333333333,6.115939
1980-07-01,NA,NA,NA,NA,NA,NA,NA,48.44758,7.666667,66.77394,80.1193,NA,1.83299389002036,2.11855404732262,10.9533333333,9.95,NA,NA,NA,NA,NA,NA,94.16182,97.83624333333333,7.016236
1980-10-01,NA,NA,NA,NA,NA,NA,NA,50.32022,7.4,67.00285,79.7186,NA,2.64,1.79144697264126,12.4233333333,15.7566666667,NA,NA,NA,NA,NA,NA,95.75816,98.42061,7.592396
1981-01-01,NA,NA,NA,NA,NA,NA,NA,50.44594,7.433333,67.30515,79.0959,NA,2.65003897116136,0.978875462,12.96,15.92,NA,NA,NA,NA,NA,NA,98.06345,97.95535,7.4674
1981-04-01,NA,NA,NA,NA,NA,NA,NA,50.61429,7.4,67.37114,78.2543,NA,2.31586940015187,2.63881854749406,13.75,16.75,NA,NA,NA,NA,NA,NA,103.1273,98.52394333333334,7.614863
1981-07-01,NA,NA,NA,NA,NA,NA,NA,51.09076,7.4,67.03545,76.815,NA,2.82003710575138,1.10951901456471,14.8466666667,17.52,NA,NA,NA,NA,NA,NA,108.701,98.62946333333333,7.215701
1981-10-01,NA,NA,NA,NA,NA,NA,NA,49.94003,8.233334,66.57244,76.645,NA,1.4435221941537502,2.6324584908,14.0866666667,13.4533333333,NA,NA,NA,NA,NA,NA,105.3621,97.79443,7.021356
1982-01-01,NA,NA,NA,NA,NA,NA,NA,48.91952,8.833333,66.24705,76.3024,NA,0.8182141586623678,3.02374730447268,14.2933333333,14.24,NA,NA,NA,NA,NA,NA,108.6242,97.64841,6.533915
1982-04-01,NA,NA,NA,NA,NA,NA,NA,48.32059,9.433333,65.89706,75.3351,NA,1.5172900494001498,0.754894012820673,13.93,14.2333333333,NA,NA,NA,NA,NA,NA,112.408,97.61326666666666,6.507325
1982-07-01,NA,NA,NA,NA,NA,NA,NA,47.63421,9.9,65.67673,74.0087,NA,1.87695516162669,1.38904849638009,13.1166666667,11.57,NA,NA,NA,NA,NA,NA,117.1622,97.82071,6.467947
1982-10-01,NA,NA,NA,NA,NA,NA,NA,46.7417,10.66667,65.16872,74.3377,NA,0.238826339133394,0.722408330888125,10.6666666667,9.04,NA,NA,NA,NA,NA,NA,117.7417,98.30691,7.795161
1983-01-01,NA,NA,NA,NA,NA,NA,NA,47.26886,10.36667,65.2577,75.1751,NA,-0.0680735194009623,0.240560739447893,10.5633333333,8.53,NA,NA,NA,NA,NA,NA,116.1277,98.91214,8.433887
1983-04-01,NA,NA,NA,NA,NA,NA,NA,48.32602,10.13333,65.47728,75.2017,NA,1.26021798365126,-0.197331810131107,10.5433333333,8.7733333333,NA,NA,NA,NA,NA,NA,117.7171,100.5491,9.297011
1983-07-01,NA,NA,NA,NA,NA,NA,NA,49.97585,9.366667,66.44711,75.3548,NA,1.17726202489066,0.036748896388938,11.6266666667,9.5533333333,NA,NA,NA,NA,NA,NA,120.6255,100.63566666666667,9.487267
1983-10-01,NA,NA,NA,NA,NA,NA,NA,51.28661,8.533334,66.89529,75.6316,NA,0.8976063829787271,0.783475669511802,11.6866666667,9.41,NA,NA,NA,NA,NA,NA,120.4746,100.75833333333333,9.477724
1984-01-01,NA,NA,NA,NA,NA,NA,NA,52.80067,7.866667,67.48959,75.6639,NA,1.12026359143327,0.667844989045152,11.9433333333,9.68,NA,NA,NA,NA,NA,NA,120.5436,101.47656666666667,9.160872
1984-04-01,NA,NA,NA,NA,NA,NA,NA,53.61632,7.433333,68.2431,75.8453,NA,1.07526881720431,0.568184837298413,13.2,10.9533333333,NA,NA,NA,NA,NA,NA,121.5847,101.34976666666667,8.880444
1984-07-01,NA,NA,NA,NA,NA,NA,NA,53.98187,7.433333,68.33054,76.1529,NA,1.09606705351386,0.977742801341019,12.8666666667,11.44,NA,NA,NA,NA,NA,NA,126.9121,101.4542,9.139582
1984-10-01,NA,NA,NA,NA,NA,NA,NA,54.00702,7.3,68.50243,76.1164,NA,0.7334183673469631,0.8256907149,11.7433333333,9.3866666667,NA,NA,NA,NA,NA,NA,129.117,101.17916666666667,9.43276
1985-01-01,NA,NA,NA,NA,NA,NA,NA,54.19271,7.233333,68.85123,76.5388,NA,0.633111744222854,0.783558090499681,11.5833333333,8.6166666667,NA,NA,NA,NA,NA,NA,133.7816,100.97723333333333,10.15938
1985-04-01,NA,NA,NA,NA,NA,NA,NA,54.23385,7.3,68.84763,77.2857,NA,1.2268008807801,0.758847888822012,10.8133333333,7.95,NA,NA,NA,NA,NA,NA,131.9414,100.9705,10.60289
1985-07-01,NA,NA,NA,NA,NA,NA,NA,54.1488,7.2,69.00807,77.3974,NA,0.7147296457427209,0.2005706152,10.3366666667,7.7933333333,NA,NA,NA,NA,NA,NA,128.8802,100.79076666666667,10.8058
1985-10-01,NA,NA,NA,NA,NA,NA,NA,54.45626,7.033333,69.29747,78.1891,NA,0.8947855600123291,1.27914747020368,9.76,7.83,NA,NA,NA,NA,NA,NA,122.8612,100.6863,11.25084
1986-01-01,NA,NA,NA,NA,NA,NA,NA,54.78546,7.033333,69.37636,79.5984,NA,0.21406727828747887,0.3042955845,8.5566666667,7.5833333333,NA,NA,NA,NA,NA,NA,116.4646,101.11896666666667,12.56187
1986-04-01,NA,NA,NA,NA,NA,NA,NA,54.46568,7.166667,69.4992,81.3239,NA,-0.213610009154732,0.637535393198618,7.6033333333,6.66,NA,NA,NA,NA,NA,NA,111.1513,101.27666666666667,13.71408
1986-07-01,NA,NA,NA,NA,NA,NA,NA,54.67926,6.966667,69.84097,82.5962,NA,0.733944954128444,0.702138024,7.3066666667,6,NA,NA,NA,NA,NA,NA,107.5679,101.12636666666667,13.742
1986-10-01,NA,NA,NA,NA,NA,NA,NA,55.30026,6.833333,70.01239,83.4306,NA,0.5464480874316839,1.41258689792227,7.2633333333,5.83,NA,NA,NA,NA,NA,NA,107.7474,100.69160000000001,13.85444
1987-01-01,NA,NA,NA,NA,NA,NA,NA,56.02937,6.6,70.25863,85.2297,NA,1.11714975845412,0.798304681324002,7.1933333333,6.0466666667,NA,NA,NA,NA,NA,NA,103.5145,100.54276666666667,15.77364
1987-04-01,NA,NA,NA,NA,NA,NA,NA,57.03286,6.266667,70.63116,85.9936,NA,1.3138250223947598,0.683540983518283,8.3433333333,6.8166666667,NA,NA,NA,NA,NA,NA,100.1836,100.72603333333333,16.38822
1987-07-01,NA,NA,NA,NA,NA,NA,NA,58.10582,6,70.90448,86.8823,NA,1.14942528735629,0.818308298292325,8.8766666667,6.94,NA,NA,NA,NA,NA,NA,101.4069,100.82926666666667,17.72323
1987-10-01,NA,NA,NA,NA,NA,NA,NA,59.49075,5.833333,71.188,87.8935,NA,0.8449883449883449,0.7973976664,9.1233333333,7.64,NA,NA,NA,NA,NA,NA,96.97649,100.21166666666666,14.16871
1988-01-01,NA,NA,NA,NA,NA,NA,NA,60.03743,5.7,71.32307,88.7271,NA,0.60676105171917,1.09225478569976,8.4166666667,6.7166666667,NA,NA,NA,NA,NA,NA,93.63498,100.639,14.37786
1988-04-01,NA,NA,NA,NA,NA,NA,NA,60.55973,5.466667,71.48392,89.8141,NA,1.26364158529581,1.31741222296304,8.91,7.2233333333,NA,NA,NA,NA,NA,NA,92.57127,100.95113333333333,14.72828
1988-07-01,NA,NA,NA,NA,NA,NA,NA,60.7795,5.466667,71.76724,91.0966,NA,1.33295519001702,1.00112184904937,9.1,8.1733333333,NA,NA,NA,NA,NA,NA,96.61674,101.1597,14.94854
1988-10-01,NA,NA,NA,NA,NA,NA,NA,61.21771,5.333333,72.02773,92.4572,NA,1.0355443604814,0.681787194962147,8.9566666667,8.7966666667,NA,NA,NA,NA,NA,NA,93.28906,100.98780000000001,15.3295
1989-01-01,NA,NA,NA,NA,NA,NA,NA,61.50679,5.2,72.32751,93.3868,NA,1.10803324099723,0.334568065184748,9.2066666667,9.6,NA,NA,NA,NA,NA,NA,94.24854,101.05023333333334,16.17776
1989-04-01,NA,NA,NA,NA,NA,NA,NA,61.26995,5.233333,72.44554,93.2599,NA,1.6438356164383603,0.350958832439141,8.7733333333,9.5766666667,NA,NA,NA,NA,NA,NA,96.71394,100.6546,17.34442
1989-07-01,NA,NA,NA,NA,NA,NA,NA,60.88927,5.233333,72.59748,93.7726,NA,0.808625336927206,0.587458278917374,8.1066666667,8.7266666667,NA,NA,NA,NA,NA,NA,97.03573,100.74316666666667,18.84998
1989-10-01,NA,NA,NA,NA,NA,NA,NA,61.12539,5.366667,72.62408,94.0594,NA,0.96256684491979,1.48508643652265,7.9066666667,8.4366666667,NA,NA,NA,NA,NA,NA,96.0353,100.74693333333333,18.93344
1990-01-01,NA,NA,NA,NA,NA,NA,NA,61.5782,5.3,72.48614,93.7397,NA,1.7213983050847497,0.693388533675976,8.4233333333,8.2433333333,NA,NA,NA,NA,NA,NA,96.05553,100.66463333333333,18.3633
1990-04-01,NA,NA,NA,NA,NA,NA,NA,62.00762,5.333333,72.41841,92.916,NA,1.0153605831814598,1.66287882237952,8.6766666667,8.3333333333,NA,NA,NA,NA,NA,NA,96.40072,100.57546666666667,18.9359
1990-07-01,NA,NA,NA,NA,NA,NA,NA,62.25894,5.7,72.12213,91.108,NA,1.72680412371135,1.05323585800969,8.7033333333,8.0433333333,NA,NA,NA,NA,NA,NA,93.49596,99.09868333333333,18.19922
1990-10-01,NA,NA,NA,NA,NA,NA,NA,61.30243,6.133333,71.70645,89.2404,NA,1.6214846719026899,1.32402044261977,8.3966666667,7.97,NA,NA,NA,NA,NA,NA,90.27947,97.63448666666667,17.15977
1991-01-01,NA,NA,NA,NA,NA,NA,NA,60.15427,6.6,71.19157,87.86,NA,0.822737471952145,0.6724077541,8.0166666667,6.7133333333,NA,NA,NA,NA,NA,NA,90.74545,98.61860666666666,19.12147
1991-04-01,NA,NA,NA,NA,NA,NA,NA,60.49851,6.833333,71.03866,87.9585,NA,0.5934718100890041,0.554491549673175,8.13,6.0133333333,NA,NA,NA,NA,NA,NA,93.88039,99.52692333333333,20.53106
1991-07-01,NA,NA,NA,NA,NA,NA,NA,61.36137,6.866667,70.91022,86.9931,NA,0.7866273352999109,0.6922203733,7.94,5.7,NA,NA,NA,NA,NA,NA,93.70965,99.53568333333332,20.93425
1991-10-01,NA,NA,NA,NA,NA,NA,NA,61.48898,7.1,70.70499,86.1187,NA,0.756097560975636,1.0134322532,7.3466666667,4.9133333333,NA,NA,NA,NA,NA,NA,90.68965,98.40693333333333,21.14683
1992-01-01,NA,NA,NA,NA,NA,NA,NA,61.41533,7.366667,70.71913,85.702,NA,0.7020091987412049,0.651231351851833,7.3033333333,4.1233333333,NA,NA,NA,NA,NA,NA,90.75144,98.24010333333334,22.535
1992-04-01,NA,NA,NA,NA,NA,NA,NA,62.52952,7.6,70.87726,84.8477,NA,0.8173076923076891,0.401655924,7.3766666667,3.8933333333,NA,NA,NA,NA,NA,NA,90.67201,99.09696,22.37532
1992-07-01,NA,NA,NA,NA,NA,NA,NA,63.02003,7.633333,70.94265,84.0731,NA,0.7868383404864219,0.102331806639477,6.6166666667,3.27,NA,NA,NA,NA,NA,NA,88.19669,98.88753,22.7232
1992-10-01,NA,NA,NA,NA,NA,NA,NA,63.66204,7.366667,70.687970000000007,83.7257,NA,0.7097232079488841,0.287465431497158,6.7433333333,3.44,NA,NA,NA,NA,NA,NA,91.47274,99.67586333333334,23.08347
1993-01-01,NA,NA,NA,NA,NA,NA,NA,64.24306,7.133333,70.93296,83.2756,NA,0.8456659619450171,0.2018120223,6.28,3.14,NA,NA,NA,NA,NA,NA,92.99398,100.21546666666666,24.13709
1993-04-01,NA,NA,NA,NA,NA,NA,NA,64.3753,7.066667,71.15818,83.046,NA,0.768693221523423,0.919644353377524,5.99,3.1333333333,NA,NA,NA,NA,NA,NA,90.47472,99.54688666666667,24.35836
1993-07-01,NA,NA,NA,NA,NA,NA,NA,64.61671,6.8,71.31725,83.2987,NA,0.39297272306982706,0.298379452226638,5.6166666667,3.14,NA,NA,NA,NA,NA,NA,90.83002,99.08548,24.91095
1993-10-01,NA,NA,NA,NA,NA,NA,NA,65.62479,6.633333,71.43089,83.4888,NA,0.690766751093699,0.024442826207571,5.6066666667,3.2833333333,NA,NA,NA,NA,NA,NA,91.59987,99.81928666666667,25.457
1994-01-01,NA,NA,NA,NA,NA,NA,NA,66.43562,6.566667,71.58904,83.2109,NA,0.640292705236676,-0.0879726806,6.0666666667,3.45,NA,NA,NA,NA,NA,NA,93.00243,100.77946666666666,25.79401
1994-04-01,NA,NA,NA,NA,NA,NA,NA,67.64616,6.2,71.80219,83.1636,NA,0.636219041127031,0.480756727421427,7.0833333333,4.3466666667,NA,NA,NA,NA,NA,NA,92.03973,100.7154,24.71621
1994-07-01,NA,NA,NA,NA,NA,NA,NA,68.50744,6,72.05757,82.8336,NA,0.880559945811708,0.383465685827877,7.3333333333,4.8566666667,NA,NA,NA,NA,NA,NA,89.86165,100.60496666666667,25.18626
1994-10-01,NA,NA,NA,NA,NA,NA,NA,69.90004,5.633333,72.58108,82.8075,NA,0.4700089525514699,0.081863838,7.8366666667,5.8633333333,NA,NA,NA,NA,NA,NA,89.35965,100.89776666666667,24.96735
1995-01-01,11928671.6,7568466,2107331.8,2099250.4,908616.5,974840.5,NA,70.62984,5.466667,72.66924,82.4156,NA,0.8242370238360501,0.745120847855585,7.4833333333,6.1833333333,NA,119.2,NA,63,56.2,NA,91.70299,100.97363333333334,25.82185
1995-04-01,11964257.6,7634816.2,2111519.3,2096174.8,921357,984098.6,NA,70.84594,5.666667,72.48235,82.2204,NA,0.8837825894829671,0.447281437517488,6.62,6.01,NA,120.2,NA,63.5,56.6,NA,86.60857,100.71886666666667,27.91683
1995-07-01,12066040.5,7704005.9,2114659.9,2111552.9,961228,987479.7,NA,71.532,5.666667,72.50594,82.5962,NA,0.438020148926858,0.352541111112115,6.3233333333,5.7566666667,NA,120.7,NA,64.3,56.4,NA,88.38876,100.81543333333333,29.99408
1995-10-01,12147978.9,7757745.9,2086787.2,2147621.5,974948.2,1000101.2,NA,72.10753,5.566667,72.47028,82.6259,NA,0.4797208896641921,0.319323213196432,5.8933333333,5.7166666667,NA,121.5,NA,64.8,56.6,NA,90.61739,100.44406666666667,31.599
1996-01-01,12238973.3,7829293.8,2095162.1,2199347.8,986681.9,1032611.5,NA,72.60908,5.533333,72.48345,82.5754,NA,0.9114583333333369,0.4954336757,5.91,5.2766666667,NA,121.8,NA,65,56.8,NA,91.81712,100.54653333333333,33.75011
1996-04-01,12443112.5,7913520,2121333.6,2267430.9,1002720.6,1055721.3,NA,74.1664,5.5,72.69987,82.3463,NA,0.989247311827955,-0.1425262099,6.72,5.3933333333,NA,122.3,NA,65.3,57,NA,91.90932,100.71836666666667,35.01273
1996-07-01,12554731.5,7961428.9,2112958.7,2316221.4,1010830.1,1089949.4,NA,75.12588,5.266667,73.07134,82.3684,NA,0.532367972742765,0.4853397821,6.78,5.48,NA,122.5,NA,65.6,56.9,NA,92.00887,101.05323333333334,35.02621
1996-10-01,12685096,8024843.2,2128530.8,2353827.8,1073854.7,1111445.3,NA,76.15809,5.333333,73.18629,82.2982,NA,0.7201864011861869,0.455436678772148,6.3433333333,5.41,NA,122.3,NA,65.9,56.5,NA,92.63235,101.34996666666666,38.09065
1997-01-01,12766971.1,8109432.6,2126567.9,2397865.1,1094270.5,1158916.9,NA,77.60485,5.233333,73.15805,82.4139,NA,0.672975814931643,1.16154013495213,6.5633333333,5.4433333333,NA,122.1,NA,65.3,56.9,NA,94.88067,101.56806666666667,40.89534
1997-04-01,12979568.9,8145940.2,2151954.3,2438267.6,1138011.3,1197814.7,NA,78.71947,5,73.43933,82.9191,NA,0.396908293294327,-0.398450519786364,6.6966666667,5.69,NA,122.7,NA,65.4,57.3,NA,95.24046,102.0406,42.63061
1997-07-01,13141627.8,8284726.9,2153655.5,2518093.9,1164342.7,1241954.6,NA,80.55857,4.866667,73.69175,83.6121,NA,0.395339159384124,0.242529208574127,6.2433333333,5.6,NA,123.5,NA,65.8,57.7,NA,96.6433,102.33486666666667,47.93786
1997-10-01,13253839,8383746.6,2169358.4,2525922.8,1162669,1268757,NA,82.59933,4.666667,73.74036,84.5376,NA,0.393782383419677,1.3423787273,5.9066666667,5.73,NA,124.1,NA,65.9,58.1,NA,100.247,102.3133,49.38295
1998-01-01,13386874.8,8468550.6,2156141.8,2587854.6,1168040,1316343.3,NA,83.53495,4.633333,73.76231,85.996,NA,0.268373245251862,0.807541565420422,5.5866666667,5.5533333333,NA,124.9,NA,65.6,59.2,NA,104.2685,102.5497,52.71678
1998-04-01,13510795.5,8617675.2,2191865.9,2683059,1155167.1,1346511.9,NA,84.08977,4.4,73.85234,86.6805,NA,0.535309862054774,0.943618304,5.5966666667,5.59,NA,127,NA,66.3,60.6,NA,104.5838,102.4821,56.85257
1998-07-01,13680888.3,8730053.4,2192912.8,2747507.2,1149909.5,1364680.1,NA,84.72841,4.533333,73.81924,87.8734,NA,0.38910505836574694,0.365474181292624,5.2033333333,5.5266666667,NA,128.1,NA,66.8,61.3,NA,107.6114,102.02593333333333,53.87644
1998-10-01,13901040.7,8856175.5,2218691.7,2816568.8,1192670.6,1408849.7,NA,85.89976,4.433333,73.94773,89.2255,NA,0.34679722562221,-0.0567063635,4.67,5.1966666667,NA,129.4,NA,67.4,62,NA,103.5361,101.77573333333333,54.52351
1999-01-01,14031631.7,8947135.9,2228767.8,2864101.1,1188680.5,1448658.3,NA,86.85987,4.3,73.99088,90.252,NA,0.38625736938402494,0.610314160466374,4.9833333333,4.9,NA,130.4,NA,67.4,63,NA,103.666,102.29136666666666,59.01668
1999-04-01,14148759.8,9084152.7,2230599.8,2929667.8,1203445.6,1490263.6,NA,87.68325,4.266667,73.89854,91.1517,NA,0.97205346294045,0.273639798621095,5.54,4.9766666667,NA,131.3,NA,68,63.3,NA,104.5028,102.41199999999999,62.48504
1999-07-01,14336355.8,9186277.8,2258079.9,2994535.4,1239750.7,1544136.4,NA,88.47782,4.233333,73.86788,92.3707,NA,0.621740874448445,0.095188719219586,5.8833333333,5.3833333333,NA,133.1,NA,68.7,64.4,NA,104.2138,102.33409999999999,61.98428
1999-10-01,14571567.7,9320646.6,2286476,3023054.8,1266251.5,1583633.4,NA,90.05351,4.066667,74.02969,93.7749,NA,0.617899142914097,0.603671027428065,6.14,6.06,NA,133.9,NA,69.4,64.6,NA,103.0144,102.4191,61.77666
2000-01-01,14624432.4,9461580,2261482.2,3099805.5,1284474.2,1643418.9,NA,90.95035,4.033333,74.26647,95.1413,NA,0.9904912836767128,3.28806598120084,6.48,6.0333333333,NA,134.8,NA,69.4,65.4,NA,103.8934,102.80456666666667,61.47152
2000-04-01,14890785.4,9549927.9,2306497.2,3157822.8,1323623.3,1695772.7,NA,92.06549,3.933333,74.2675,96.5656,NA,1.05923891722244,-1.1072382916,6.1766666667,6.5733333333,NA,135.7,NA,69.6,66.1,NA,106.5575,102.70056666666667,63.89603
2000-07-01,14905964,9641424.2,2293934.9,3170964.1,1355397.8,1756787.4,NA,91.99256,4,73.8539,97.8749,NA,0.7958074534161501,1.74666093074696,5.8933333333,6.6266666667,NA,136.2,NA,70.3,65.9,NA,107.8151,102.55393333333333,65.58514
2000-10-01,14994958.3,9725660.8,2301262.9,3180330.8,1341841,1759356.6,NA,91.74184,3.9,73.97801,99.5595,NA,0.539187367610242,-0.123024651883952,5.5666666667,6.59,NA,136.7,NA,70.7,66,NA,110.268,102.0585,63.95425
2001-01-01,14945805.1,9760934.5,2335678.5,3170964.1,1324946,1736660.1,NA,90.61341,4.233333,73.92824,100.9738,NA,0.95767094426356,2.33105339951514,5.05,5.2566666667,NA,136.3,NA,70.5,65.8,NA,111.4454,100.79346666666667,62.78694
2001-04-01,15039142,9780543.7,2366691.7,3156145.2,1286125.8,1681075.5,NA,89.46364,4.4,73.36472,101.6945,NA,1.04344526655283,-0.805822857351168,5.27,4.0966666667,NA,138.4,NA,71.8,66.6,NA,113.7374,100.63173333333333,62.13296
2001-07-01,14978889.3,9814578.1,2388152.4,3101762.7,1220267.4,1642942.2,NA,88.23175,4.833333,72.83088,103.4983,NA,0.131430717236203,0.032683587248594,4.98,3.3366666667,NA,140.4,NA,73.7,66.7,NA,113.4233,100.29449333333334,58.41995
2001-10-01,15020047.7,9972937.4,2414847.4,3059682.6,1177848.3,1625926.1,NA,87.26623,5.5,72.33089,105.5072,NA,-0.281267579223725,-0.0836711135,4.77,2.0566666667,NA,141.4,NA,74.6,66.8,NA,113.7459,99.96633333333334,56.59628
2002-01-01,15145669.1,9995141.4,2461612.2,3035593.2,1203577.9,1672123.9,NA,87.91088,5.7,72.1638,107.0363,NA,0.3572771718691429,-0.6589281915,5.0766666667,1.8233333333,NA,142,NA,75.2,66.8,NA,115.2322,100.79776666666667,57.84077
2002-04-01,15238467.6,10045699.5,2481788.1,3036147,1239401.7,1728158.5,NA,89.26849,5.833333,71.92838,108.6438,NA,1.08675285741053,0.5904284297,5.1,1.8333333333,NA,143.2,NA,76.5,66.7,NA,113.4836,100.94303333333333,56.37316
2002-07-01,15300413.7,10116001.8,2486931.1,3042075.6,1243334.7,1750130,NA,89.81931,5.733333,71.90278,110.9544,NA,0.426320667284522,0.093387952111002,4.26,1.76,NA,144.2,NA,77.8,66.4,NA,111.8681,100.16869,47.90897
2002-10-01,15319325.8,10172267.4,2500195.1,3040474.9,1225008.6,1781553.6,NA,89.77321,5.866667,71.66776,112.8416,NA,0.3137689184200949,0.7830565534,4.0066666667,1.4866666667,NA,145.6,NA,79.3,66.3,NA,112.3299,99.74286333333333,46.98079
2003-01-01,15400003.8,10222372.3,2502680.3,3062749.4,1221243.1,1773799.6,NA,90.33493,5.866667,71.50535,113.9818,NA,1.01195952161911,-0.317094447380317,3.92,1.2633333333,NA,146.1,NA,80.3,65.8,NA,110.0803,99.49034333333333,45.3238
2003-04-01,15536389.6,10339416.6,2531655.7,3122471,1223393.1,1799656.6,NA,89.66272,6.133333,71.26923,116.007,NA,0.36429872495446886,0.583091067621422,3.62,1.1666666667,NA,148.5,NA,83,65.5,NA,106.3245,100.26315,49.42915
2003-07-01,15794790.8,10485614.7,2524909.9,3216986.7,1256816.2,1827840.5,NA,90.25784,6.133333,70.96906,118.8029,NA,0.490018148820322,-0.131236864309159,4.2333333333,1.07,NA,149.2,NA,84.2,65,NA,106.7112,100.44043333333333,52.73785
2003-10-01,15978124.3,10557803.2,2541506.9,3267049.5,1313323.6,1885896.3,NA,91.13046,5.833333,71.10456,122.6607,NA,0.0180603214737247,0.546466409081137,4.2866666667,1.1033333333,NA,149.3,NA,85.1,64.2,NA,103.0754,100.8306,56.6192
2004-01-01,16068664.6,10656241,2557012.3,3259067.7,1343026.3,1938716.9,NA,91.77399,5.7,71.18108,125.6861,NA,0.90285301552908,-0.07358919021494,4.02,1.0533333333,NA,149.7,NA,85.4,64.3,NA,101.2651,101.27726666666666,61.81828
2004-04-01,16193189.1,10714386.3,2561483.3,3335568.9,1371176.7,2015089.3,NA,92.30554,5.6,71.14085,128.823,NA,1.43163922691483,1.12707808598225,4.6,1.2466666667,NA,150.6,NA,86.6,64,NA,104.2874,100.9505,60.96649
2004-07-01,16346796.7,10840239.4,2569086.6,3392178.8,1375761.5,2043020.1,NA,92.82437,5.433333,71.23979,132.7458,NA,0.352858151023281,1.2141640439,4.3033333333,1.7033333333,NA,151.4,NA,87.5,63.9,NA,103.2364,101.07146666666667,60.41148
2004-10-01,16513568.1,10962854.1,2568607.7,3441692,1408432.5,2090605.4,NA,94.14078,5.433333,71.29578,136.9177,NA,0.597749648382558,-0.114062696080597,4.1733333333,2.25,NA,153.2,NA,89.1,64.2,NA,99.2799,100.98293333333334,64.57414
2005-01-01,16696763.5,11032513.8,2583712.9,3492366.1,1434823,2108615.4,NA,95.45325,5.3,71.26801,141.6701,NA,0.629150646627056,-0.18012272380219,4.2966666667,2.7833333333,NA,153.3,NA,89.2,64.1,NA,98.24664,100.89996666666667,67.3415
2005-04-01,16779015.9,11154775.8,2578642.3,3544143.5,1466898.3,2136844.8,NA,95.99039,5.1,71.48729,145.3278,NA,1.33726988537686,0.589605013018724,4.16,3.23,NA,154.8,NA,90.3,64.5,NA,100.1356,100.63566666666667,66.85601
2005-07-01,16910532.2,11247326,2589489,3595335.8,1466630.5,2148844.2,NA,95.58202,4.966667,71.71361,148.5619,NA,1.21679520137104,0.558086582429396,4.2133333333,3.7366666667,NA,156,NA,91.6,64.4,NA,100.9071,100.09829333333333,70.07876
2005-10-01,17004473,11268057.3,2590243,3610342.2,1512044,2218100.4,NA,96.45457,4.966667,71.62788,151.9089,NA,0.507958008804608,0.716263214872548,4.49,4.2966666667,NA,157.3,NA,92.4,64.9,NA,101.4122,99.63927,71.04178
2006-01-01,17233248.4,11390930.5,2614980.5,3681808.2,1573366.8,2263748.4,NA,97.37513,4.733333,71.76737,153.9192,NA,0.539083557951489,1.16494502589677,4.57,4.72,NA,159,NA,93.7,65.3,NA,99.91768,100.33596666666666,75.60726
2006-04-01,17277839.9,11449986.5,2607748.2,3670981.2,1602555.1,2286291.6,NA,97.94563,4.633333,71.88897,150.279,NA,1.69235924932974,0.275642259264641,5.07,5.1766666667,NA,160.9,NA,94.9,66.1,NA,99.56796,99.78634333333333,77.04652
2006-07-01,17303749,11523514.7,2611709,3643513.7,1600494.3,2309135.4,NA,98.33781,4.633333,72.05392,148.3436,NA,0.560224089635865,0.510253297738217,4.8966666667,5.3933333333,NA,162.3,NA,96,66.3,NA,99.3309,99.88511,77.3959
2006-10-01,17452466.1,11633438.6,2633827.5,3626769.7,1661199.4,2306167.7,NA,98.57661,4.433333,72.25147,149.5847,NA,-0.852039980337538,1.14874544786978,4.63,5.3233333333,NA,163.9,NA,96.6,67.3,NA,97.61367,100.73926666666667,83.04213
2007-01-01,17504969.3,11705189.5,2828554,3627487.5,1694110.1,2339738.2,NA,99.58523,4.5,72.04289,146.6493,NA,1.01917038506035,1.96579827102388,4.68,5.31,NA,164.9,NA,96.8,68.1,NA,97.6525,100.68596666666667,86.17699
2007-04-01,17612058.1,11735904.9,2846656.8,3653965.5,1719770.5,2352176.7,NA,100.7346,4.5,71.74281,139.6044,NA,1.9173290885979302,-0.143027122729222,4.8466666667,5.3166666667,NA,167.5,NA,97.8,69.7,NA,96.28214,100.20333333333333,91.38494
2007-07-01,17713508,11814194.4,2860927.2,3638689.5,1773526.2,2365349.9,NA,100.8186,4.666667,71.66864,135.3987,NA,0.275928711193016,-0.265223495958555,4.73,5.4233333333,NA,169.2,NA,98.2,71,NA,94.00617,99.89565333333333,91.14911
2007-10-01,17824790.8,11860751.1,2880657.6,3618271.8,1814233.6,2343008.5,NA,101.1431,4.8,71.63622,130.1367,NA,0.7112145553268009,0.4539837863,4.26,5.0233333333,NA,170.6,NA,98.4,72.2,NA,90.40923,99.10934,92.70738
2008-01-01,17748721,11844488,2891249.8,3570713.5,1843157.2,2351794,NA,100.8923,5,71.50607,123.6688,NA,1.13677364185591,1.4487499893,3.6633333333,3.23,NA,171.4,NA,98.4,73,NA,88.74179,98.32590666666667,84.2466
2008-04-01,17854401.9,11877127.2,2908303.1,3559933.6,1897284.9,2329542.5,NA,99.37132,5.333333,71.25367,115.5397,NA,2.19534465606688,-0.568671885107497,3.8866666667,2.7566666667,NA,171.2,NA,97.3,73.9,NA,87.89171,97.06413,86.14906
2008-07-01,17760620.2,11785587,2933039.5,3491989.9,1888823.3,2300143.3,NA,96.0954,6,70.73498,109.1537,NA,1.16305534624079,0.677713215677533,3.8633333333,3.0566666667,NA,172,NA,97.6,74.4,NA,89.75624,97.25801666666666,77.11359
2008-10-01,17371835.5,11679523.2,2963092.5,3304338.8,1777751,2216967.1,NA,91.98734,6.866667,69.96543,106.5593,NA,-2.82852942920165,1.62994211621963,3.2533333333,2.8166666667,NA,170.7,NA,95.9,74.8,NA,97.15007,96.86834333333333,53.64395
2009-01-01,17174687,11649863.9,3009107.2,3094987.8,1635812.7,2006238.6,NA,86.80274,8.266666,68.65194,103.9838,NA,-0.497633075000065,-2.59425636981149,2.7366666667,1.0833333333,NA,170.3,NA,95.7,74.6,NA,99.39849,96.83501666666668,47.7175
2009-04-01,17144004.2,11592594.6,3051409.2,3020176.2,1646576.7,1924764.4,NA,84.40089,9.3,67.89912,102.8869,NA,1.06030233709879,0.657597513862473,3.3133333333,0.6166666667,NA,170.9,NA,96.2,74.7,NA,96.06544,97.71852666666666,53.53225
2009-07-01,17204212.7,11670552.2,3058888.5,3031329.1,1707435.2,2004179.7,NA,85.83384,9.633333,67.30784,102.4854,NA,0.679071981630037,-0.562597940875242,3.5166666667,0.3,NA,170.8,NA,96.9,73.9,NA,93.21964,97.99641,60.63835
2009-10-01,17390175.4,11657695,3073205.2,3036540.9,1801481.1,2101724.7,NA,87.16769,9.933333,66.56239,102.8795,NA,0.20118858880576,-0.4436034544,3.46,0.2233333333,NA,169.2,NA,96.7,72.5,NA,90.56252,98.22634666666667,66.32294
2010-01-01,17474430.9,11725256.2,3067464.7,3025671.2,1842044.1,2154577.9,NA,88.82774,9.833333,66.72742,101.5312,NA,0.40141505360425,-0.8577863988,3.7166666667,0.2066666667,NA,167.3,NA,95.5,71.8,NA,90.65418,98.54385666666667,67.3168
2010-04-01,17643511.1,11830404.1,3065107.9,3122907.7,1882573.9,2252859.6,NA,90.55605,9.633333,66.7923,101.3745,NA,0.4750721516790429,0.9047264503,3.49,0.4233333333,NA,164.7,NA,94.1,70.6,NA,91.92249,98.50729666666666,66.72086
2010-07-01,17779557.6,11914808.2,3038991.9,3135008.3,1936355.7,2331606.4,NA,91.75803,9.466666,66.73017,99.127,NA,0.0932504983551205,-0.030947023477279,2.7866666667,0.3366666667,NA,162.6,NA,92.6,70,NA,90.75297,98.02767666666666,65.13765
2010-10-01,17872919.8,11987836.1,3021568.7,3174438.6,1989364.3,2340178.2,NA,92.14383,9.5,66.4425,97.9832,NA,0.294916320739454,0.178673098983295,2.8633333333,0.28,NA,160.4,NA,91.5,68.9,NA,87.2877,98.28873,71.58693
2011-01-01,17830524.4,12033629.8,2990290.4,3156309,2006426.9,2351603.1,NA,92.64056,9.033334,66.65167,95.1116,NA,1.26482237514333,1.85181436997388,3.46,0.2833333333,NA,158.7,NA,90.4,68.3,NA,85.91751,98.53530333333333,77.23933
2011-04-01,17951162.6,12046011.8,2973384.9,3205509.8,2040404.5,2360393.5,NA,93.00644,9.066667,66.49582,93.993,NA,1.74331089219681,-0.3096721425,3.21,0.22,NA,157.4,NA,89.2,68.1,NA,84.56867,98.18640666666667,78.02744
2011-07-01,17947157.2,12082671.2,2927212.7,3304128.7,2068490.7,2386578.8,NA,94.04443,9,66.58975,93.9632,NA,0.408517984250489,0.849182770573242,2.4266666667,0.2866666667,NA,156.5,NA,88.4,68.1,NA,85.15247,97.0525,70.99938
2011-10-01,18148712.6,12103515.6,2927313,3368504.2,2084168.4,2417911.4,NA,95.02229,8.633333,66.78533,94.0126,NA,-0.152055770464975,-1.6599005745,2.0466666667,0.4233333333,NA,155.8,NA,87.6,68.2,NA,87.85928,97.55020999999999,68.65376
2012-01-01,18300906,12190814.7,2926690.6,3437764.4,2109622.3,2429824.8,NA,95.97697,8.266666,66.95595,94.1093,NA,0.7956386559205691,1.72235738410758,2.0366666667,0.33,NA,154.2,NA,86.2,68,NA,86.83136,98.73846,74.80493
2012-04-01,18382589.3,12212225.3,2910973.8,3490027.7,2130393.1,2438858.5,NA,96.57458,8.2,67.03635,95.7197,NA,0.827531738138412,0.159457713683686,1.8233333333,0.3,NA,153.1,NA,85.1,68,NA,88.74168,98.83688333333333,72.76023
2012-07-01,18409065.4,12236990.4,2917041.1,3483266.3,2143442.5,2451951.6,NA,96.56176,8.033334,67.12849,97.4251,NA,0.2193281479826689,0.415837032808408,1.6433333333,0.2666666667,NA,152.7,NA,84.3,68.4,NA,88.43221,98.82856333333334,75.08566
2012-10-01,18430353.7,12285757.7,2891137.7,3524198,2145501.2,2428850.7,NA,97.037,7.8,67.36195,99.5402,NA,0.0360404695392824,2.37619382809515,1.7066666667,0.2333333333,NA,152.4,NA,83.4,69,NA,86.72386,99.15581333333334,77.37923
2013-01-01,18612180.3,12365638.1,2872323,3565774.4,2156637.2,2426765.1,NA,97.79041,7.733333,67.22165,101.4458,NA,0.590329875755822,-1.44552317271724,1.95,0.22,NA,151.2,NA,82.4,68.8,NA,86.86122,98.89879333333333,83.31729
2013-04-01,18661993.3,12400976.6,2870186.2,3593823.9,2176191.7,2462001.9,NA,98.22322,7.533333,67.3248,103.5161,NA,0.540980611864743,0.733717725937466,1.9966666667,0.1966666667,NA,151.3,NA,81.9,69.4,NA,87.92209,99.54406,86.59168
2013-07-01,18820880.3,12451393.4,2850425.5,3650181,2194824.5,2479690.5,NA,98.62168,7.233333,67.46493,105.7122,NA,0.3779793413259539,-0.5445830144,2.71,0.1233333333,NA,151.3,NA,81.5,69.8,NA,88.82278,99.42073666666667,89.18593
2013-10-01,18984949.8,12561051.4,2828733.1,3693809.5,2258057.7,2499289.7,NA,99.28031,6.933333,67.3762,108.0494,NA,-0.27906764611145,0.0086202252,2.7466666667,0.1266666667,NA,151.3,NA,81.5,69.8,NA,87.70745,99.0032,93.96948
2014-01-01,18919433.5,12606242.2,2830915.1,3714630.6,2236437.4,2531551.8,NA,99.96426,6.666667,67.76601,108.6448,NA,0.761222529671388,2.37632976568671,2.7633333333,0.1233333333,NA,151.2,NA,80.8,70.4,NA,88.97342,99.47237666666666,96.29462
2014-04-01,19163842.7,12727337.1,2821333.6,3819065.3,2284750,2589208.2,NA,101.341,6.2,68.0396,108.0744,NA,1.18086781372786,-0.854166217138597,2.6233333333,0.1133333333,NA,151,NA,80.3,70.7,NA,89.01688,99.57300666666666,100.1053
2014-07-01,19396758.4,12853132.6,2842182.6,3886382,2294179.2,2594081.5,NA,101.9191,6.066667,68.234,109.368,NA,0.114675844472626,0.025333657823712,2.4966666667,0.1266666667,NA,150.2,NA,79.2,71,NA,89.47429,99.67470666666667,102.2646
2014-10-01,19494854.2,13001245.1,2832458.7,3938005.9,2313191.2,2662176.8,NA,102.5184,5.7,68.5293,111.9405,NA,-0.8033517566055489,1.2516085384106,2.28,0.1333333333,NA,150.4,NA,78.7,71.6,NA,92.5222,100.5004,100.5696
2015-01-01,19670402.5,13100999.6,2858417.2,3947131.7,2294882.2,2701825.1,NA,101.3736,5.533333,68.49741,113.9893,NA,-0.543199001688326,0.447611911733836,1.9666666667,0.15,NA,149.7,NA,77.6,72.1,NA,97.19311,101.11516666666667,101.7028
2015-04-01,19792241.9,13191170.8,2872620.7,4002467,2301036.3,2722984.8,NA,99.9547,5.433333,68.72253,113.9327,NA,1.2055956442996,0.562434181925386,2.1666666667,0.1533333333,NA,150.4,NA,77.5,72.9,NA,98.33162,100.94746666666667,103.8063
2015-07-01,19871459.4,13284048.7,2887105.7,4044109.2,2282457.6,2741552.5,NA,100.0191,5.1,68.68916,115.2478,NA,0.262677373843337,0.333115497870695,2.22,0.24,NA,150.8,NA,77.5,73.3,NA,101.7764,100.63126666666666,97.8527
2015-10-01,19908118.1,13338078.6,2905690.6,4040277.6,2279360,2749306.6,NA,98.65257,5.033333,68.89723,117.4922,NA,-0.4498436877111129,0.2861154095,2.19,0.3633333333,NA,150.5,NA,76.9,73.6,NA,102.7138,100.59343333333334,96.63821
2016-01-01,20023489.5,13438775,2920454,4082562.4,2272841.8,2746031.3,NA,97.99034,4.9,69.23746,118.837,NA,0.064634065805905,-0.032659535747104,1.92,0.5533333333,NA,151.2,NA,76.5,74.6,NA,104.4266,100.67213333333333,90.54796
2016-04-01,20087789.7,13505435,2924435.2,4101114.1,2290431.8,2749537,NA,97.62228,4.933333,69.22,118.7786,NA,1.1723505565470802,0.284604699449575,1.7533333333,0.5566666667,NA,151.9,NA,76.8,75.1,NA,102.5915,100.72953333333334,97.06623
2016-07-01,20230290.6,13599381.5,2940840.2,4138707.4,2327618.4,2769603.9,NA,97.88821,4.9,69.37461,120.0298,NA,0.332681941074896,0.0637665669,1.5633333333,0.7,NA,152.7,NA,77.2,75.5,NA,103.5806,100.53143333333333,100.4258
2016-10-01,20342426.9,13669504.9,2940120.8,4177043.7,2310257,2809495.5,NA,97.84122,4.766667,69.52032,121.6285,NA,0.222574197162863,0.487949060815662,2.13,0.7666666667,NA,152.2,NA,77,75.2,NA,106.6976,100.89316666666667,100.9166
2017-01-01,20441472.2,13774604.7,2925377.9,4226553.8,2366494.6,2853004.5,NA,97.90347,4.566667,69.78111,122.3015,NA,0.7907369629848109,0.657839763836421,2.4433333333,0.9166666667,NA,152.5,NA,76.6,76,NA,107.213,101.35893333333333,106.5986
2017-04-01,20555918.4,13842918.4,2926155.6,4270924.1,2374474.9,2880125.3,NA,99.27899,4.366667,70.06274,123.3783,NA,0.5435177057500179,0.481983809289233,2.2633333333,1.08,NA,153.2,NA,76.6,76.5,NA,104.9652,101.21173333333333,108.5295
2017-07-01,20718006.7,13936740.4,2926102.8,4302533.5,2388439.8,2891146.7,NA,98.97084,4.333333,70.27944,124.7751,NA,0.396615691380691,0.481950957093891,2.2433333333,1.24,NA,153.2,NA,76.6,76.6,NA,101.3106,101.18093333333333,111.6664
2017-10-01,20951508.3,14089051.1,2939449.8,4404455.3,2450311.1,2972017.7,NA,100.3545,4.166667,70.28722,126.2929,NA,0.370629636262026,0.7395639119,2.37,1.3733333333,NA,153.9,NA,76.7,77.3,NA,101.9612,101.4029,116.8752
2018-01-01,21121930,14191070.5,2944555,4470605.9,2466176.3,2984323.7,NA,100.9124,4.033333,70.48055,127.1149,NA,0.8861183797928,0.3974352996,2.76,1.83,NA,153,NA,75.9,77.2,NA,99.19527,101.51003333333333,120.6047
2018-04-01,21234050.5,14267052.1,2958212.7,4521869.3,2479561.5,2988174.5,NA,102.0777,3.933333,70.66446,127.2813,NA,1.03307556684511,0.413763698321312,2.92,2.1833333333,NA,153.7,NA,75.4,78.3,NA,102.0925,101.50443333333334,118.1016
2018-07-01,21366486.7,14332806.7,2982190.9,4537328.1,2448610.3,3030189.3,NA,102.9375,3.766667,70.74542,128.132,NA,0.327267567757511,0.726087609913706,2.9266666667,2.2,NA,153.2,NA,75.2,78,NA,104.5868,101.44213333333333,121.0241
2018-10-01,21396751.1,14377585.1,2995192.8,4539232.9,2458783.7,3061850.2,NA,103.0706,3.833333,70.97926,129.296,NA,-0.0574947362577725,0.452557597334113,3.0333333333,2.54,NA,153.2,NA,75,78.2,NA,105.938,101.3558,113.901
2019-01-01,21530334.9,14400359.5,3023848.9,4573036.5,2481839.9,3059974.2,NA,102.1109,3.866667,71.03133,129.8488,NA,0.335116034257493,1.24844520149021,2.6533333333,2.52,NA,153.1,NA,74.4,78.7,NA,104.545,101.11536666666666,115.5575
2019-04-01,21710144.6,14523210.7,3076373.2,4642686.4,2469268.9,3076915.2,NA,101.4917,3.633333,71.16843,129.593,NA,1.1985132267461,-0.477739233955699,2.3333333333,2.4033333333,NA,153.4,NA,74.6,78.8,NA,105.8452,101.45853333333334,119.9513
2019-07-01,21964153.7,14688078.2,3108399,4695623.7,2469790.3,3063523.4,NA,101.5491,3.6,71.48135,130.7562,NA,0.274166007843393,-0.480136067062187,1.7966666667,2.1033333333,NA,153.5,NA,74.7,78.8,NA,106.6298,101.00586666666666,121.1577
2019-10-01,22113922.4,14784425.8,3137763.9,4686706.8,2484828.2,3006118.2,NA,100.9886,3.6,71.71983,132.4081,NA,0.213017997422981,0.705569689491492,1.7933333333,1.8033333333,NA,152.9,NA,74.7,78.3,NA,105.9905,101.3574,125.2528
2020-01-01,21822832,14535083.1,3158371.3,4678860.8,2393382.5,2898990.8,NA,99.35066,3.833333,71.35504,133.8173,NA,0.419427421947102,2.77165623707032,1.3766666667,1.53,NA,156,NA,74.2,81.8,NA,106.855,100.9873,120.0189
2020-04-01,20103894.6,13277275.7,3234948.1,4384007.2,1891676.3,2408839.2,NA,86.61503,13,62.38173,135.6717,NA,-0.540035417236732,2.0935519751,0.6866666667,0.185,NA,161.8,NA,75.4,86.3,NA,111.1987,98.79195333333332,106.8753
2020-07-01,21664415,14458318.6,3166646.6,4615200.1,2121715.9,2806153,NA,94.74783,8.8,66.41927,138.4316,NA,1.13148537465285,-2.7664451619,0.65,0.1533333333,NA,162.8,NA,76.6,86.2,NA,107.8001,98.84685333333333,118.4926
2020-10-01,21909984.4,14654735.7,3160468.1,4773313.9,2248575.2,3015581.1,NA,96.2394,6.766667,67.90048,143.2407,NA,0.229950250160706,2.37588649530076,0.8633333333,0.15,NA,164.1,NA,77.7,86.4,NA,104.3425,99.23489666666667,128.1044
2021-01-01,22215807.6,14987837.8,3232446.7,4837882.6,2253649.4,3072632.2,NA,96.58043,6.233333,68.35963,146.1986,NA,1.07311440024275,-0.3247503506,1.3166666667,0.1166666667,NA,164.4,NA,77.6,86.8,NA,102.7162,99.43933666666668,142.0478
2021-04-01,22593896.5,15511585.6,3199183.7,4883666.7,2276507,3139215.5,NA,98.11884,5.933333,68.89445,149.5667,NA,2.3397886944835298,0.91132783314809,1.5933333333,0.1,NA,162.4,NA,77.8,84.6,NA,104.0161,99.85612,153.0035
2021-07-01,22780308.1,15640566.1,3174567,4865564.3,2274967.7,3189732.9,NA,98.89897,5.066667,69.78869,153.3917,NA,1.6009753139137095,1.704960629,1.3233333333,0.1,NA,160.6,NA,77.4,83.3,NA,106.1273,98.77319666666666,155.5046
2021-10-01,23171162.4,15790886,3177284.1,4892980.6,2409211.6,3349565.2,NA,99.91589,4.166667,70.5675,156.9494,NA,1.5177614267615402,0.665738474219779,1.5366666667,0.14,NA,159.3,NA,76.7,82.6,NA,107.8598,98.07095,158.0451
2022-01-01,23112122.6,15805526.8,3146304.5,4961151,2384165.9,3445719.8,NA,100.8377,3.866667,70.94411,159.8687,NA,2.28346447244157,1.34625891584192,1.94,0.4433333333,NA,158,NA,75.9,82.1,NA,108.9275,97.44354333333334,155.4432
2022-04-01,23148303.9,15934797.2,3134477.3,4979011,2458534,3505415.3,NA,101.8558,3.633333,71.26777,159.5628,NA,2.97383289846637,0.651328434626919,2.93,1.37,NA,156.8,NA,75.6,81.2,NA,112.9091,96.62708666666667,145.9139
2022-07-01,23315411.4,16009603.4,3153559.4,4953005.2,2546023.6,3453292.9,NA,102.3967,3.533333,71.42864,156.6506,NA,1.3146621458422,1.44425058469868,3.1066666667,2.8233333333,NA,155,NA,75.1,79.9,NA,117.0319,96.44644,138.9465
2022-10-01,23476343.8,16041442.9,3180672.1,4960693.4,2527136,3426187.9,NA,101.7594,3.566667,71.41212,156.618,NA,0.367161275449672,-0.152882911151031,3.83,4.2733333333,NA,153.4,NA,74.5,78.9,NA,117.734,96.90389333333333,139.0872
2023-01-01,23646277.5,16218858.8,3213180.1,5018411.9,2550646.5,3417404.4,NA,101.6957,3.533333,71.73639,156.6211,NA,1.0449065567158,0.908837412281094,3.6466666667,4.7533333333,NA,151.7,NA,73.3,78.4,NA,113.5496,97.392,145.4639
2023-04-01,23794745.9,16279528.8,3223420.7,5137501.9,2516271.8,3399253,NA,101.8944,3.533333,71.9624,156.822,NA,1.19233217201163,0.55207767545733,3.5933333333,5.1333333333,NA,150.1,NA,72.8,77.3,NA,113.6375,97.36387333333333,144.4937
2023-07-01,24069243.5,16403230.9,3264118.7,5188726.6,2543810.5,3424486.9,NA,102.2995,3.633333,72.0706,158.3349,NA,0.8664265465993198,0.500753045974278,4.15,5.4266666667,NA,148.5,NA,72.2,76.2,NA,114.3625,97.85965333333334,149.4699
2023-10-01,24272401.7,16526539.5,3287466.9,5261856,2581818.3,3469859.1,NA,101.786,3.8,72.00529,159.944,NA,0.1045077381353352,0.423189533430302,4.44,5.3966666667,NA,147.1,NA,71.8,75.3,NA,115.2768,97.72815,147.8073
2024-01-01,24323340,16597699.1,3310629.6,5294777.7,2610910.3,3528207.6,NA,101.5016,3.833333,71.8856,159.7915,NA,1.0425755425039185,1.65775594955577,4.16,5.2566666667,NA,146.1,NA,71,75,NA,114.5778,98.91297,162.7565
2024-04-01,24538719.9,16756722,3333058.8,5322810.5,2615243.4,3599831.3,NA,NA,3.966667,71.88255,159.189,NA,NA,0.368780597186036,4.4433333333,5.3133333333,NA,145.2,NA,70.6,74.6,NA,116.9198,NA,168.1599
2024-07-01,24741109.9,16920138.9,3369869.5,5359212.7,2671778.9,3687870.9,NA,NA,4.166667,71.85939,160.0458,NA,NA,0.328315906115639,3.9466666667,5.0966666667,NA,144.5,NA,70.3,74.3,NA,116.7765,NA,175.3417
2024-10-01,24854888,17082499.6,3397504.2,5344739.2,2665878.4,3686105.7,NA,NA,4.133333,71.78111,161.0769,NA,NA,0.677535780980487,4.2833333333,4.5366666667,NA,142.5,NA,69.3,73.3,NA,119.5943,NA,184.2795
2025-01-01,24814494.7,17108564.7,3382980.3,5424985.1,2666955.4,3995434.4,NA,NA,4.133333,71.81879,159.7398,NA,NA,1.50771048676526,4.4533333333,4.32,NA,141.6,NA,68.5,73.1,NA,121.7598,NA,184.298
2025-04-01,25049239.7,17213118.1,3374428.9,5481447.7,2654672.2,3664219.2,NA,NA,4.2,71.76392,158.417,NA,NA,-0.290649913158025,4.36,4.3066666667,NA,141,NA,68.3,72.7,NA,117.5891,NA,181.3909
2025-07-01,25318856.3,17359853.2,3396649.9,5492025,2716339,3623624.5,NA,NA,4.333333,71.6494,157.6839,NA,NA,0.272460847731271,4.2566666667,4.2,NA,140.6,NA,68.2,72.4,NA,115.8732,NA,195.9556
2025-10-01,25349326.2,17442896.6,3335155.7,5508609.1,2694257.5,3614867.7,NA,NA,4.45,71.77663,158.3161,NA,NA,NA,4.0966666667,3.86,NA,140.3,NA,68.1,72.2,NA,116.0049,NA,202.7365
2026-01-01,25480700.2,17466456,3378425.2,5583664.1,2764682.6,3717113.9,NA,NA,NA,71.76447,156.4275,NA,NA,NA,4.1966666667,3.66,NA,NA,NA,NA,NA,NA,114.5332,NA,212.8322
2026-04-01,25574690.5,17615033.2,3368358.3,5662281.1,2795303.9,3828294,NA,NA,NA,71.65475,NA,NA,NA,NA,4.42333333333333,3.75333333333333,NA,NA,NA,NA,NA,NA,115.8008,NA,216.5022
