date,real_gdp,real_household_consumption,real_govt_consumption,real_gfcf_total,real_exports,real_imports,real_household_disposable_income,industrial_production,industrial_confidence,unemployment_rate,employment_rate,employment_expectations,house_price_real,construction_confidence,retail_sales_volume,retail_confidence,cpi_index,core_cpi_index,food_price_index,energy_price_index,services_price_index,unit_labor_cost,long_term_rate,short_term_rate,mortgage_rate,credit_to_private_nonfin_sector,household_mortgage_loans,euro_area_household_net_worth_growth,household_credit_to_gdp,corporate_credit_to_gdp,government_debt_to_gdp,fx_rate_to_usd,real_effective_exchange_rate,consumer_confidence,economic_sentiment_indicator,services_confidence,geopolitical_risk,share_price_index
1955-01-01,NA,NA,NA,NA,NA,NA,NA,10.76482,NA,NA,NA,NA,NA,NA,NA,NA,NA,NA,NA,NA,NA,NA,NA,NA,NA,NA,NA,NA,NA,NA,NA,NA,NA,NA,NA,NA,NA,NA
1955-04-01,NA,NA,NA,NA,NA,NA,NA,11.00816,NA,NA,NA,NA,NA,NA,NA,NA,NA,NA,NA,NA,NA,NA,NA,NA,NA,NA,NA,NA,NA,NA,NA,NA,NA,NA,NA,NA,NA,NA
1955-07-01,NA,NA,NA,NA,NA,NA,NA,11.31984,NA,NA,NA,NA,NA,NA,NA,NA,NA,NA,NA,NA,NA,NA,NA,NA,NA,NA,NA,NA,NA,NA,NA,NA,NA,NA,NA,NA,NA,NA
1955-10-01,NA,NA,NA,NA,NA,NA,NA,11.64267,NA,NA,NA,NA,NA,NA,NA,NA,NA,NA,NA,NA,NA,NA,NA,NA,NA,NA,NA,NA,NA,NA,NA,NA,NA,NA,NA,NA,NA,NA
1956-01-01,NA,NA,NA,NA,NA,NA,NA,11.53728,NA,NA,NA,NA,NA,NA,NA,NA,NA,NA,NA,NA,NA,NA,NA,NA,NA,NA,NA,NA,NA,NA,NA,NA,NA,NA,NA,NA,NA,NA
1956-04-01,NA,NA,NA,NA,NA,NA,NA,11.60655,NA,NA,NA,NA,NA,NA,NA,NA,NA,NA,NA,NA,NA,NA,NA,NA,NA,NA,NA,NA,NA,NA,NA,NA,NA,NA,NA,NA,NA,NA
1956-07-01,NA,NA,NA,NA,NA,NA,NA,11.9307,NA,NA,NA,NA,NA,NA,NA,NA,NA,NA,NA,NA,NA,NA,NA,NA,NA,NA,NA,NA,NA,NA,NA,NA,NA,NA,NA,NA,NA,NA
1956-10-01,NA,NA,NA,NA,NA,NA,NA,11.96705,NA,NA,NA,NA,NA,NA,NA,NA,NA,NA,NA,NA,NA,NA,NA,NA,NA,NA,NA,NA,NA,NA,NA,NA,NA,NA,NA,NA,NA,NA
1957-01-01,NA,NA,NA,NA,NA,NA,NA,12.13956,NA,NA,NA,NA,NA,NA,NA,NA,NA,NA,NA,NA,NA,NA,NA,NA,NA,NA,NA,NA,NA,NA,NA,1.8852907761,NA,NA,NA,NA,NA,NA
1957-04-01,NA,NA,NA,NA,NA,NA,NA,12.38243,NA,NA,NA,NA,NA,NA,NA,NA,NA,NA,NA,NA,NA,NA,NA,NA,NA,NA,NA,NA,NA,NA,NA,1.8858455121,NA,NA,NA,NA,NA,NA
1957-07-01,NA,NA,NA,NA,NA,NA,NA,12.58966,NA,NA,NA,NA,NA,NA,NA,NA,NA,NA,NA,NA,NA,NA,NA,NA,NA,NA,NA,NA,NA,NA,NA,1.8858455121,NA,NA,NA,NA,NA,NA
1957-10-01,NA,NA,NA,NA,NA,NA,NA,12.59305,NA,NA,NA,NA,NA,NA,NA,NA,NA,NA,NA,NA,NA,NA,NA,NA,NA,NA,NA,NA,NA,NA,NA,1.8858455121,NA,NA,NA,NA,NA,NA
1958-01-01,NA,NA,NA,NA,NA,NA,NA,12.78249,NA,NA,NA,NA,NA,NA,NA,NA,NA,NA,NA,NA,NA,NA,NA,NA,NA,NA,NA,NA,NA,NA,NA,1.8858455121,NA,NA,NA,NA,NA,NA
1958-04-01,NA,NA,NA,NA,NA,NA,NA,12.68106,NA,NA,NA,NA,NA,NA,NA,NA,NA,NA,NA,NA,NA,NA,NA,NA,NA,NA,NA,NA,NA,NA,NA,1.8858455121,NA,NA,NA,NA,NA,NA
1958-07-01,NA,NA,NA,NA,NA,NA,NA,12.70294,NA,NA,NA,NA,NA,NA,NA,NA,NA,NA,NA,NA,NA,NA,NA,NA,NA,NA,NA,NA,NA,NA,NA,1.8858455121,NA,NA,NA,NA,NA,NA
1958-10-01,NA,NA,NA,NA,NA,NA,NA,12.81299,NA,NA,NA,NA,NA,NA,NA,NA,NA,NA,NA,NA,NA,NA,NA,NA,NA,NA,NA,NA,NA,NA,NA,1.8858455121,NA,NA,NA,NA,NA,NA
1959-01-01,NA,NA,NA,NA,NA,NA,NA,12.85119,NA,NA,NA,NA,NA,NA,NA,NA,NA,NA,NA,NA,NA,NA,NA,NA,NA,NA,NA,NA,NA,NA,NA,1.8890964102,NA,NA,NA,NA,NA,NA
1959-04-01,NA,NA,NA,NA,NA,NA,NA,13.51502,NA,NA,NA,NA,NA,NA,NA,NA,NA,NA,NA,NA,NA,NA,NA,NA,NA,NA,NA,NA,NA,NA,NA,1.8878512823,NA,NA,NA,NA,NA,NA
1959-07-01,NA,NA,NA,NA,NA,NA,NA,13.5712,NA,NA,NA,NA,NA,NA,NA,NA,NA,NA,NA,NA,NA,NA,NA,NA,NA,NA,NA,NA,NA,NA,NA,1.8870688381,NA,NA,NA,NA,NA,NA
1959-10-01,NA,NA,NA,NA,NA,NA,NA,13.9438,NA,NA,NA,NA,NA,NA,NA,NA,NA,NA,NA,NA,NA,NA,NA,NA,NA,NA,NA,NA,NA,NA,NA,1.8863808686,NA,NA,NA,NA,NA,NA
1960-01-01,19903.910262457586,10764.001926760611,5782.383147507847,4465.935907974259,2050.431463674408,2254.518903350464,NA,14.34783,NA,NA,NA,NA,NA,NA,NA,NA,NA,NA,NA,NA,NA,NA,NA,NA,NA,NA,NA,NA,NA,NA,NA,1.8911118701,NA,NA,NA,NA,NA,NA
1960-04-01,20369.530503874365,11042.598552667123,5828.388817573354,4519.341758225197,2028.5961139203894,2362.1636135718286,NA,14.75788,NA,NA,NA,NA,NA,NA,NA,NA,NA,NA,NA,NA,NA,NA,NA,NA,NA,NA,NA,NA,NA,NA,NA,1.8918797798,NA,NA,NA,NA,NA,NA
1960-07-01,20625.172425609013,11029.637784362414,5870.629702854449,4647.836284004763,2026.230825178506,2446.098361262198,NA,15.02702,NA,NA,NA,NA,NA,NA,NA,NA,NA,NA,NA,NA,NA,NA,NA,NA,NA,NA,NA,NA,NA,NA,NA,1.8851623874,NA,NA,NA,NA,NA,NA
1960-10-01,20911.10824919313,11302.340974034254,5893.444298647982,4844.258644632335,2139.8144803413716,2528.503433950568,NA,15.43604,NA,NA,NA,NA,NA,NA,NA,NA,NA,NA,NA,NA,NA,NA,NA,NA,NA,30.5,NA,NA,NA,NA,NA,1.8900653813,NA,NA,NA,NA,NA,NA
1961-01-01,21497.829848248366,11630.097482678762,5865.459398417191,5561.970176485661,2123.954596882638,2529.070894031955,NA,15.35585,NA,NA,NA,NA,NA,NA,NA,NA,NA,NA,NA,NA,NA,NA,NA,NA,NA,30.8,NA,NA,NA,NA,NA,1.8948763229,NA,NA,NA,NA,NA,NA
1961-04-01,21422.61484194073,11342.612788304514,5923.286492705749,4999.718993534386,2205.245836274737,2398.481058780595,NA,15.39489,NA,NA,NA,NA,NA,NA,NA,NA,NA,NA,NA,NA,NA,NA,NA,NA,NA,31.7,NA,NA,NA,NA,NA,1.8961117611,NA,NA,NA,NA,NA,NA
1961-07-01,21691.770219892544,11686.660096296895,5975.6922969047555,5094.362272460099,2217.2963599702275,2439.436873350264,NA,15.55233,NA,NA,NA,NA,NA,NA,NA,NA,NA,NA,NA,NA,NA,NA,NA,NA,NA,31.8,NA,NA,NA,NA,NA,1.8830403407,NA,NA,NA,NA,NA,NA
1961-10-01,21741.22055967624,11741.929028790346,6007.040404876287,5145.965393588644,2183.0868154297236,2415.1101063829788,NA,15.69086,NA,NA,NA,NA,NA,NA,NA,NA,NA,NA,NA,NA,NA,NA,NA,NA,NA,32,NA,NA,NA,NA,NA,1.8798112444,NA,NA,NA,NA,NA,NA
1962-01-01,22059.35602893533,11954.09273323854,6048.478136070042,5331.97198595349,2283.8730136101885,2519.3500561160213,NA,15.83121,NA,NA,NA,NA,NA,NA,NA,NA,NA,NA,NA,NA,NA,NA,NA,NA,NA,32.5,NA,NA,NA,NA,NA,1.88029573,NA,NA,NA,NA,NA,NA
1962-04-01,22054.554544491868,12093.355110605,6070.2636906891685,5342.913550210246,2359.5124577979977,2532.1055718585026,NA,15.81679,NA,NA,NA,NA,NA,NA,NA,NA,NA,NA,NA,NA,NA,NA,NA,NA,NA,32.8,NA,NA,NA,NA,NA,1.8780452946,NA,NA,NA,NA,NA,NA
1962-07-01,22239.63444484347,12327.918664156521,6096.2909028320655,5380.295141595455,2387.6967404907564,2635.481995380739,NA,16.05615,NA,NA,NA,NA,NA,NA,NA,NA,NA,NA,NA,NA,NA,NA,NA,NA,NA,32.9,NA,NA,NA,NA,NA,1.8778515003,NA,NA,NA,NA,NA,NA
1962-10-01,22259.855129329597,12518.832458278888,6146.061357681983,5313.619201971334,2390.8587580720114,2761.9269048202286,NA,15.9853,NA,NA,NA,NA,NA,NA,NA,NA,NA,NA,NA,NA,NA,NA,NA,NA,NA,33,NA,NA,NA,NA,NA,1.8782560458,NA,NA,NA,NA,NA,NA
1963-01-01,22341.678364226947,12411.385053756512,6282.0704826601495,5070.576263206282,2391.207326939236,2779.789561295193,NA,16.08215,NA,NA,NA,NA,NA,NA,NA,NA,NA,NA,NA,NA,NA,NA,NA,NA,NA,33.7,NA,NA,NA,NA,NA,1.8786436342,NA,NA,NA,NA,NA,NA
1963-04-01,22993.022003910428,12800.184145839818,6334.300596902551,5678.446508115931,2497.744911428912,2921.2104824478083,NA,16.61104,NA,NA,NA,NA,NA,NA,NA,NA,NA,NA,NA,NA,NA,NA,NA,NA,NA,34.1,NA,NA,NA,NA,NA,1.8785806511,NA,NA,NA,NA,NA,NA
1963-07-01,23243.07044376764,13094.592429936913,6386.1793312317395,5551.228915464726,2550.9514592331743,2905.370944523876,NA,16.78707,NA,NA,NA,NA,NA,NA,NA,NA,NA,NA,NA,NA,NA,NA,NA,NA,NA,33.9,NA,NA,NA,NA,NA,1.8772531607,NA,NA,NA,NA,NA,NA
1963-10-01,23716.9324084817,13206.519804279955,6425.910359989894,5805.1383047731015,2575.450871043841,2909.6885755779076,NA,17.1087,NA,NA,NA,NA,NA,NA,NA,NA,NA,NA,NA,NA,NA,NA,NA,NA,NA,34.2,NA,NA,NA,NA,NA,1.878902834,NA,NA,NA,NA,NA,NA
1964-01-01,23955.521635466117,13354.550464824826,6582.876786934617,5860.847642235989,2586.2316081515833,3070.4771560300355,NA,17.68857,NA,NA,NA,NA,NA,NA,NA,NA,NA,NA,NA,NA,NA,NA,NA,NA,NA,34.1,NA,NA,NA,NA,NA,1.8785322025,NA,NA,NA,NA,NA,NA
1964-04-01,24302.391761626543,13210.52063294333,6653.25316383788,6076.449037693479,2588.4475102360843,3176.419486007239,NA,17.89257,NA,NA,NA,NA,NA,NA,NA,NA,NA,NA,NA,NA,NA,NA,NA,NA,NA,34.9,NA,NA,NA,NA,NA,1.8783844344,NA,NA,NA,NA,NA,NA
1964-07-01,24521.23055260125,13406.537280390836,6725.86331304656,6073.093958493467,2741.8676073675133,3195.4417348224288,NA,18.01637,NA,NA,NA,NA,NA,NA,NA,NA,NA,NA,NA,NA,NA,NA,NA,NA,NA,35.4,NA,NA,NA,NA,NA,1.877090858,NA,NA,NA,NA,NA,NA
1964-10-01,25221.158284875022,13632.931477210557,6771.567800329314,6213.030806619344,2752.623446699026,3354.4785906754923,NA,18.20026,NA,NA,NA,NA,NA,NA,NA,NA,NA,NA,NA,NA,NA,NA,NA,NA,NA,36.3,NA,NA,NA,NA,NA,1.8778684573,NA,NA,NA,NA,NA,NA
1965-01-01,24960.93762797522,13698.933171627312,6703.927167036057,6120.265370529458,2755.9348509376623,3302.0008692359224,NA,18.58251,NA,NA,NA,NA,NA,NA,NA,NA,NA,NA,NA,NA,NA,NA,NA,NA,NA,37.2,NA,NA,NA,NA,NA,1.8783044943,NA,NA,NA,NA,NA,NA
1965-04-01,25092.755700892125,13934.598749840603,6744.034674272652,6309.60200418984,2812.9507585051683,3438.1419444138937,NA,18.55957,NA,NA,NA,NA,NA,NA,NA,NA,NA,NA,NA,NA,NA,NA,NA,NA,NA,38.1,NA,NA,NA,NA,NA,1.8776237921,NA,NA,NA,NA,NA,NA
1965-07-01,25599.955807592494,14090.175883612801,6784.970434161818,6688.500612650903,2981.682988018264,3647.781436220205,NA,18.97005,NA,NA,NA,NA,NA,NA,NA,NA,NA,NA,NA,NA,NA,NA,NA,NA,NA,38.2,NA,NA,NA,NA,NA,1.8767032696,NA,NA,NA,NA,NA,NA
1965-10-01,25715.06768463653,14245.729060327132,6841.040628884318,6684.594699552382,2906.890068222286,3759.9411549152137,NA,18.86265,NA,NA,NA,NA,NA,NA,NA,NA,NA,NA,NA,NA,NA,NA,NA,NA,NA,39.5,NA,NA,NA,NA,NA,1.8780622515,NA,NA,NA,NA,NA,NA
1966-01-01,26537.086771341226,14287.94139628442,6912.621736918592,7072.982673810493,2942.070626035774,3858.9506030285156,NA,19.40818,NA,NA,NA,NA,NA,NA,NA,NA,NA,NA,NA,NA,NA,NA,NA,NA,NA,40,NA,NA,NA,NA,NA,1.8791765683,NA,NA,NA,NA,NA,NA
1966-04-01,26504.317877510588,14731.19488089378,6949.1401493273825,6971.779463911623,2963.1092469504215,3857.02617318729,NA,19.513,NA,NA,NA,NA,NA,NA,NA,NA,NA,NA,NA,NA,NA,NA,NA,NA,NA,40.9,NA,NA,NA,NA,NA,1.8786290997,NA,NA,NA,NA,NA,NA
1966-07-01,26577.65188991254,14610.139867504357,6989.097065172601,6980.442578860908,3071.514164657374,3901.0413377609584,NA,19.45806,NA,NA,NA,NA,NA,NA,NA,NA,NA,NA,NA,NA,NA,NA,NA,NA,NA,41.4,NA,NA,NA,NA,NA,1.8771562636,NA,NA,NA,NA,NA,NA
1966-10-01,26814.186873552582,14542.868449020783,7055.6082630305345,7050.2232186402625,3022.814114350805,3888.3845107282837,NA,20.06057,NA,NA,NA,NA,NA,NA,NA,NA,NA,NA,NA,NA,NA,NA,NA,NA,NA,42.1,NA,NA,NA,NA,NA,1.8791644562,NA,NA,NA,NA,NA,NA
1967-01-01,27049.311111763363,14969.280121951388,7129.849818979127,7079.3673394523075,3047.5874017000056,3839.385566309391,NA,19.56941,NA,NA,NA,NA,NA,NA,NA,NA,NA,NA,NA,NA,NA,NA,NA,NA,NA,42.7,NA,NA,NA,NA,NA,1.8797942874,NA,NA,NA,NA,NA,NA
1967-04-01,27280.920861360886,14978.767116865738,7195.708454141096,7061.7406547000055,3138.314898283408,3918.9533385908258,NA,19.82403,NA,NA,NA,NA,NA,NA,NA,NA,NA,NA,NA,NA,NA,NA,NA,NA,NA,43.1,NA,NA,NA,NA,NA,1.8784474176,NA,NA,NA,NA,NA,NA
1967-07-01,27101.162193768792,14984.085583711661,7260.312161041595,6887.426763726245,3100.1466073222787,3744.2989944108945,NA,19.52511,NA,NA,NA,NA,NA,NA,NA,NA,NA,NA,NA,NA,NA,NA,NA,NA,NA,43.1,NA,NA,NA,NA,NA,1.8768461928,NA,NA,NA,NA,NA,NA
1967-10-01,27537.528029968187,15240.426102862033,7299.691809886537,7124.5106812256045,3211.6388492817946,4078.903065009599,NA,20.12512,NA,NA,NA,NA,NA,NA,NA,NA,NA,NA,NA,NA,NA,NA,NA,NA,NA,43.2,NA,NA,NA,NA,NA,1.8787429538,NA,NA,NA,NA,NA,NA
1968-01-01,27885.685151958824,15458.195758850525,7341.957793732862,7359.3662252264485,3326.8906554520945,4235.44803094005,NA,20.37279,NA,NA,NA,NA,NA,NA,NA,NA,NA,NA,NA,NA,NA,NA,NA,NA,NA,42.9,NA,NA,NA,NA,NA,1.8806397147,NA,NA,NA,NA,NA,NA
1968-04-01,28215.477833449208,15612.503168555902,7403.62496850152,7163.594850115297,3403.6007040178088,3999.5326701477766,NA,21.17357,NA,NA,NA,NA,NA,NA,NA,NA,NA,NA,NA,NA,NA,NA,NA,NA,NA,43.6,NA,NA,NA,NA,NA,1.879338871,NA,NA,NA,NA,NA,NA
1968-07-01,28726.563677560007,16092.98592108673,7465.743917444307,7448.5762788805005,3411.3439124254483,4279.783933820589,NA,21.69887,NA,NA,NA,NA,NA,NA,NA,NA,NA,NA,NA,NA,NA,NA,NA,NA,NA,43.5,NA,NA,NA,NA,NA,1.8776916201,NA,NA,NA,NA,NA,NA
1968-10-01,28983.91334376166,15377.340688557768,7518.400707295607,7355.936032313003,3618.194637347213,4271.987525745881,NA,21.65833,NA,NA,NA,NA,NA,NA,NA,NA,NA,NA,NA,NA,NA,NA,NA,NA,NA,44.6,NA,NA,NA,NA,NA,1.8786460567,NA,NA,NA,NA,NA,NA
1969-01-01,29266.111929454215,15650.978203486324,7544.678905090799,7004.654232490845,3814.3393184899255,4252.225111607143,NA,22.70654,NA,NA,NA,NA,NA,NA,NA,NA,NA,NA,NA,NA,NA,NA,NA,NA,NA,45,NA,NA,NA,NA,NA,1.8796150278,NA,NA,NA,NA,NA,NA
1969-04-01,29819.91613515994,16058.631500109006,7592.516770418052,7321.133345088998,3836.946499307085,4492.088020791673,NA,23.41078,NA,NA,NA,NA,NA,NA,NA,NA,NA,NA,NA,NA,NA,NA,NA,NA,NA,46.4,NA,NA,NA,NA,NA,1.8800849788,NA,NA,NA,NA,NA,NA
1969-07-01,30537.39156058018,16265.285081248363,7641.860549659071,7557.215746409249,4037.672371276183,4647.966837930931,NA,24.20263,NA,NA,NA,NA,NA,NA,NA,NA,NA,NA,NA,NA,NA,NA,NA,NA,NA,46.8,NA,NA,NA,NA,NA,1.8799735471,NA,NA,NA,NA,NA,NA
1969-10-01,30848.201053575023,16599.198553764054,7692.057680117889,7650.256599448389,4394.0093446849805,4685.419203302472,NA,24.13582,NA,NA,NA,NA,NA,NA,NA,NA,NA,NA,NA,NA,NA,NA,NA,NA,NA,47.6,NA,NA,NA,NA,NA,1.8808141295,NA,NA,NA,NA,NA,NA
1970-01-01,31430.51716690378,16752.81120879136,7761.1540301944515,7667.407564015615,4652.697239718338,5081.234946158615,NA,24.87717,NA,NA,NA,NA,NA,NA,NA,NA,NA,NA,NA,NA,NA,NA,NA,NA,NA,47.8,NA,NA,NA,NA,NA,1.8798742275,85.42111,NA,NA,NA,NA,NA
1970-04-01,32244.888528386673,16741.743048057953,7849.551176932429,8304.446967641785,4693.82836605088,5385.072811475165,NA,25.71621,NA,NA,NA,NA,NA,NA,NA,NA,NA,NA,NA,NA,NA,NA,NA,NA,NA,48.5,NA,NA,NA,NA,NA,1.8813688655,84.62542,NA,NA,NA,NA,NA
1970-07-01,32869.05675611696,17220.836291232637,7946.983807152995,8508.505889135056,4864.104257690256,5480.208727728564,NA,26.13083,NA,NA,NA,NA,NA,NA,NA,NA,NA,NA,NA,NA,NA,NA,NA,NA,NA,48.4,NA,NA,NA,NA,NA,1.8796004932000001,85.33327,NA,NA,NA,NA,NA
1970-10-01,33277.356183249925,17387.721156316886,8007.797630703853,8605.377541559285,4886.064096325427,5617.706772666374,NA,26.0783,NA,NA,NA,NA,NA,NA,NA,NA,NA,NA,NA,NA,NA,NA,NA,NA,NA,49.5,NA,NA,NA,NA,NA,1.8785782287,85.09357,NA,NA,NA,NA,NA
1971-01-01,33334.30574873656,17558.53497889092,8056.9155228578065,8993.414985154708,4880.362505568676,5575.418660514318,NA,27.12716,NA,NA,NA,NA,NA,NA,NA,NA,NA,NA,NA,NA,NA,NA,NA,NA,NA,49.4,NA,NA,NA,NA,NA,1.8796973903,83.87157,NA,NA,NA,NA,NA
1971-04-01,34052.59792151058,18176.507286506232,8104.577698228454,9565.681329897065,5004.502817853212,5704.750214715646,NA,27.14955,NA,NA,NA,NA,NA,NA,NA,NA,NA,NA,NA,NA,NA,NA,NA,NA,NA,51,NA,NA,NA,NA,NA,1.8252145665,84.86404,NA,NA,NA,NA,NA
1971-07-01,34598.80390183413,18500.742107644655,8153.043027686443,9517.107795210322,5245.7124739728615,5755.796949863022,NA,27.26978,NA,NA,NA,NA,NA,NA,NA,NA,NA,NA,NA,NA,NA,NA,NA,NA,NA,51.2,NA,NA,NA,NA,NA,1.7895927657,84.98848,NA,NA,NA,NA,NA
1971-10-01,34472.70306039372,18443.74826698496,8287.420745924699,9571.790578589622,5189.617784125879,5884.6350605153175,NA,27.636,NA,NA,NA,NA,NA,NA,NA,NA,NA,NA,NA,NA,NA,NA,NA,NA,NA,53.2,NA,NA,NA,NA,NA,1.7477574375,84.47786,NA,NA,NA,NA,NA
1972-01-01,35595.50792256953,18889.181843859995,8383.874532101318,10034.365863815165,5221.0636755048135,6002.1733138947775,NA,28.15338,NA,NA,NA,NA,NA,NA,NA,NA,NA,NA,NA,NA,NA,NA,NA,NA,NA,53.3,NA,NA,NA,NA,NA,1.6876570036,84.39526,NA,NA,NA,NA,NA
1972-04-01,35582.192465710854,18705.263510634068,8445.71739682658,10118.618412382633,5449.30159020845,6216.081092400216,NA,28.69384,NA,NA,NA,NA,NA,NA,NA,NA,NA,NA,NA,NA,NA,NA,NA,NA,NA,54.4,NA,NA,NA,NA,NA,1.6770467698,84.4519,NA,NA,NA,NA,NA
1972-07-01,36063.504156288225,19580.486705598603,8517.323603426084,10320.724377326644,5657.546590599114,6079.520590205568,NA,29.3207,NA,NA,NA,NA,NA,NA,NA,NA,NA,NA,NA,NA,NA,NA,NA,NA,NA,54.9,NA,NA,NA,NA,NA,1.6701428506,85.735,NA,NA,NA,NA,NA
1972-10-01,37690.44013510776,19924.34235712807,8595.028761376334,11741.850797576528,6054.143268172391,7406.637015327548,NA,31.52157,NA,NA,NA,NA,NA,NA,NA,NA,NA,NA,NA,NA,NA,NA,NA,NA,NA,56.3,NA,NA,NA,NA,NA,1.6845805203,85.88058,NA,NA,NA,NA,NA
1973-01-01,37156.33686557212,19781.941605181357,8594.77777572404,10199.365654323221,5498.200822724861,6763.0879386798115,NA,29.95026,NA,NA,NA,NA,NA,NA,53.0294,NA,NA,NA,NA,NA,NA,NA,NA,NA,NA,55.1,NA,NA,NA,NA,NA,1.5897884978,86.16341,NA,NA,NA,NA,NA
1973-04-01,37916.97615114389,20545.213468744987,8680.890953026143,10574.558652921585,6005.418320089592,7037.047797102464,NA,30.78073,NA,NA,NA,NA,NA,NA,56.48249,NA,NA,NA,NA,NA,NA,NA,NA,NA,NA,55.1,NA,NA,NA,NA,NA,1.4553195303,86.71538,NA,NA,NA,NA,NA
1973-07-01,38067.90116215541,20090.029369319094,8774.759586984132,10850.000640080785,6032.482202851985,7136.254622635379,NA,31.24215,NA,NA,NA,NA,NA,NA,57.38937,NA,NA,NA,NA,NA,NA,NA,NA,NA,NA,54.6,NA,NA,NA,NA,NA,1.2854588926,90.09916,NA,NA,NA,NA,NA
1973-10-01,38872.99130370893,20822.133100600982,8904.468972089719,10739.533405525162,6063.430138706312,7223.421425571908,NA,31.73297,NA,NA,NA,NA,NA,NA,58.1581,NA,NA,NA,NA,NA,NA,NA,NA,NA,NA,55.1,NA,NA,NA,NA,NA,1.3652367075,89.45908,NA,NA,NA,NA,NA
1974-01-01,39656.94501374329,21179.165133955932,9102.697440271591,11341.369515455684,6577.295342324547,7803.242267862142,NA,32.66069,NA,NA,NA,NA,NA,NA,58.27116,NA,NA,NA,NA,NA,NA,NA,NA,NA,NA,54.4,NA,NA,NA,NA,NA,1.4532265527,88.85013,NA,NA,NA,NA,NA
1974-04-01,39489.83355517495,20981.2079648214,9192.475008097186,11167.356079335657,6465.803100365031,7587.212682095865,NA,32.87565,NA,NA,NA,NA,NA,NA,58.01716,NA,NA,NA,NA,NA,NA,NA,NA,NA,NA,54.2,NA,NA,NA,NA,NA,1.3276696971,91.3366,NA,NA,NA,NA,NA
1974-07-01,39673.94820865389,20763.222695312124,9284.185165445448,10901.779026540671,6497.896333925954,7508.903190864462,NA,32.7653,NA,NA,NA,NA,NA,NA,59.31023,NA,NA,NA,NA,NA,NA,NA,NA,NA,NA,54.1,NA,NA,NA,NA,NA,1.3466615311,91.88773,NA,NA,NA,NA,NA
1974-10-01,39188.280532189674,20748.057877683885,9369.04341448608,10633.748259106873,6585.436915151873,7205.262702967525,NA,31.65911,NA,NA,NA,NA,NA,NA,57.319,NA,NA,NA,NA,NA,NA,NA,NA,NA,NA,55.4,NA,NA,NA,NA,NA,1.3063765567,91.93823,NA,NA,NA,NA,NA
1975-01-01,39242.77985561496,21692.948196918445,9423.055526859765,10699.322530933974,6223.448146538784,7299.584437365022,NA,31.08425,NA,NA,NA,NA,NA,NA,59.12496,NA,NA,NA,NA,NA,NA,NA,NA,NA,NA,55.6,NA,NA,NA,NA,NA,1.2073113716,93.48744,NA,NA,NA,NA,NA
1975-04-01,38838.514665411276,21224.108574509777,9550.405646833788,10304.499815225092,6210.924565094918,7044.4494503379465,NA,30.09904,NA,NA,NA,NA,NA,NA,59.47191,NA,NA,NA,NA,NA,NA,NA,NA,NA,NA,57.3,NA,NA,NA,NA,NA,1.2122361673,92.60454,NA,NA,NA,NA,NA
1975-07-01,39211.495956973005,21539.4313701226,9679.060892199737,10361.636313243209,6357.7965470777635,6960.786096599544,NA,30.00501,NA,NA,NA,NA,NA,NA,59.99839,NA,NA,NA,NA,NA,NA,NA,NA,NA,NA,57.7,NA,NA,NA,NA,NA,1.3092011075,92.36185,NA,NA,NA,NA,NA
1975-10-01,40143.256188122614,21931.943806174902,9764.596802501565,10498.643726545193,6707.909076428974,7400.098888302872,NA,30.65192,NA,NA,NA,NA,NA,NA,60.7651,NA,NA,NA,NA,NA,NA,NA,NA,NA,NA,59.1,NA,NA,NA,NA,NA,1.335409354,91.56335,NA,NA,NA,NA,NA
1976-01-01,39997.206911314,21998.304856459625,9905.977020438826,10458.232548718182,6544.455175476713,7988.332943104104,NA,31.2137,NA,NA,NA,NA,NA,NA,60.13822,NA,NA,NA,NA,NA,NA,NA,NA,NA,NA,59.2,NA,NA,NA,NA,NA,1.3336918526,93.01597,NA,NA,NA,NA,NA
1976-04-01,40735.546519135474,22412.42655870573,9989.605439783216,10746.944625250562,7078.28839563169,8241.272106337985,NA,31.7473,NA,NA,NA,NA,NA,NA,61.23707,NA,NA,NA,NA,NA,NA,NA,NA,NA,NA,60.5,NA,NA,NA,NA,NA,1.3315092452,94.3701,NA,NA,NA,NA,NA
1976-07-01,41670.64798945965,22759.27684246826,10047.532928332692,10806.910406474659,7294.9986399406735,8620.310768527037,NA,32.56004,NA,NA,NA,NA,NA,NA,63.06279,NA,NA,NA,NA,NA,NA,NA,NA,NA,NA,61.6,NA,NA,NA,NA,NA,1.3069652067,95.89512,NA,NA,NA,NA,NA
1976-10-01,42238.06465106179,23143.35639415226,10110.806411276031,11449.508224894878,7403.00519322794,8854.449732542795,NA,33.18075,NA,NA,NA,NA,NA,NA,63.79387,NA,NA,NA,NA,NA,NA,NA,NA,NA,NA,65.1,NA,NA,NA,NA,NA,1.2425649635,97.78131,NA,NA,NA,NA,NA
1977-01-01,42316.868395742116,22963.34306135825,10214.639175630096,11431.606123193322,7293.0317156184765,8759.85660419333,NA,33.29203,NA,NA,NA,NA,NA,NA,64.19823,NA,NA,NA,NA,NA,NA,NA,NA,NA,NA,64.1,NA,NA,NA,NA,NA,1.2366300153,98.17431,NA,NA,NA,NA,NA
1977-04-01,42920.46944010891,23455.66060047415,10273.47021252783,11624.047457008939,7313.223812141291,8525.915017597186,NA,33.49535,NA,NA,NA,NA,NA,NA,64.78374,NA,NA,NA,NA,NA,NA,NA,NA,NA,NA,65.8,NA,NA,NA,NA,NA,1.2205499396,98.0379,NA,NA,NA,NA,NA
1977-07-01,43055.72775187963,23729.84912773359,10309.185470849281,11959.330035869845,7653.626208762664,9182.984447488403,NA,33.41634,NA,NA,NA,NA,NA,NA,66.50661,NA,NA,NA,NA,NA,NA,NA,NA,NA,NA,66.2,NA,NA,NA,NA,NA,1.1917739197,98.8722,NA,NA,NA,NA,NA
1977-10-01,44048.39753568573,25132.03176748612,10392.939383019819,12452.50164036714,7336.204459601906,9319.939704522276,NA,33.62765,NA,NA,NA,NA,NA,NA,70.83222,NA,NA,NA,NA,NA,NA,NA,NA,NA,NA,67.6,NA,NA,NA,NA,NA,1.1544249278,98.09924,NA,NA,NA,NA,NA
1978-01-01,42120.9232805932,23137.70252849623,10216.345878065697,10733.624460068426,7734.319901525235,8620.36011288194,NA,33.68509,NA,NA,NA,NA,NA,NA,60.44212,NA,NA,NA,NA,NA,NA,NA,NA,NA,NA,67.8,NA,NA,NA,NA,NA,1.0843271343,98.494,NA,NA,NA,NA,NA
1978-04-01,42914.75220863241,23305.928988820895,10336.241724166583,11135.232447890765,7888.063669747658,9046.991405375142,NA,34.12584,NA,NA,NA,NA,NA,NA,63.52211,NA,NA,NA,NA,NA,NA,NA,NA,NA,NA,69.4,NA,NA,NA,NA,NA,1.0883314075,97.55531,NA,NA,NA,NA,NA
1978-07-01,43196.97554424478,23632.51160163004,10431.741764864484,11001.304696839536,7972.168357853787,8981.46210206367,NA,34.56147,NA,NA,NA,NA,NA,NA,64.98457,NA,NA,NA,NA,NA,NA,NA,NA,NA,NA,71.1,NA,NA,NA,NA,NA,1.0531916698,96.55711,NA,NA,NA,NA,NA
1978-10-01,43484.29736333836,23655.797861874355,10534.018418174326,10984.92990731112,8269.895966016336,9174.842628929371,NA,35.10136,NA,NA,NA,NA,NA,NA,64.95686,NA,NA,NA,NA,NA,NA,NA,NA,NA,NA,73.6,NA,NA,NA,NA,NA,0.9979796952,96.64138,NA,NA,NA,NA,NA
1979-01-01,44491.544849913524,24225.95188199208,10655.746459536958,11366.307268315475,8452.5460524422,9597.180962545994,NA,35.67243,NA,NA,NA,NA,NA,NA,67.0372,NA,NA,NA,NA,NA,NA,NA,NA,NA,NA,73.5,NA,NA,NA,NA,NA,0.98719020179999994,97.03391,NA,NA,NA,NA,NA
1979-04-01,45065.025241869516,24537.034278362884,10722.107066003517,11471.466467121823,8833.506926542814,9897.490706486962,NA,36.40292,NA,NA,NA,NA,NA,NA,67.03481,NA,NA,NA,NA,NA,NA,NA,NA,NA,NA,75.2,NA,NA,NA,NA,NA,1.0131998091,94.97366,NA,NA,NA,NA,NA
1979-07-01,45461.34570781364,24394.226256432477,10766.431132198653,11498.707707193562,9167.884061316441,10051.790504269318,NA,37.63774,NA,NA,NA,NA,NA,NA,66.48489,NA,NA,NA,NA,NA,NA,NA,NA,NA,NA,76.1,NA,NA,NA,NA,NA,0.9626170941,95.51299,NA,NA,NA,NA,NA
1979-10-01,46065.466500496485,24662.18594864714,10815.222743004624,11613.256120179049,9192.781837546794,10456.63626407275,NA,38.08922,NA,NA,NA,NA,NA,NA,67.29527,NA,NA,NA,NA,NA,NA,NA,NA,NA,NA,78.6,NA,NA,NA,NA,NA,0.9232090386,97.52953,NA,NA,NA,NA,NA
1980-01-01,46558.26215386646,24919.221222475582,10923.523051969523,12204.701499751325,9443.104079766754,10828.988766172413,NA,38.31157,NA,NA,NA,NA,NA,NA,68.13634,NA,NA,NA,NA,NA,NA,NA,NA,NA,NA,78.5,NA,NA,NA,NA,NA,0.9242385704,97.56003,NA,NA,NA,NA,NA
1980-04-01,46069.871986222955,24628.64606763681,10952.13541633105,11817.565420717096,9021.510034858202,10715.718799492082,NA,38.03964,NA,NA,NA,NA,NA,NA,67.23743,NA,NA,NA,NA,NA,NA,NA,NA,NA,NA,80.2,NA,NA,NA,NA,NA,0.9391704154,96.78122,NA,NA,NA,NA,NA
1980-07-01,46309.94620839607,24905.829227129318,10966.316105685666,11806.824159696163,9500.966511726092,10656.801639737641,NA,37.38902,NA,NA,NA,NA,NA,NA,67.27586,NA,NA,NA,NA,NA,NA,NA,NA,NA,NA,81.5,NA,NA,NA,NA,NA,0.9145682386,97.51311,NA,NA,NA,NA,NA
1980-10-01,46335.438625802075,24901.70861317662,11033.580260500483,11942.229147111575,9544.487824576745,10269.719847699367,NA,38.0691,NA,NA,NA,NA,NA,NA,68.04738,NA,NA,NA,NA,NA,NA,NA,NA,NA,NA,82.6,NA,NA,NA,NA,NA,0.9836655693,95.13964,NA,NA,NA,NA,NA
1981-01-01,46014.506415604264,24801.041056029902,11036.541891197554,12067.018063028441,9562.364427910139,10500.700773001321,NA,37.4635,NA,NA,NA,NA,NA,NA,68.22306,NA,NA,NA,NA,NA,NA,NA,NA,NA,NA,83.3,NA,NA,NA,NA,NA,1.074659225,94.31229,NA,NA,NA,NA,NA
1981-04-01,46477.577415280444,25123.407226654894,11150.43918020861,11958.754164066859,9787.763996123516,10416.223237407015,NA,37.28598,NA,NA,NA,NA,NA,NA,68.3742,NA,NA,NA,NA,NA,NA,NA,NA,NA,NA,84.7,NA,NA,NA,NA,NA,1.1677119443,93.86382,NA,NA,NA,NA,NA
1981-07-01,46445.278769926226,25036.03583662299,11256.530815433323,11803.869686967793,9931.249880539033,10607.03785781775,NA,37.09159,NA,NA,NA,NA,NA,NA,68.58317,NA,NA,NA,NA,NA,NA,NA,NA,NA,NA,85,NA,NA,NA,NA,NA,1.2428532324,93.52114,NA,NA,NA,NA,NA
1981-10-01,46152.01697007786,25232.98680932721,11256.60611112901,11529.35410227427,10127.817823877664,10619.744029205327,NA,37.39182,NA,NA,NA,NA,NA,NA,68.90305,NA,NA,NA,NA,NA,NA,NA,NA,NA,NA,86.3,NA,NA,NA,NA,NA,1.1435869857,94.75839,NA,NA,NA,NA,NA
1982-01-01,47088.1084371945,25635.05811146746,11396.80669650049,11234.98345932993,10177.065625261299,10360.094033704607,NA,37.97029,NA,NA,NA,NA,NA,NA,69.49342,NA,NA,NA,NA,NA,NA,NA,NA,NA,NA,85.7,NA,NA,NA,NA,NA,1.1962045401,94.80086,NA,NA,NA,NA,NA
1982-04-01,47226.287239503006,25684.4575647841,11482.769282411215,11054.76062289943,9934.51148922521,10189.535270981643,NA,37.35316,NA,NA,NA,NA,NA,NA,68.79096,NA,NA,NA,NA,NA,NA,NA,NA,NA,NA,85.8,NA,NA,NA,NA,NA,1.2163494497,95.48953,NA,NA,NA,NA,NA
1982-07-01,47194.335093026144,25547.44715085691,11562.658015536423,10932.42542162138,9855.037787497926,9979.649057400817,NA,36.87746,NA,NA,NA,NA,NA,NA,69.01532,NA,NA,NA,NA,NA,NA,NA,NA,NA,NA,85.3,NA,NA,NA,NA,NA,1.2688143912,95.1889,NA,NA,NA,NA,NA
1982-10-01,47111.794110454255,25885.840593193265,11621.614545260305,10643.613193471087,10069.308049736335,9647.388843660015,NA,36.21948,NA,NA,NA,NA,NA,NA,69.16557,NA,NA,NA,NA,NA,NA,NA,NA,NA,NA,85.4,NA,NA,NA,NA,NA,1.2775472434,95.46349,NA,NA,NA,NA,NA
1983-01-01,47683.64100770268,26548.876126651743,11657.681183494966,10795.067477656707,10032.80790978264,10119.984402745562,NA,36.30824,NA,NA,NA,NA,NA,NA,71.14924,NA,NA,NA,NA,NA,NA,NA,NA,NA,NA,83.4,NA,NA,NA,NA,NA,1.2300628136,96.50331,NA,NA,NA,NA,NA
1983-04-01,48307.611236074474,26875.96183767604,11695.70550981752,10931.123450588539,10247.501434216965,10384.100062365023,NA,37.47549,NA,NA,NA,NA,NA,NA,71.82456,NA,NA,NA,NA,NA,NA,NA,NA,NA,NA,83.4,NA,NA,NA,NA,NA,1.2714039665,95.61221,NA,NA,NA,NA,NA
1983-07-01,48712.64367379231,26787.1290671144,11739.602900403757,11102.407755120497,10646.114831664901,10662.377551841704,NA,38.12641,NA,NA,NA,NA,NA,NA,72.07368,NA,NA,NA,NA,NA,NA,NA,NA,NA,NA,83.1,NA,NA,NA,NA,NA,1.3510703497,94.8165,NA,NA,NA,NA,NA
1983-10-01,49206.37982411513,27646.44477565689,11762.793974675731,11207.216423264157,10565.968889979398,11296.649889767637,NA,37.724850000000004,NA,NA,NA,NA,NA,NA,76.00055,NA,NA,NA,NA,NA,NA,NA,NA,NA,NA,83.5,NA,NA,NA,NA,NA,1.3706023851,94.74007,NA,NA,NA,NA,NA
1984-01-01,48558.05567464867,26542.31189279686,11737.695409446322,10889.109846874955,11116.433824656251,11442.48713068409,NA,38.5219,NA,NA,NA,NA,NA,NA,70.04648,NA,NA,NA,NA,NA,NA,NA,NA,NA,NA,81.2,NA,NA,NA,NA,NA,1.3835793309,96.71258,NA,NA,NA,NA,NA
1984-04-01,48215.244535337355,26675.872490391564,11792.385183081205,11026.86839731127,10399.079095907347,11689.307593909974,NA,38.82566,NA,NA,NA,NA,NA,NA,71.03719,NA,NA,NA,NA,NA,NA,NA,NA,NA,NA,82.4,NA,NA,NA,NA,NA,1.3842043173,96.67463,NA,NA,NA,NA,NA
1984-07-01,48658.787848282125,26526.500234606276,11838.79243019038,10871.483162122651,11203.775223672325,11680.820364866622,NA,39.91301,NA,NA,NA,NA,NA,NA,71.63538,NA,NA,NA,NA,NA,NA,NA,NA,NA,NA,83.1,NA,NA,NA,NA,NA,1.489790678,96.55148,NA,NA,NA,NA,NA
1984-10-01,49121.190600123395,26694.199639657923,11855.407680372251,11291.29370650028,11401.114998074094,11918.04335106383,NA,40.07341,NA,NA,NA,NA,NA,NA,71.5956,NA,NA,NA,NA,NA,NA,NA,NA,NA,NA,86.1,NA,NA,NA,NA,NA,1.5582024617,95.68074,NA,NA,NA,NA,NA
1985-01-01,49357.13158568796,26956.840865026665,11915.69443405329,11593.075569170021,12108.435923002164,12138.587945303752,NA,40.84053,-5.833333333333333,NA,NA,NA,NA,NA,72.22388,NA,NA,NA,NA,NA,NA,NA,NA,NA,NA,85,NA,NA,NA,NA,NA,1.6620810108,95.51434,NA,97.13333333333333,NA,114.68451690673828,NA
1985-04-01,49433.95533678335,27071.163945156157,11942.349110326923,11600.211371946167,11902.531313577152,12535.341230903055,NA,40.94776,-6.1,NA,NA,NA,NA,NA,72.35292,NA,NA,NA,NA,NA,NA,NA,NA,NA,NA,85.8,NA,NA,NA,NA,NA,1.576663784,95.67648,NA,95.36666666666667,NA,113.32489013671875,NA
1985-07-01,50167.7904591991,27178.228036752702,11970.384207688172,12043.657698150744,11479.742175409547,12633.980596354584,NA,41.72282,-7.3,NA,NA,NA,NA,NA,73.12257,NA,NA,NA,NA,NA,NA,NA,NA,NA,NA,86.1,NA,NA,NA,NA,NA,1.454105894,96.98476,NA,93.5,NA,106.37467447916667,NA
1985-10-01,49958.925885908495,27252.73448671136,12023.417476017914,11892.679134150203,11762.058060085508,12299.203820513718,NA,41.30344,-4.8,NA,NA,NA,NA,NA,72.44173,NA,NA,NA,NA,NA,NA,NA,NA,NA,NA,87.4,NA,NA,NA,NA,NA,1.3201432139,97.81023,NA,97.03333333333333,NA,99.0870869954427,NA
1986-01-01,50405.73618826841,27473.307118470002,12135.005697027866,11826.328687284293,11250.906714076382,11569.326794962806,NA,41.85364,-6.366666666666666,NA,NA,NA,NA,NA,72.14867,NA,NA,NA,NA,NA,NA,NA,NA,NA,NA,85.3,NA,NA,NA,NA,NA,1.1988837453,100.1239,NA,95.43333333333334,NA,110.9291508992513,NA
1986-04-01,51015.62371226736,27581.640934133364,12157.945785647547,11981.763998281865,11719.134293864381,11933.53747850344,NA,41.89807,-7.266666666666667,NA,NA,NA,NA,NA,72.6171,NA,NA,NA,NA,NA,NA,NA,NA,NA,NA,85.9,NA,NA,NA,NA,NA,1.1459173613,100.2154,NA,94.56666666666666,NA,120.66578420003255,NA
1986-07-01,51057.178827631134,27966.94229576845,12198.605461319188,12209.959459691641,11513.752537740207,12393.772276685731,NA,41.51257,-7.666666666666667,NA,NA,NA,56.8446,NA,71.96457,NA,NA,NA,NA,NA,NA,NA,NA,NA,NA,86.3,NA,NA,NA,NA,NA,1.0660644511,101.8764,NA,94.26666666666667,NA,105.05187225341797,NA
1986-10-01,51094.971955183544,27797.90129547639,12236.127816337155,12252.899465870902,11659.255142030384,12266.340480148177,NA,41.28682,-10,NA,NA,NA,53.7156,NA,71.83899,NA,NA,NA,NA,NA,NA,NA,NA,NA,NA,89.1,NA,NA,NA,NA,NA,1.0274364173,102.9489,NA,91.36666666666667,NA,98.77301025390625,NA
1987-01-01,50659.22486697944,27675.408858615097,12201.165514972588,12274.13160886799,11382.142892586566,12139.056716675334,NA,41.33482,-11.200000000000001,NA,NA,NA,58.0007,NA,71.79465,NA,NA,NA,NA,NA,NA,NA,NA,NA,NA,87.4,NA,NA,NA,NA,NA,0.9400109978,103.8832,NA,90.5,NA,95.74462890625,NA
1987-04-01,51553.266220336074,28249.70744974339,12205.934242366176,12653.480899609654,11767.635161961107,12511.655940549512,NA,42.20565,-12.266666666666666,NA,NA,NA,63.1117,NA,72.77174,NA,NA,NA,NA,NA,NA,NA,NA,NA,NA,88.4,NA,NA,NA,NA,NA,0.9222812487,103.7029,NA,88.8,NA,102.07580057779948,NA
1987-07-01,52179.63719092959,28661.792802071006,12203.524780104153,12650.25100993203,12118.569317927919,12784.6289118741,NA,41.93994,-8.5,NA,NA,NA,55.316,NA,73.76316,NA,NA,NA,NA,NA,NA,NA,NA,NA,NA,89.3,NA,NA,NA,NA,NA,0.9400085754,104.6326,NA,93.33333333333333,NA,106.66916147867839,NA
1987-10-01,52602.39057123257,29463.779271143703,12216.37524550161,12808.540642040061,12305.850390732625,13350.978745275756,NA,42.65454,-4.3999999999999995,NA,NA,NA,60.6391,NA,75.7482,NA,NA,NA,NA,NA,NA,NA,NA,NA,NA,91.7,NA,NA,NA,NA,NA,0.8730332914,104.1458,NA,99.16666666666667,NA,102.3561528523763,NA
1988-01-01,52070.58904423941,29044.482844398863,12294.657670452136,13337.140881373305,12535.831149772386,13293.443227458607,NA,42.73925,-3.7333333333333334,NA,NA,NA,57.4351,NA,75.6246,NA,NA,NA,NA,NA,NA,NA,NA,NA,NA,90.9,NA,NA,NA,NA,NA,0.855783183,104.2063,NA,99.63333333333334,NA,93.20472971598308,NA
1988-04-01,53026.158698247826,29316.467322334764,12335.066360471485,13386.01487091378,12896.475438469035,13761.573122425412,NA,43.65134,1.1,NA,NA,NA,61.3832,NA,76.89551,NA,NA,NA,NA,NA,NA,NA,NA,NA,NA,93.1,NA,NA,NA,NA,NA,0.8718923279,103.2916,NA,105.39999999999999,NA,101.34403737386067,NA
1988-07-01,53907.05784418447,29590.224622552643,12361.193966875298,13479.105799761875,13301.537359960632,14274.458347289434,NA,44.53919,4.6000000000000005,NA,NA,NA,72.356,NA,75.75986,NA,NA,NA,NA,NA,NA,NA,NA,NA,NA,93.6,NA,NA,NA,NA,NA,0.9538672849,103.4619,NA,109.53333333333333,NA,80.77576700846355,NA
1988-10-01,54544.9375274904,29872.678334775344,12390.785175280773,13632.087396120634,13700.773201814325,14726.847393042113,NA,44.55945,9.366666666666667,NA,NA,NA,67.8542,NA,76.9342,NA,NA,NA,NA,NA,NA,NA,NA,NA,NA,95.9,NA,NA,NA,NA,NA,0.9069593928,102.4705,NA,114.63333333333334,NA,77.5491231282552,NA
1989-01-01,54993.925822793746,30166.20020773145,12441.735262696473,13803.572003888414,14140.96588556695,15056.5663725054,NA,45.09516,8.233333333333334,NA,NA,NA,69.0073,NA,77.924,NA,NA,NA,NA,NA,NA,NA,NA,NA,NA,93.4,NA,NA,NA,NA,NA,0.9451513896,101.4357,NA,113.16666666666667,NA,89.53297170003255,NA
1989-04-01,55255.50772528319,30458.83566954657,12519.114139298741,13926.332849542587,14496.70531234622,15265.095616326387,NA,46.24151,12.2,NA,NA,NA,71.5987,NA,78.68803,NA,NA,NA,NA,NA,NA,NA,NA,NA,NA,95.2,NA,NA,NA,NA,NA,0.9889731086,100.6824,NA,117.56666666666666,NA,92.28971862792969,NA
1989-07-01,55713.62874099704,30756.23858587673,12609.895649733513,14024.831965757865,14667.2301817479,15538.58670337746,NA,46.73058,13.1,NA,NA,NA,78.2551,NA,79.46571,NA,NA,NA,NA,NA,NA,NA,NA,7.7333333333,NA,97.2,NA,NA,NA,NA,NA,0.9840410456,101.8371,NA,118.26666666666667,NA,93.15874735514323,NA
1989-10-01,56438.13314364379,31065.069018808266,12690.160861337165,14191.334030534583,14817.16459020708,15971.386040233563,NA,47.7935,14.933333333333334,NA,NA,NA,79.6683,NA,79.78938,NA,NA,NA,NA,NA,NA,NA,NA,9,NA,99.1,NA,NA,NA,NA,NA,0.9278382981,102.0834,NA,120.7,NA,91.63563791910808,NA
1990-01-01,57133.65539019109,31379.002305064947,12744.850634972045,14394.391435848745,15153.608240407826,16312.676270921653,NA,49.24231,12.733333333333333,NA,NA,NA,79.7529,NA,82.60458,NA,NA,NA,NA,NA,NA,NA,8.4433333333,8.9833333333,NA,98.5,NA,NA,NA,NA,NA,0.865211272,103.6004,NA,118,NA,75.51439921061198,NA
1990-04-01,57749.63139446371,31681.100804736554,12786.991125992223,14574.6643480882,15562.877886082351,16486.31905582607,NA,49.60504,12.366666666666667,NA,NA,NA,89.1512,NA,81.79813,NA,NA,NA,NA,NA,NA,NA,8.7833333333,8.86,NA,100.5,NA,NA,NA,NA,NA,0.8579512559,103.3087,NA,117.63333333333334,NA,82.57735697428386,NA
1990-07-01,58226.859348272155,31962.452492297485,12848.507709369504,14783.230092387457,15891.204861232005,16674.789819378897,NA,49.81564,10.799999999999999,NA,NA,NA,97.3175,NA,82.52918,NA,NA,NA,NA,NA,NA,NA,8.83,8.7933333333,NA,101.1,NA,NA,NA,NA,NA,0.8147666354,104.3004,NA,116.06666666666666,NA,174.96634928385416,NA
1990-10-01,58624.986558362536,32221.356416639355,12937.482123107759,15058.74719326009,15958.304368172803,16893.187934180532,NA,50.42536,6.633333333333334,NA,NA,NA,98.3367,NA,83.01442,NA,NA,NA,NA,NA,NA,NA,8.8533333333,9.22,NA,102.9,NA,NA,NA,NA,NA,0.7670084712,103.7905,NA,110.56666666666666,NA,151.91951497395834,NA
1991-01-01,59031.083242632274,32447.822484632674,13042.569815723295,15424.726243010658,15851.916170340508,17230.65397736362,NA,50.58982,3.1999999999999997,NA,NA,NA,99.9353,NA,86.77797,NA,NA,NA,NA,NA,NA,NA,8.6033333333,9.4533333333,NA,101.9,NA,NA,NA,NA,NA,0.7821,103.6637,NA,106.33333333333333,NA,289.07537841796875,NA
1991-04-01,59569.54249805476,32684.757786912785,13154.05764247233,15809.358531597114,15999.335903400422,17605.226975433932,NA,50.96414,0.06666666666666667,NA,NA,NA,105.3285,NA,84.29558,NA,NA,NA,NA,NA,NA,NA,8.4466666667,9.28,NA,103.7,NA,NA,NA,NA,NA,0.8868,101.3288,NA,102.93333333333332,NA,91.35428873697917,NA
1991-07-01,60230.21685750725,32979.788954514355,13260.324967653647,16051.62529532336,16315.537661525892,17662.61446018637,NA,50.72417,-4.233333333333333,NA,NA,NA,108.3189,NA,86.81882,NA,NA,NA,NA,NA,NA,NA,8.6166666667,9.4433333333,NA,103.1,NA,NA,NA,NA,NA,0.8919,102.0443,NA,97.10000000000001,NA,115.54063161214192,NA
1991-10-01,60598.71841358307,33276.089846182746,13356.427373917055,16131.746589652006,16505.308511953637,17578.013563704808,NA,50.41197,-7.066666666666666,NA,NA,NA,111.9793,NA,87.40266,NA,NA,NA,NA,NA,NA,NA,8.52,9.6766666667,NA,104.7,NA,NA,NA,NA,NA,0.8315666667,101.1132,NA,94.03333333333333,NA,101.84789276123047,NA
1992-01-01,60831.24391021362,33520.044566417164,13450.89837344055,16086.928740636919,16542.057629669634,17674.383088830786,NA,50.31866,-8.3,NA,NA,NA,117.6322,NA,87.68405,NA,NA,NA,NA,NA,NA,NA,8.2666666667,9.7233333333,NA,103.1,NA,NA,NA,NA,NA,0.8286,102.0387,NA,93.33333333333333,NA,91.81947326660156,NA
1992-04-01,61122.72371583555,33700.00998509544,13553.67699805498,15977.212643215627,16458.550488193036,17798.23741963786,NA,51.48499,-7.8999999999999995,NA,NA,NA,122.2887,NA,87.23079,NA,NA,NA,NA,NA,NA,NA,8.32,9.69,NA,104.5,NA,NA,NA,NA,NA,0.8257,101.8705,NA,93.96666666666667,NA,86.22428639729817,NA
1992-07-01,61171.08505914754,33810.955120066035,13667.850371283559,15882.719591716781,16241.641061674209,17748.72035949248,NA,49.514,-9.1,NA,NA,NA,116.4785,NA,86.06655,NA,NA,NA,NA,NA,NA,NA,8.3,9.6733333333,NA,105.3,NA,NA,NA,NA,NA,0.7484,104.7946,NA,92.7,NA,77.1505610148112,NA
1992-10-01,60986.07940855537,33883.42522010621,13797.88603773713,15772.728077346237,16052.19388233746,17461.28949218125,NA,48.89103,-17.6,NA,NA,NA,118.3286,NA,86.30331,NA,NA,NA,NA,NA,NA,NA,7.67,8.7533333333,NA,106.7,NA,NA,NA,NA,NA,0.7922666667,105.1909,NA,82.06666666666666,NA,80.87091318766277,759.5500183105469
1993-01-01,60840.005381826944,33956.68590305591,13938.337608760901,15708.580966074363,15893.868923288652,17037.890254934213,NA,49.28778,-22.633333333333333,3.833333,NA,NA,112.8886,NA,84.99985,NA,NA,NA,NA,NA,NA,NA,7.0707666667,8.0566666667,NA,105.9,NA,NA,NA,NA,NA,0.836,105.2961,NA,75.56666666666666,NA,104.5425287882487,793.2199910481771
1993-04-01,61187.147757105304,34052.27456393535,14069.22662643227,15830.365333453907,15870.116444764895,16774.884843300075,NA,48.74987,-22.133333333333333,3.966667,NA,NA,116.6126,NA,85.9179,NA,NA,NA,NA,NA,NA,NA,6.9912,7.2233333333,NA,106.7,NA,NA,NA,NA,NA,0.8271666667,104.4492,NA,76.86666666666666,NA,109.21555582682292,865.9466756184896
1993-07-01,61810.96948595822,34162.66868657507,14183.625886747914,16041.03426172929,16022.41614196596,16813.151390527517,NA,49.20809,-19.7,4.033333,NA,NA,113.8097,NA,85.61958,NA,NA,NA,NA,NA,NA,NA,6.5964333333,6.6233333333,NA,106.4,NA,NA,NA,NA,NA,0.8582,104.6649,NA,80.3,NA,103.24041493733723,1020.9900105794271
1993-10-01,62245.33057865287,34298.36146231971,14290.144197581527,16234.952831909091,16160.573902268181,17149.309808305672,NA,49.61921,-14.566666666666666,4,NA,NA,116.4649,NA,84.62047,NA,NA,NA,NA,NA,NA,NA,6.1589,6.19,NA,107.1,NA,NA,NA,NA,NA,0.8602,104.1472,NA,86.63333333333334,NA,89.73262786865234,1133.7233479817708
1994-01-01,62445.458430249964,34456.2384736469,14394.579327501096,16410.16808744405,16399.368474093488,17679.934328757397,NA,49.9609,-7.033333333333333,3.9,NA,NA,115.2935,NA,86.4037,NA,NA,NA,NA,NA,NA,NA,6.1075666667,5.41,NA,105.3,NA,NA,NA,NA,NA,0.8813333333,103.5823,NA,95.9,NA,98.06869252522786,1124.3766682942708
1994-04-01,62552.99683183163,34598.30382678351,14497.458346376445,16508.11636976082,16667.119159674694,18214.185659294515,NA,50.69834,1,3.833333,NA,NA,112.5801,NA,86.21906,NA,NA,NA,NA,NA,NA,NA,7.0159666667,5.1466666667,NA,106.3,NA,NA,NA,NA,NA,0.8495666667,103.9451,NA,105.6,NA,106.72533416748047,1059.6233317057292
1994-07-01,63120.190744155465,34721.92224536444,14600.01108390381,16566.705066238643,17020.692479921923,18798.990281429975,NA,50.99281,4.3,3.8,NA,NA,111.4081,NA,86.02975,NA,NA,NA,NA,NA,NA,NA,7.2972333333,4.8366666667,NA,105.8,NA,NA,NA,NA,NA,0.7990333333,106.0795,NA,109.6,NA,98.92191569010417,1085.4333089192708
1994-10-01,63972.35523319076,34835.766184336644,14702.086948691816,16611.82337010746,17681.579052180383,19415.5726681231,NA,52.91614,6.6,3.8,NA,NA,108.9489,NA,86.52523,NA,NA,NA,NA,NA,NA,NA,7.6811,5.0766666667,NA,106.7,NA,NA,NA,NA,NA,0.7896333333,105.2842,NA,112.2,NA,92.4769795735677,1028.8966878255208
1995-01-01,64507.3,34944.1,14800.9,16612.9,18163.6,19740.9,NA,53.49685,4.533333333333333,3.933333,NA,NA,109.8643,NA,86.09615,NA,NA,NA,NA,NA,NA,89.298,7.6273666667,5.0433333333,NA,104.6,NA,NA,NA,NA,NA,0.7569666667,107.147,NA,109.13333333333333,NA,79.75815073649089,970.41668701171875
1995-04-01,65340.4,35101.7,14948.4,16702.3,18134.6,20155.9,NA,54.70364,-3.1333333333333333,4.1,NA,NA,107.5501,NA,86.3506,NA,NA,NA,NA,NA,NA,88.495,7.1840333333,4.68,NA,105.1,NA,NA,NA,NA,NA,0.7137666667,108.454,NA,99.86666666666667,NA,97.2137222290039,1032.9299723307292
1995-07-01,65707.5,35326.2,14932.6,16746.2,18438.6,20064.9,NA,53.62722,-11.533333333333333,4.366667,NA,NA,112.4676,NA,86.33048,NA,NA,NA,NA,NA,NA,88.453,6.9979666667,4.3733333333,NA,105.4,NA,NA,NA,NA,NA,0.7321,107.9322,NA,89.86666666666666,NA,95.2617899576823,971.70001220703125
1995-10-01,66244.6,35760.3,15017.3,16960.1,18056,20228.5,NA,53.328,-15.4,4.566667,NA,NA,104.5597,NA,85.79813,NA,NA,NA,NA,NA,NA,88.702,6.7309333333,4.1766666667,NA,107.9,NA,NA,41.3,69.7,NA,0.7282333333,106.825,-10.233333333333334,90.66666666666667,NA,69.91568501790364,995.5099690755209
1996-01-01,66249.8,36081.7,15056.8,17132.9,18648.7,20545.3,NA,53.23246,-19,4.766667,NA,74.8,109.8908,-38.300000000000004,86.95926,-15.166666666666666,86.94,NA,88.67,74.64666666666668,NA,88.944,6.3966333333,3.4766666667,NA,104.8,NA,NA,40.6,67.3,NA,0.7502,105.9255,-13.833333333333334,85.43333333333334,NA,79.401153564453125,1078.7933349609375
1996-04-01,66717.9,36439.9,15016.1,17344.5,18681.8,20764.5,NA,53.73917,-21.333333333333332,4.8,NA,76.93333333333334,110.5489,-41.7,90.32719,-13.566666666666666,87.14333333333333,NA,88.78666666666666,76.02,NA,89.041,6.5056,3.2666666667,NA,108.3,NA,NA,41.7,69.7,NA,0.7772,104.5054,-15.066666666666666,82.43333333333334,NA,73.1493428548177,1086.056640625
1996-07-01,67139.3,36526.4,15120.3,17545.4,18756.3,20849.3,NA,54.78074,-14.9,4.7,NA,82.06666666666666,105.4895,-28.633333333333333,86.11079,-15.866666666666667,87.2,NA,87.35,77.83,NA,88.484,6.4301333333,3.42,NA,110.6,NA,NA,42.4,71.4,NA,0.7654,105.8753,-14.6,87.36666666666666,NA,83.50964609781902,1053.72998046875
1996-10-01,67105.6,36447.9,15095.7,17340.6,19664.1,21101.9,NA,55.34375,-12.3,4.6,NA,86.56666666666666,103.0202,-28,86.69474,-14.966666666666667,87.55,NA,87.43666666666667,79.96333333333332,NA,89.147,5.9535,3.33,NA,111.8,NA,NA,43,72.1,NA,0.7823666667,104.2996,-14.8,97.03333333333333,22.033333333333335,62.63802591959635,1144.3666585286458
1997-01-01,67998.3,36381.1,15389.1,17281.5,20019.3,21763.7,NA,57.17352,-8.966666666666667,4.666667,NA,91.73333333333333,107.083,-25.933333333333334,87.61239,-15.066666666666666,88.04333333333334,NA,88.64,79.94666666666667,NA,88.238,5.7098,3.3233333333,NA,111.7,NA,NA,42.8,72.2,NA,0.8476333333,102.6457,-17.233333333333334,96.7,18.233333333333334,54.367478688557945,1211.1466471354167
1997-04-01,67860.2,36464.2,15400.4,17325.4,20754.1,21870.2,NA,57.03277,-4.4,4.7,NA,89.93333333333334,104.7304,-27.5,87.61977,-18.666666666666668,88.16,NA,89.58,79.28,NA,88.591,5.8221666667,3.4166666667,NA,116,NA,NA,43.8,75.6,NA,0.8764333333,101.7852,-15.366666666666665,97.9,17.166666666666668,51.822041829427086,1356.7366536458333
1997-07-01,68372.4,36518,15480.7,17444.7,21475.2,22845.2,NA,58.46844,-0.3666666666666667,4.8,NA,93.1,109.4069,-32.46666666666667,87.49486,-18.233333333333334,88.19,NA,89.08,79.13666666666667,NA,88.763,5.6483666667,3.4433333333,NA,118.7,NA,NA,44.3,77.8,NA,0.9238,100.1919,-13.333333333333334,100.83333333333333,18.733333333333334,46.32327016194662,1355.5633544921875
1997-10-01,69017.1,36692.2,15482.5,17776.5,22196.8,23014.5,NA,59.65076,0.7666666666666667,4.866667,NA,102.03333333333333,105.0843,-29.366666666666667,88.25546,-12.966666666666667,88.48,NA,89.75333333333333,79.45333333333333,NA,88.616,5.5510333333,3.8066666667,NA,119.5,NA,NA,44.3,78.6,NA,0.8977333333,101.2733,-11,104.06666666666666,23.5,51.145982106526695,1291.78662109375
1998-01-01,69972.1,37341.1,15872,17770,22294.2,23643.7,NA,62.57841,1.9333333333333333,4.933333,NA,100.1,103.1422,-29.766666666666666,89.87721,-9.533333333333333,88.97333333333333,NA,91.31,78.09333333333333,NA,88.472,5.0767,3.64,NA,117.1,NA,NA,43.5,77,NA,0.9295333333,100.9054,-8.266666666666667,107.43333333333334,29.133333333333333,62.6473274230957,1483.510009765625
1998-04-01,70575.2,37290,15843.3,18004.3,22998.8,23635,NA,63.22586,3.6666666666666665,4.833333,NA,102.33333333333333,98.8659,-33.06666666666667,90.13003,-8.733333333333334,89.03333333333333,NA,91.89666666666666,76.77,NA,88.435,4.9639,3.6566666667,NA,118.8,NA,NA,43.7,78.6,NA,0.9166666667,101.0031,-6.9,107.7,26.5,73.92638142903645,1513.239990234375
1998-07-01,70704.9,37758.4,15814.9,18005.1,22893.8,23654,NA,64.09853,-3.033333333333333,4.666667,NA,102.93333333333332,101.9975,-30.966666666666665,90.07399,-6.233333333333333,88.8,NA,90.57666666666667,76.04333333333332,NA,89.009,4.5864666667,3.5833333333,NA,119.3,NA,NA,43.6,79.2,NA,0.9013666667,101.5523,-7.466666666666667,105.89999999999999,30.233333333333334,71.19423929850261,1134.6566569010417
1998-10-01,71364.5,37802.5,15881.6,18231.9,22876,23567.1,NA,64.15483,-11.633333333333333,4.4,NA,103.7,97.9225,-26.96666666666667,89.90628,-11,88.97666666666667,NA,90.51666666666667,75.58,NA,88.768,4.2269333333,3.5233333333,NA,120.7,NA,NA,43.7,80.4,NA,0.8499666667,102.9133,-6.3,100.23333333333333,23.6,66.10982259114583,1108.9366861979167
1999-01-01,71983.3,37986.8,15660.7,17911.8,23096.6,23774.9,NA,63.76072,-12.166666666666668,4.233333,68.6656,104.9,98.1887,-26.46666666666667,89.77666,-11.7,89.17666666666666,NA,91.31333333333333,74.84666666666666,NA,89.151,3.9971333333,3.0907319,NA,119.1,NA,NA,43.4,79.2,69.7,0.8908650354,102.2525,-6.6,100.26666666666667,23.266666666666666,68.56696192423503,1220.3500162760417
1999-04-01,72657.1,38256.6,15885.1,18041.6,23637.7,24049.2,NA,66.12536,-15.066666666666666,4.2,68.58568,100.66666666666667,98.0992,-20.6,92.39668,-10.833333333333334,89.23333333333333,NA,90.72333333333333,75.67999999999999,NA,88.984,4.2609,2.6340295667,NA,119.8,NA,NA,43.7,79.6,70.4,0.9462974243,100.9241,-4.266666666666667,98.03333333333333,17.866666666666667,90.34989674886067,1196.0199788411458
1999-07-01,73794.1,38542.6,15989.7,18629,24452.7,24892.7,NA,66.77282,-2.966666666666667,4.033333,68.56554,106.03333333333333,97.5141,-15.866666666666667,95.75605,-3.3333333333333335,89.20666666666666,NA,88.67,77.82,NA,88.204,5.0812666667,2.6993939333,NA,123,NA,NA,44.6,82,70.1,0.953590795,100.0826,-1.5999999999999999,106.86666666666666,23.233333333333334,64.86100896199544,1149.9066975911458
1999-10-01,74456.8,39097.8,17861,18352.5,25496.4,25441,NA,69.72861,-0.7000000000000001,4.1,68.35089,103.3,95.833,-17.766666666666666,97.40894,-4.833333333333333,89.99333333333333,92.05,90.22666666666667,80.28666666666668,87.7,88.576,5.3843,3.429798,NA,125.9,NA,NA,45.5,84.1,69.5,0.9634983378,100.0738,-1.3333333333333333,107.26666666666667,22,72.13409678141277,1153.3999837239583
2000-01-01,74468.3,39440.1,15814.5,18845.1,26356.3,25907.1,NA,68.5463,6.666666666666666,4.233333,68.46355,110.46666666666667,98.225,-18.866666666666667,93.89455,2.8666666666666667,90.74666666666667,91.82000000000001,91.98666666666666,82.28666666666666,87.84,89.556,5.7035333333,3.5423161,5.463333333333333,129.3,NA,9.31606898769708,45.2,84.2,73.7,1.01289991,99.15211,-6.566666666666666,109.83333333333333,21.866666666666667,59.36717224121094,1119.056640625
2000-04-01,75319.2,39605,15956.5,19342.6,27237.6,26787.6,NA,70.74203,10.033333333333333,3.7,68.51994,114.93333333333334,95.9308,-16.366666666666667,95.7377,-3.5,90.92333333333333,91.96666666666667,91.93,83.81333333333333,87.88666666666667,88.995,5.5550333333,4.2630168667,5.77,130.9,NA,9.117819151389872,45.5,85.4,73.7,1.0707995253,98.53336,-5.633333333333334,112.93333333333334,28.733333333333334,64.29447937011719,1134.3499755859375
2000-07-01,76381,39638,16122.8,19226.5,27905.1,27365.9,NA,71.92435,9.566666666666666,3.833333,68.42101,111.13333333333334,93.6677,-17.8,95.4187,-2.333333333333333,91.03666666666666,91.8,91.10666666666667,87.53,88.41,87.977,5.5687666667,4.7376004333,6.04,132.9,NA,9.413398450174792,46.1,86.9,73.6,1.1065821814,98.12923,-5.8,111.26666666666667,27.866666666666667,50.36209233601888,1151.57666015625
2000-10-01,76894.6,40096.9,17607.2,19495.1,29369.9,28869.9,NA,74.00748,9.266666666666667,3.766667,68.4961,104.43333333333334,92.7535,-23.133333333333333,95.24147,-5,91.91,92.48,91.63,90.79333333333334,88.55,88.72,5.3942666667,5.0241283667,6.1866666666666665,132.9,NA,5.755102634599107,45.2,87.7,69.3,1.1501026639,97.80736,-6.966666666666667,110.66666666666667,27.266666666666666,55.637396494547524,1081.0567220052083
2001-01-01,76664.6,40228.6,16255.7,19532,29015,28963.6,NA,73.66968,4.833333333333333,3.633333,68.31284,106.66666666666667,96.5043,-34.66666666666667,94.249,-5.233333333333333,92.54666666666667,93.28333333333333,93.95666666666666,86.70333333333333,89.85666666666667,88.958,5.0691,4.7450545667,6.203333333333333,132.4,NA,3.707458870719482,45.2,87.2,72.3,1.0838351026,98.98064,-7.7,107.13333333333333,24.566666666666666,54.565406799316406,1201.4066569010417
2001-04-01,76444.6,40187.1,16144.9,19274.6,29057.5,28845,NA,72.37476,-6.133333333333333,4,68.44992,99.36666666666667,91.521,-30.23333333333333,92.72485,-5,93.37,93.97,95.04,88.24333333333334,90.63666666666667,89.818,5.2591333333,4.5907510667,6.05,132.9,NA,4.214784799446081,46,86.9,72.4,1.1444160384,98.09935,-7.033333333333333,100.73333333333333,19.333333333333332,61.00331242879232,1210.5533447265625
2001-07-01,76757.5,40208.2,16195.3,18829.5,29279.7,28175.9,NA,73.21927,-11.666666666666666,4.1,68.33821,91.3,94.9971,-37.93333333333334,93.29198,-4.5,93.34,94.18666666666667,94.39,86.73333333333333,91.59,89.136,5.1569333333,4.2678360333,5.91,134.2,NA,2.5460625542442106,47,87.2,72.6,1.121785947,98.45669,-10.266666666666667,94.46666666666667,9.733333333333334,207.94285456339517,1105.9966634114583
2001-10-01,76935.8,40609.8,16561.6,18619,29299.3,28281.9,NA,72.85331,-15.166666666666666,4.3,68.45759,84.6,90.8049,-39.233333333333334,93.11475,-4.466666666666667,93.74000000000001,94.83666666666667,95.2,83.95666666666666,91.81,89.938,4.8355,3.4434801,5.576666666666666,134.6,NA,4.803214955473534,45.5,89.2,70.2,1.1164872654,98.5337,-9.533333333333333,90.83333333333333,0.49999999999999994,351.80511983235675,1142.2133382161458
2002-01-01,77785.3,40172.8,16437.9,19016.4,30193.1,28866.6,NA,72.40291,-13.833333333333332,4.5,68.70898,88.83333333333333,93.2512,-29.266666666666666,92.19318,-7.233333333333333,94.19333333333333,95.20333333333333,97.10666666666667,82.83333333333333,92.64333333333333,89.765,5.1804333333,3.3622242333,5.3933333333333335,134.3,NA,6.765775091710746,45.6,88.7,73,1.1407329855,97.60942,-7.333333333333333,94.39999999999999,8.2,156.8797607421875,1281.9033610026042
2002-04-01,77987.5,40662.4,16390.9,18556.9,30467.9,28744.4,NA,74.71124,-11.799999999999999,4.233333,68.72655,90.96666666666667,90.9862,-33.06666666666667,92.68941,-17.53333333333333,94.86,96.05666666666667,95.74666666666667,84.88666666666667,93.57333333333334,89.734,5.3111333333,3.4460137333,5.390000000000001,135,NA,5.573437085432409,45.8,89.3,72.9,1.0874121115,98.28965,-7.533333333333333,95.63333333333334,13.133333333333333,156.7164306640625,1228.6266276041667
2002-07-01,77982.9,40395.9,16170.5,18470.6,30252.2,28225.4,NA,73.27557,-12.700000000000001,4.4,68.64375,87.86666666666666,93.9129,-32.16666666666667,93.18565,-14.633333333333333,94.92333333333333,96.28,94.71000000000001,84.56333333333333,94.51,89.94,4.8018,3.3573506667,5.36,135.2,NA,6.011420193450268,46.1,89.1,74.4,1.0165822043,99.39962,-10.9,93.4,8.633333333333333,141.58206431070963,1095.7566731770833
2002-10-01,77596.3,40506.8,16622.3,17867.5,30241.8,28502.3,NA,73.47262,-10.933333333333334,4.433333,68.86227,92.36666666666667,91.1541,-36.833333333333336,93.57555,-14.299999999999999,95.29666666666667,96.48333333333333,95.75333333333333,85.16666666666667,94.01666666666667,90.711,4.5618333333,3.1088179333,5.28,134.4,NA,4.970395531898841,46.4,88,72,0.9995332301,99.59194,-9.033333333333333,95.83333333333333,14,168.99041239420572,1132
2003-01-01,77963.8,40864.3,16278.3,18999.3,30170.2,29259.1,NA,77.04773,-7.9,4.533333,69.0119,89.96666666666667,92.1509,-24.2,93.29198,-22.066666666666666,95.84,96.69,97.43,87.22333333333333,94.77333333333333,91.051,4.0881333333,2.6830735333,4.89,135.3,NA,3.287479614989497,46.7,88.6,74.8,0.9315119056,100.2674,-13.366666666666667,94.33333333333333,7.433333333333334,268.2522379557292,1183.5666910807292
2003-04-01,78499.4,41215.3,16432.9,19032.3,29849.4,29085.9,NA,76.00616,-11.133333333333333,4.8,69.04374,88.4,91.0898,-23.133333333333333,93.78822,-16.1,95.89333333333333,97.11333333333333,97.08,84.38333333333334,95.05,91.058,3.9223333333,2.3619103,4.42,135.7,NA,5.968105904139054,46.8,88.9,77.4,0.8803657412,101.1405,-16.3,92.56666666666666,7.533333333333333,187.88892618815103,1292.3866373697917
2003-07-01,79088,41648.3,16902.3,19232.5,30899.6,29899.2,NA,76.45657,-7,4.8,68.86893,92.46666666666667,89.9799,-19.733333333333334,92.29951,-7.066666666666666,95.99666666666667,97.29333333333332,96.5,84.66666666666667,96.01333333333334,90.676,4.1739666667,2.1392634333,4.166666666666667,135.4,NA,7.587391255696363,47,88.5,73.6,0.8883700633,101.2596,-13.866666666666667,98.56666666666666,16.5,130.4420394897461,1374.6300048828125
2003-10-01,79329.7,41662,16758.1,19449.8,31324.5,30185.2,NA,76.79437,-3,5.033333,68.81342,91.8,92.0972,-17.9,92.29951,-3.6,96.48666666666666,97.64,98.05,84.53333333333333,95.65,91.528,4.3790333333,2.1496495,4.1499999999999995,137,NA,8.165774181814767,46.9,90.1,70.4,0.8404051569,101.7354,-11.366666666666667,101.93333333333334,19.3,118.62304941813152,1585.3133544921875
2004-01-01,79480.6,41984.1,16858.8,18992.5,31941.2,30603,NA,78.28635,-3,6,66.34579,98.86666666666667,84.6138,-25.266666666666666,92.3704,-5.9,97.22,98.17,99.25333333333333,86.46,96.74,90.861,4.1804,2.0629507667,4.096666666666667,137.4,NA,9.402714350850694,47,90.4,73.2,0.7999041188,102.0947,-11.533333333333333,101.5,19.6,122.35854593912761,1858.0166829427083
2004-04-01,80299.8,42124.1,17090.8,19261.9,33065.2,31411,NA,80.34132,1.8999999999999997,5.8,66.40423,99.93333333333334,88.3421,-19.4,93.68188,0.5666666666666668,97.79333333333334,98.49333333333334,99.29666666666667,90.49,97.07000000000001,90.735,4.3430333333,2.0824296333,3.8666666666666667,138.8,NA,8.270098351818467,48,90.8,75.2,0.8297059866,101.3305,-12.033333333333333,105.33333333333333,21.5,135.9854990641276,1966.9466959635417
2004-07-01,81219.5,42182.4,16872.9,19443.2,33671.2,32433.8,NA,82.36816,1.0333333333333332,5.766667,66.54659,101.33333333333333,88.3771,-23.366666666666667,92.97298,-8.866666666666667,97.96333333333334,98.70333333333333,98.31,92.28,98.10333333333334,91.09,4.1837666667,2.1163030333,3.8133333333333335,139.1,NA,8.568792148448946,48.3,90.8,76.2,0.8178773148,101.5702,-12.799999999999999,103.86666666666666,20.933333333333334,141.75243123372397,2049.353312174479
2004-10-01,81508.9,42539.8,16581.3,19778.7,33413.3,32925.5,NA,83.01562,1.0333333333333334,5.933333,66.71136,101.6,89.6419,-18.433333333333334,92.83119,-12.666666666666666,98.79,99.40666666666667,98.81666666666666,95.16666666666667,98.53666666666666,91.401,3.8163666667,2.1636084667,3.8266666666666667,135,NA,8.907846043461,47.9,87.1,70.3,0.7719609567,102.2543,-13.4,103.73333333333333,22.033333333333335,117.48846944173177,2404.679931640625
2005-01-01,81689.2,42664.1,17048.5,19171.5,33784.9,31897.9,NA,81.46735,-3.6666666666666665,5.8,67.06626,97.83333333333334,89.2814,-21.2,93.68188,-8.633333333333333,99.52666666666667,99.87333333333333,100.95666666666666,94.02,99.81,90.659,3.6045666667,2.1403230333,3.7133333333333334,136.6,NA,9.504751402589328,47.9,88.6,77.9,0.7630914824,102.2964,-10.333333333333334,99.86666666666667,11.466666666666667,100.09201304117839,2634.2899576822915
2005-04-01,82354.3,43133.2,17295.2,19576.8,34806.8,33310.3,NA,84.14163,-5.733333333333333,6.1,67.2053,95.63333333333333,89.8423,-17.8,94.07178,-9.666666666666666,99.82666666666667,99.92333333333333,100.13333333333334,98.5,99.66666666666667,91.001,3.3796,2.12464,3.5833333333333335,137.2,NA,10.189075350967135,48.5,88.7,82.7,0.794589826,101.7109,-11.3,98.73333333333333,12.2,88.78747304280598,2989.169921875
2005-07-01,82500.1,43483.1,16991.3,19528.1,35903,34433.1,NA,85.0143,-5.866666666666666,6.066667,67.59825,96.96666666666667,89.6269,-17.433333333333334,94.00089,-9.766666666666666,100.09,99.88666666666667,98.93,103.72,100.41666666666667,91.94,3.2225666667,2.1303477667,3.4833333333333334,137.7,NA,10.91908578167411,48.9,88.8,81.5,0.8200075984,100.94970000000001,-14.933333333333334,97.16666666666667,11.366666666666665,128.64574686686197,3347.1399739583335
2005-10-01,83792.7,43205.5,17392.5,19711.6,36808.2,34996.6,NA,87.29448,-2.833333333333333,6.133333,67.69161,97.23333333333333,91.5684,-10.933333333333334,94.95791,-3.933333333333333,100.55666666666666,100.32,99.99,103.75666666666666,100.10666666666667,91.277,3.3682,2.3434465667,3.5233333333333334,139.3,NA,10.372373254386911,52.2,87.1,74.5,0.8407887535,100.5056,-11.833333333333332,101.53333333333333,16.666666666666668,88.63072458902995,3709.9200846354165
2006-01-01,84561.6,43504.4,17505.4,19729.6,37017.4,34570.1,NA,87.82934,2.7,6.066667,67.91628,101.83333333333333,92.3388,-10.533333333333333,95.48959,1.0666666666666667,100.97,100.67666666666666,101.02,103.75333333333333,101.22,91.46,3.4853666667,2.6115468333,3.5733333333333333,135.2,NA,10.25066136343582,52.9,82.4,75.3,0.8313259251,100.2392,-6.433333333333334,107.60000000000001,18.266666666666666,94.38861083984375,4127.473388671875
2006-04-01,84956.2,43602.9,17695.4,19639,38150.3,35838.1,NA,89.57467,6.133333333333333,5.7,68.42107,105.06666666666666,92.2863,-5.766666666666667,95.4187,-1.7,101.86,101.42666666666666,101.08,107.58333333333333,101.53666666666666,92.595,3.9932666667,2.8894865333,3.6333333333333333,136.9,NA,9.402361558780758,52.9,84,76.9,0.7956177088,100.9885,-6.633333333333334,110.9,26.4,92.26578267415364,3734.9833170572915
2006-07-01,85467.4,44448.6,17860.5,19943.8,38223.2,35989.3,NA,91.91116,10.333333333333332,5.3,68.88259,109.93333333333334,92.7767,-7.266666666666667,95.80859,-3.466666666666667,101.88,101.19333333333333,101.47333333333333,109.30666666666667,102.37,93.103,3.9231,3.2213499333,3.82,138.1,NA,9.276608626637174,53,85.1,74.4,0.7845937593,101.1116,-7.066666666666666,112.66666666666667,26.666666666666668,131.98006693522134,3900.7298990885415
2006-10-01,86760.1,44276.4,18008.1,19769.8,39621.2,36810.6,NA,93.54388,11.833333333333334,5.333333,69.00742,108.96666666666667,92.3875,-0.3999999999999999,96.48206,-4.233333333333333,102.03333333333333,101.75,102.33666666666666,104.37,102.05,92.465,3.8016333333,3.5944641,4.19,136.6,NA,9.3675021047686,52.6,84,70.6,0.7752514898,100.668,-4.9,114.10000000000001,25.266666666666666,97.506927490234375,4359.579996744792
2007-01-01,87722.1,43887.9,17906.3,20609.6,39931.8,37254.7,NA,95.28921,11.700000000000001,5.233333,69.51543,108.23333333333333,94.4685,-4.7,97.01373,-2.4,102.78,102.38,103.76666666666667,105.38333333333334,103.68666666666667,92.942,4.0467,3.8203242333,4.51,135.3,NA,8.968460609056095,53,82.3,73.3,0.7627094231,100.487,-1.8,113.60000000000001,22.6,93.80863444010417,4573.163248697917
2007-04-01,88570.4,44273.6,17892.5,20840.3,40702,37410.3,NA,95.45811,10.4,5.433333,69.64874,111.93333333333334,95.3571,-4.633333333333333,96.48206,0.2666666666666666,103.76666666666667,103.1,104.84333333333333,108.54666666666667,103.47666666666667,92.551,4.3873333333,4.0647962333,4.6433333333333335,137.9,NA,8.822941027492192,52.3,85.6,75.5,0.7417964551,100.8092,-1.8666666666666667,115,28.333333333333332,89.06175994873047,4813.293294270833
2007-07-01,89083.3,44598.2,18080.5,20683.1,41357.2,38102.3,NA,96.07742,8.3,5.266667,70.18504,113.96666666666667,95.7832,0.6333333333333333,96.44661,1.0000000000000002,103.87,102.81333333333333,105.24666666666667,111.68666666666667,104.28,93.242,4.4327666667,4.5004968333,4.843333333333334,138.8,NA,6.724866999532231,52.1,86.6,77,0.7273385733,100.545,-3.466666666666667,112.2,24.2,96.66944122314453,4659.539876302083
2007-10-01,88999.6,45156,18260.2,20796.2,42201.5,38297.9,NA,96.02112,6.7,4.833333,70.16466,108.46666666666667,93.1338,-1.8,96.44661,-1.9333333333333333,105.28333333333333,103.56333333333333,109.04666666666667,116.34666666666666,103.65,93.28,4.3215333333,4.7247684,5.163333333333333,140.8,NA,5.509996307521758,51.8,89,66.6,0.690097257,101.0439,-8.666666666666666,107.03333333333333,17.133333333333333,95.41198476155598,4275.590006510417
2008-01-01,90857.8,45345.7,18306.1,21028.5,43280.5,38920.5,NA,99.51177,1.5,4.533333,70.80128,111.13333333333334,93.1433,-1.2000000000000002,96.5175,1.4802973661668753e-16,106.11333333333333,103.74333333333334,111.81333333333333,119.53,104.70333333333333,95.188,4.1807,4.4800030333,5.213333333333334,141.3,NA,3.0941286058225215,51.9,89.4,67.6,0.6674643105,100.7434,-13.566666666666666,103.06666666666666,15.566666666666666,79.9624760945638,3967.4033203125
2008-04-01,90634.6,45086.7,18736.4,21662.3,42531.8,38552.6,NA,98.5828,-0.9,4.1,70.9827,108.33333333333333,91.1409,1.1333333333333335,96.41116,-12.233333333333334,107.63,104.86,112.27333333333334,126.64666666666666,105.56,94.937,4.5397,4.8604682667,5.1866666666666665,140.7,NA,1.3701109149240498,51.4,89.4,65.8,0.6401810567,101.0991,-18.266666666666666,99.76666666666667,16.6,77.34234364827473,3999.199951171875
2008-07-01,90004.6,44442.2,18865.9,20791.4,41948.4,37676.6,NA,97.65384,-7.166666666666667,4.333333,70.60652,99.83333333333333,92.5826,-2.2,95.59592,-14.6,107.71333333333334,104.81666666666666,112.26333333333334,127.92999999999999,106.59333333333333,96.546,4.5733,4.9817907667,5.336666666666667,140.7,NA,0.4647212347436369,51.6,89.2,67,0.6668847167,99.94241,-21.266666666666666,93.56666666666666,9,88.9454116821289,2792.993367513021
2008-10-01,87714.2,44995.9,18947.8,21067,39126.3,36856.1,NA,93.00902,-22.866666666666667,4.7,70.79346,85.03333333333333,94.0576,-11.566666666666666,95.77315,-16.7,107.64666666666666,105.85666666666667,113.44333333333333,115.27666666666667,106.42,98.334,4.1404,4.2146686667,5.53,143.2,NA,-2.184377713071428,52.4,90.8,71.8,0.7613992754,99.96036,-21.733333333333334,79.56666666666666,-11.700000000000001,78.53573354085286,1762.719970703125
2009-01-01,86756.3,44819.3,19076.2,20152.1,35441.9,33197.7,NA,89.34946,-34.3,5.133333,70.50921,73.7,96.2518,-17.6,97.04918,-17.833333333333332,107.22,106.02,114.31,106.65333333333334,107.43666666666667,100.756,4.1229666667,2.0116761,4.593333333333334,143.5,NA,-3.4102810288563212,52.3,91.2,74.8,0.7686045455,100.9636,-19.333333333333336,72.6,-19.166666666666668,75.1555913289388,1680.433349609375
2009-04-01,86286.7,45572.6,19096.6,19803.8,35068.7,33324.1,NA,86.36552,-31.766666666666666,5.733333,70.30152,75.4,96.1505,-27.333333333333332,98.43155,-7.666666666666666,107.72666666666667,106.7,112.80666666666667,108.79333333333334,107.54,100.792,4.1560333333,1.3106363667,3.763333333333333,144.2,NA,-3.3717940496948873,52.7,91.5,77.2,0.7343098846,101.0722,-17.066666666666666,74.93333333333334,-19.633333333333333,85.49298350016277,2151.409912109375
2009-07-01,86581.2,45609.4,19140.2,19453.3,35971,33419.8,NA,87.06928,-22.066666666666666,6.133333,70.1678,83.96666666666667,95.491,-19.666666666666668,97.75809,-2.666666666666667,107.61,106.47333333333333,111.67999999999999,111.34666666666666,108.2,99.827,3.8507,0.8691745333,3.3866666666666667,145.8,NA,-2.005556747553394,53.6,92.3,77.2,0.6990935442,100.8219,-9.133333333333333,86.73333333333333,-7.366666666666667,83.2171630859375,2541.7166341145835
2009-10-01,86798.9,45289.6,19112.2,19111.4,36830.3,34245.1,NA,89.03981,-17.366666666666667,5.766667,70.37729,91.9,95.5922,-18.533333333333335,98.50243,-0.4666666666666666,108.27666666666666,107.23666666666666,112.14666666666668,111.72,107.9,100.056,3.6208333333,0.721912,3.08,145.7,NA,0.38193583695012023,53.7,92,84.4,0.6771937198,101.1767,-6.466666666666667,93.23333333333333,2.7,88.54169209798177,2483.17333984375
2010-01-01,86492.9,45548.7,19091.5,18986.8,37730.9,35343.2,NA,88.92234,-14.166666666666666,5.4,70.4816,89.83333333333333,100.2743,-18.333333333333332,99.8848,4.2,108.64,107.35,112.81,113.95,108.90666666666667,100.487,3.6494,0.6621355,2.856666666666667,146.4,NA,2.5779340559767716,53.9,92.4,86,0.7226642857,99.94174,-6.066666666666666,95.26666666666667,2.033333333333333,82.14110819498698,2574.42333984375
2010-04-01,87639.2,45518.3,19067.7,18687.4,40196.7,37631.6,NA,91.49625,-5.933333333333334,5.366667,70.57645,98,99.4891,-13.133333333333333,99.5658,6.7,109.64999999999999,108.03666666666668,112.90333333333334,119.33666666666666,108.83,100.076,3.2869333333,0.6862715667,2.6566666666666667,147.9,NA,3.034151431329457,54.6,93.3,90.9,0.7869761905,99.23554,-8.1,101.96666666666667,14.2,91.39132944742839,2395.0966796875
2010-07-01,88677.3,46250.7,19207.7,19147.5,41750.3,38472.3,NA,93.18154,-3.4333333333333336,5.166667,70.83257,104.33333333333333,99.7202,-13.966666666666667,100.4874,2.2666666666666666,109.40333333333334,107.80333333333333,112.88333333333334,118.47666666666667,109.60666666666667,99.676,2.8803,0.8749394,2.6766666666666667,147.8,NA,2.8181366272510333,54.5,93.3,91.2,0.7737878788,98.63519,-3.6,105.63333333333334,20.333333333333332,77.18126424153645,2537.239990234375
2010-10-01,89544.6,46187.3,19150.2,19572.4,41931.2,38356.2,NA,94.16208,-0.7666666666666667,4.866667,71.21545,104.36666666666666,100.5169,-11.933333333333334,100.1329,4.866666666666666,110.43,108.79666666666667,114.06333333333333,120.15,109.55,99.761,3.0889,1.0204693,2.6633333333333336,148.2,NA,2.76166129141846,54.8,93.3,88.6,0.7367457181,98.97543,-3.8666666666666667,104.46666666666667,12.9,85.96700032552083,2799.2433268229165
2011-01-01,90439.5,46069,19214.2,19949.8,42095.9,39624.9,NA,95.81673,0.3333333333333333,5.133333,70.88941,104.83333333333333,101.9272,-11.9,98.85689,0.9333333333333333,111.90666666666667,109.26666666666667,117.46666666666667,127.64666666666666,111.04,100.132,3.6330333333,1.0931699333,2.6366666666666667,145.6,NA,2.175907508438124,53.5,92.1,86,0.7314082471,98.81368,-5.1,105.63333333333333,16.466666666666665,102.10813649495442,2874.683349609375
2011-04-01,90395.3,46395.7,19114.2,19986,42949.1,39484,NA,96.73598,-0.7000000000000001,4.8,71.08695,105.5,97.6322,-9.8,98.57333,-7.1000000000000005,113.7,111.01,118.33333333333333,131.77333333333334,112.52666666666667,101.209,3.5752333333,1.4116307667,2.84,145.9,NA,2.240872822888673,54,91.9,87.1,0.6947835498,99.72678,-7.166666666666666,103.33333333333333,13.8,93.58484395345052,2721.8099772135415
2011-07-01,90893.4,46549.5,19027.7,20506.3,43287.3,40212.5,NA,96.49084,-5.2,4.333333,71.34908,101.66666666666667,102.1369,-5.199999999999999,98.67966,-8.133333333333333,113.58333333333333,110.91333333333334,117.78333333333333,131.80333333333334,113.73666666666666,101.089,2.9443333333,1.5620535,2.93,145.3,NA,0.820671172450127,53.6,91.7,89.8,0.7082332643,99.28191,-10.1,100.13333333333333,12.433333333333334,83.075592041015625,2070.5633544921875
2011-10-01,91285,46602.8,19201.1,20874.9,43438,39874.1,NA,97.53267,-8.833333333333332,5.233333,71.04675,100.7,101.9875,-6.966666666666667,98.71511,-8.733333333333334,114.49333333333334,111.71000000000001,118.99333333333333,133.85666666666665,113.04,101.555,3.1260333333,1.4955447,3.026666666666667,145.8,NA,-0.09729322852252142,53.4,92.4,89.5,0.7422099567,99.87202,-16.3,94.93333333333334,6.533333333333333,81.61297861735027,1938.3600260416667
2012-01-01,91671.8,47174,19156.8,20449.4,43544.6,40741.8,NA,96.76662,-5.066666666666666,4.866667,71.20834,102.2,110.004,-5.466666666666667,99.1759,-4.1,114.95,111.56,121.32333333333334,136.74333333333334,114.47333333333333,103.109,3.0464,1.0429891667,2.94,145.5,NA,0.3411427675882983,53.1,92.5,91,0.762537518,98.56741,-14.933333333333334,96.83333333333334,5.266666666666667,86.94692484537761,2158.0266927083335
2012-04-01,91355.5,46819.8,19202.8,19974.1,43569.6,40469.8,NA,98.66641,-5.266666666666667,5.2,71.5187,97.63333333333334,110.3612,-2.3666666666666667,98.25432,-6.5,116.26666666666667,113.20666666666666,121.13,137.42333333333335,115.20333333333333,103.178,2.5353333333,0.6960273333,2.76,146.5,NA,-0.532105762289814,52.9,93.6,94.1,0.7798164251,98.99152,-11.200000000000001,100.16666666666667,12.2,84.00342559814453,1962.3966878255208
2012-07-01,91652,46379.2,19207.5,20876.9,44045,40099.9,NA,99.67759,-8.8,5.5,71.43436,94.33333333333333,111.6306,-5.766666666666667,97.75809,-9.299999999999999,116.30666666666667,112.96333333333334,121.94333333333333,139.09,116.38,103.239,2.0256666667,0.3585789333,2.6533333333333333,146.1,NA,-0.16371661807473847,52.7,93.4,93.3,0.799138274,98.32556,-12.8,95.36666666666667,4.5,75.65562947591145,2096.816650390625
2012-10-01,91021.3,46203.1,18947.6,20997,43853.4,39919.4,NA,99.15668,-12.933333333333334,5.4,71.45628,97.53333333333333,110.584,-9.166666666666666,97.97076,-15.700000000000001,117.83,114.71000000000001,123.79333333333334,138.56333333333333,116.80666666666667,104.101,1.8773,0.1951289,2.5033333333333334,144.1,NA,0.499317108317765,52.2,91.9,93.7,0.7705326244,99.29503,-12.733333333333333,92.2,0.2333333333333337,79.29495493570964,2383.0799967447915
2013-01-01,90668.5,46435.8,19307.2,20875.2,42650.1,38518.3,NA,97.28754,-8.366666666666667,5.833333,71.25835,97.5,112.5848,-11.633333333333333,97.29729,-14.433333333333334,117.94666666666667,114.57666666666667,125.45,138.16,118.35666666666667,105.702,1.8780333333,0.2114363667,2.44,144.7,NA,-0.6286522492538138,52,92.7,94.3,0.757865873,99.5902,-10.3,95.63333333333334,3.7333333333333334,82.71484883626302,2410.953369140625
2013-04-01,91079,46351.5,19209.5,20805.3,44321.4,40259.3,NA,98.97283,-10.766666666666667,5.433333,71.69866,100.83333333333334,113.4433,-10.9,98.32521,-9.866666666666667,118.88,115.75333333333333,126.36333333333333,135.91,118.71333333333334,106.228,1.8107,0.2067940333,2.376666666666667,144.3,NA,-0.21114319864651288,51.8,92.5,92.8,0.7656910043,100.1967,-11.233333333333334,94.16666666666667,1.7666666666666666,87.2660649617513,2326.1366373697915
2013-07-01,91337.5,46311.6,19253.9,21101.5,44165.1,41112.9,NA,100.13720000000001,-7.1,5.7,71.51421,101.43333333333334,114.7339,-12.966666666666667,98.21887,-9.533333333333333,118.60000000000001,115.3,125.88,137.41666666666666,119.70333333333333,106.129,2.2075666667,0.2235121667,2.4066666666666667,144,NA,0.6244120295183286,52.1,91.9,93.5,0.754941273,100.1873,-10.100000000000001,98.23333333333333,8.2,88.46396382649739,2520.0999348958335
2013-10-01,91416.7,46558.3,19213.7,20947.9,44240.6,41993.1,NA,99.73888,-4.4,5.866667,71.18264,99.7,113.4531,-14.533333333333331,98.467,-7.033333333333333,119.77,116.87333333333333,127.20666666666666,135.05666666666667,119.87333333333333,106.364,2.1467333333,0.2409023667,2.3533333333333335,148.6,NA,0.8947549421722822,51.8,96.8,90.5,0.7346924829,101.2656,-8.033333333333333,102.63333333333333,16.4,73.70154317220052,2583.9833170572915
2014-01-01,91420.8,46252.2,19233.4,20605.3,44319,41092.1,NA,99.6163,-3.2,6.1,70.98418,102.56666666666666,115.3871,-14.333333333333334,98.43155,-6.6,119.69666666666667,116.56,128.54666666666668,134.71333333333334,121.48333333333333,106.597,1.9835333333,0.2951596,2.3633333333333333,147.9,NA,2.3078395891738657,51.9,96,91.8,0.7296647467,101.6499,-10.566666666666666,100.6,10.866666666666667,88.91934967041016,2545.6333821614585
2014-04-01,91874.1,46307.8,19286.5,21176.1,44724.1,41432.6,NA,99.18732,-3.8,5.866667,71.32307,96.13333333333334,116.8502,-15.933333333333334,98.25432,-7.666666666666667,120.78333333333333,117.78666666666666,128.60333333333332,134.85,121.82333333333332,107.412,1.6796,0.2985833333,2.373333333333333,148.2,NA,3.440612811223165,51.8,96.4,94.5,0.7292575036,102.2308,-10.9,101.13333333333333,13.433333333333334,91.8058344523112,2446.8733723958335
2014-07-01,92022.5,46593.1,19390.6,20801,45683.7,42117.7,NA,97.99229,-7.733333333333333,6.066667,70.97826,93.03333333333333,115.5822,-18.466666666666665,98.57333,-13.866666666666667,120.39666666666666,117.31,128.25333333333333,134.88,123.13666666666667,108.341,1.3221333333,0.1645686,2.2866666666666666,148.2,NA,3.2832194288242356,51.9,96.3,93.8,0.754988834,101.4801,-10.8,95.63333333333334,4.666666666666667,135.58539835611978,2240.0533040364585
2014-10-01,92404.5,46250.9,19655.7,20977.4,46156.9,42422.2,NA,98.26807,-8.933333333333334,6.1,71.04507,90.23333333333333,114.5825,-14.399999999999999,98.64422,-12.9,121.27,118.90666666666667,128.82333333333332,130.10000000000002,123.30666666666666,108.757,0.9639,0.0814711667,2.1233333333333335,144.6,88480,2.9302353066192444,51.6,93.1,98.2,0.8008694783,101.7455,-9.133333333333333,96.60000000000001,5.2,84.85575866699219,2211.4300944010415
2015-01-01,92431.5,46823.9,19504.8,20861.3,46195,41414.8,NA,100.125,-8.8,6,71.06293,94.53333333333333,118.5001,-15.966666666666667,99.81391,-11.933333333333334,120.44333333333333,118.39,129.60666666666665,123.72,124.62666666666667,109.044,0.4524333333,0.0460161667,2.05,146.4,91200,4.218195215442622,52.1,94.3,100.7,0.8883128182,99.86584,-10.066666666666666,96.16666666666667,4.4,109.3818868001302,2530.453369140625
2015-04-01,92954.1,46513.6,19629.6,21254.7,46250.3,42356.4,NA,99.75835,-7.633333333333333,6.266667,70.93311,95.3,117.3639,-16.533333333333335,99.70757,-13.166666666666668,121.96333333333334,119.78666666666666,130.07666666666668,127.31333333333333,124.89,109.284,0.6934666667,-0.0065258333,2.006666666666667,144.4,91965,3.058667348553268,51.8,92.6,97.6,0.9041201082,99.58111,-8.2,98.43333333333334,9.1,88.11959584554036,2493.32666015625
2015-07-01,93303.2,46672.8,19669,21201.7,46839.5,44170.7,NA,99.85835,-5.266666666666667,6.066667,71.18329,94.53333333333333,119.1789,-14.4,100.0266,-6.266666666666667,121.45333333333333,119.58666666666667,129.35,123.99666666666667,126.34333333333333,109.615,1.0048333333,-0.0278171,2.0266666666666664,144.4,92644.66666666667,2.542877506148433,51.5,92.9,98.1,0.8995253357,99.94409,-9.1,100.73333333333333,11.033333333333333,96.01821645100911,2325.086669921875
2015-10-01,93677.6,47127.5,19478.9,21848.8,46687.6,44892.5,NA,100.1917,-5.466666666666667,6.3,71.252440000000007,94.53333333333333,122.3724,-12.433333333333334,100.4519,-6.466666666666667,122.16666666666667,121.03666666666666,129.44,119.21,126.32333333333334,109.93,0.8374333333,-0.0891760333,2.01,144.1,94014.66666666667,3.5637680815757022,51.3,92.8,96.5,0.9138483136,100.6111,-10.4,101.03333333333333,14.266666666666667,130.29488118489584,2349.32666015625
2016-01-01,94751.3,47086.2,19652.8,22052.1,48223.8,45498.4,NA,102.1915,-7.433333333333334,6.466667,71.26647,93.83333333333333,126.8528,-7.866666666666667,100.3456,-4.3,121.67999999999999,120.80666666666667,130.52333333333334,114.28,127.91666666666666,110.009,0.5834666667,-0.1860817333,1.9866666666666666,142.9,94648.33333333333,2.0960166103300537,50.7,92.2,99.1,0.9073307109,101.1502,-7.533333333333333,100.53333333333333,11.733333333333333,110.56036122639973,2251.3799641927085
2016-04-01,94697,47646.1,19801.3,22216.3,47392.4,44659.7,NA,101.4249,-7.533333333333333,6.6,71.45552,96.06666666666666,127.7763,-4.8,100.5228,-0.6666666666666667,122.73,121.61,130.70333333333332,118.27666666666667,127.73,110.669,0.3579666667,-0.2580938,1.94,142.5,95551.66666666667,2.720004509820684,50.5,92,100.1,0.8855690548,101.275,-6.266666666666667,102.06666666666666,14.5,87.90733337402344,2196.7433268229165
2016-07-01,95216.5,47645.2,19883.5,22408.9,48481.5,44480.9,NA,102.1915,-4.8,6.633333,71.69796,97.39999999999999,127.0245,-5,100.8773,-1.7333333333333334,122.38,121.24333333333334,130.11,118.39333333333333,129.26333333333332,111.602,0.1378333333,-0.2981258667,1.9133333333333333,143.5,97080,3.843310267323053,50.7,92.8,97.7,0.8961600217,100.7327,-6.233333333333333,101.63333333333334,10.566666666666666,105.9647216796875,2397.8033040364585
2016-10-01,95792,48202,20087.2,22368.7,47597,44903.7,NA,104.0247,-1.1,6.2,71.74828,105.53333333333333,126.2187,0.3,101.5862,-1.8333333333333333,123.96333333333332,122.97,130.77666666666667,120.37666666666667,129.23333333333332,111.864,0.4222666667,-0.3124812333,1.8633333333333335,143.7,98302.66666666667,3.2342806254175738,51,92.7,96.3,0.9280663203,101.3113,-5.7,106.7,18.96666666666667,90.28233591715495,2604.816650390625
2017-01-01,96735.2,48362.5,20167.4,22746.2,48818.5,46284.7,NA,104.258,1.8333333333333333,6.166667,71.7738,108.96666666666667,127.1765,5.866666666666666,101.8343,-3.966666666666667,124.33666666666666,122.90333333333334,132.95333333333332,122.24666666666667,130.96666666666667,111.342,0.5842666667,-0.3278311,1.9166666666666665,144.2,99181,3.9442234784591967,50.7,93.4,93.8,0.9384762213,101.1795,-3.7333333333333334,108.93333333333332,20.733333333333334,105.34782409667969,2861.8233235677085
2017-04-01,97047.3,48320.5,19843.1,22994.3,50397.7,47337.3,NA,106.7244,2.7333333333333334,5.9,72.25496,108.56666666666666,129.9192,6.266666666666667,101.9052,-7.933333333333334,125.37,124.27,132.92333333333332,120.4,131.5,111.868,0.5655666667,-0.3299478,1.8933333333333333,143,99767,4.20827666192809,50.6,92.5,92.8,0.9092752852,101.5012,-1.5666666666666667,111.7,27.566666666666666,116.27630106608073,3149.3766276041665
2017-07-01,97663.3,48813,19961.7,23417.7,50778.9,47764,NA,109.1909,6.2,5.866667,72.04759,113.8,129.7336,9.033333333333333,102.2951,-4.766666666666667,125.08333333333333,123.93,133.44666666666666,119.36,132.84333333333333,111.932,0.6421666667,-0.3296322,1.8666666666666667,142.8,100493,4.141023989288484,50.4,92.3,91.5,0.8514329538,102.1667,-1.2333333333333334,113.26666666666667,26.933333333333334,118.95984141031902,3318.2967122395835
2017-10-01,98126.5,48545.1,19947.3,23528.9,51848.1,48006.5,NA,111.0907,11.566666666666666,5.833333,72.57668,114.76666666666667,129.3309,12.4,101.7989,-4.566666666666666,126.90666666666667,125.71333333333334,134.92,122.76666666666667,132.56333333333333,113.484,0.5411333333,-0.3288134,1.8666666666666667,142.7,103041.33333333333,4.294293058308618,50.2,92.5,89.8,0.8492442352,103.1629,2.1666666666666665,118.33333333333333,31.433333333333334,88.92528025309245,3453.1166178385415
2018-01-01,98686.9,48810.7,19947,23601.2,52007.7,48994.1,NA,110.4575,11,5.433333,72.70151,114.7,134.122,9.466666666666667,102.1887,-6.8,126.78333333333333,125.42666666666666,135.09666666666666,122.72999999999999,134,113.992,0.7727666667,-0.3282864333,1.8233333333333335,143.3,105250,3.6822717540178296,49.6,93.7,88,0.8137506825,103.1479,2.333333333333333,117.03333333333333,28.633333333333333,89.62681833902995,3457.6800130208335
2018-04-01,99482,48903.1,20288.4,24327,53354.6,49163.6,NA,113.1906,8.466666666666667,5,73.12766,109.76666666666667,133.7521,10.2,102.4723,-9.466666666666667,128.04666666666665,126.54333333333334,135.56,126.42333333333333,134.36333333333334,115.335,0.7431666667,-0.3252416333,1.8466666666666667,142.7,106161,3.872808480897461,49.4,93.2,87.8,0.8394843823,103.0595,0.7,114.03333333333333,26.333333333333332,117.63289388020833,3346.5966796875
2018-07-01,99890.5,48591.8,20161.2,24039.7,52956.3,49779.2,NA,113.4239,6.566666666666666,5.366667,73.03733,110.60000000000001,137.1799,17.599999999999998,101.9406,-11.966666666666667,127.89333333333333,126.06,135.41,128.86666666666667,135.77,115.571,0.6195666667,-0.3195257667,1.85,142.9,107890.33333333333,3.658839939604941,49.8,93,85.9,0.8595732569,103.0155,-0.3,112.36666666666666,23.666666666666668,99.27467346191406,3268.2933756510415
2018-10-01,100827.4,49235.1,20264.6,24796,53340.2,50778.9,NA,116.7903,5.566666666666666,5.1,73.18697,112.10000000000001,135.9921,15.766666666666666,103.4648,-11.166666666666666,129.60333333333332,127.79666666666667,136.20666666666665,132.45666666666665,135.53,114.973,0.6091333333,-0.315318,1.8133333333333335,142.8,109638.33333333333,2.4956172744552862,49.5,93.3,84.4,0.8764896189,103.6057,-0.3333333333333333,112.46666666666667,25.566666666666666,87.67724355061848,2935.3899739583335
2019-01-01,101975.2,49184.8,20631.3,25503.8,55683.7,51480.9,NA,117.1902,-3,5.066667,73.40407,107.60000000000001,138.2867,12.133333333333333,102.7204,-9.266666666666666,128.81,127.26,136.84666666666666,126.68333333333334,136.7,115.068,0.4266333333,-0.3085468333,1.7833333333333334,143.6,110318,3.941172241195212,49.3,94.3,84.6,0.8807720628,102.8797,-1.5,106.23333333333333,19.8,88.8508529663086,3096.5833333333335
2019-04-01,101343,49155.9,20350,25687.5,54740.5,51243.9,NA,114.9571,-5.366666666666667,4.866667,73.55183,103.33333333333333,138.8119,12.733333333333333,102.8977,-13.366666666666667,130.18333333333334,128.69333333333333,137.0533333333333,129.51666666666668,137.39666666666668,117.333,0.1941666667,-0.3170712,1.6966666666666665,144.5,111596,4.549304691530254,49.4,95.1,85,0.8897470678,102.4665,-1.8666666666666667,105.1,18.4,97.43793487548828,2953.3566080729165
2019-07-01,101506,49232.8,20380,25301.5,54740.8,50574.5,NA,114.7571,-4.4,4.8,73.44674,102.2,138.3395,11.766666666666667,104.0319,-10.4,129.61666666666667,128.02,137.11666666666667,128.71333333333334,138.43,117.257,-0.2599333333,-0.3967076,1.6,142.7,113810,5.267980162243835,49.6,93.1,85.6,0.8996656861,101.9075,-3.3000000000000003,104.03333333333333,14.733333333333333,95.76455434163411,3020.4500325520835
2019-10-01,100847,49265.9,20294.2,24701.6,54320.8,49784.2,NA,114.5238,-6.466666666666667,4.533333,73.80087,107.93333333333334,138.2725,11.233333333333334,104.8471,-11.533333333333333,131.36333333333332,130.22333333333333,137.19666666666666,128.95,138.89666666666668,119.686,-0.1091333333,-0.4029517667,1.43,142.4,116252,6.619395651753757,49.4,93,82.9,0.903208668,102.5581,-3.2,103.46666666666667,15.133333333333333,81.73166910807292,3133.6900227864585
2020-01-01,99727.7,47028.5,20176.8,24083.4,52986.5,48864.3,NA,113.1906,-8.2,4.7,73.1648,96.2,140.347,13.533333333333333,100.5228,-18.633333333333333,131.36,130.08,139.14,127.15666666666667,140.21,120.349,-0.146,-0.4055409333,1.3966666666666665,144.2,116928,3.6881606206564888,49.6,94.6,85.4,0.9078426877,102.5658,-4.133333333333333,101.89999999999999,12.733333333333333,98.6388448079427,2338.7132568359375
2020-04-01,87156.5,41766.2,19698.3,22777.5,42619.3,41364.3,NA,97.85851,-29.23333333333333,7,70.01302,73.5,144.5,-11.033333333333333,99.92025,-40.13333333333333,131.56,131.02666666666667,140.1966666666667,118.64666666666666,140.78333333333333,135.348,-0.0608333333,-0.3006666667,1.3733333333333333,150.1,116228.66666666667,4.734265511170421,51.3,98.8,96.3,0.908271645,103.5369,-14.3,70,-45.666666666666664,69.69149271647136,2200.856689453125
2020-07-01,97176.2,46981,20366.7,24419.1,50025.6,45559.5,NA,111.9573,-14.966666666666667,6.433333,71.91267,88.83333333333333,149.191,-1,108.2499,-19.233333333333334,131.48,130.83666666666667,140.63,119.17999999999999,141.96,123.199,-0.2819666667,-0.4717361,1.3166666666666667,152.1,118100.66666666667,4.11353117571549,52.1,99.9,93.7,0.8551811459,104.7508,-8.8,91.13333333333334,-6.833333333333333,70.77223714192708,2126.9200032552085
2020-10-01,95734.8,45468.7,20740.5,24791.7,50390.4,48037.2,NA,114.3238,-8.133333333333333,6.266667,71.81072,93.73333333333333,150.1949,1.7666666666666666,103.8547,-27.5,132.79,132.47,140.95666666666668,118.55333333333333,142.16,126.002,-0.4106,-0.5226948,1.2633333333333334,153.3,120397.66666666667,5.489821737123246,52.9,100.4,98.5,0.838870803,105.6578,-12.433333333333334,93.23333333333333,-5.800000000000001,70.07264200846355,2740.6499837239585
2021-01-01,94803,43677.4,21303.2,25511.7,49005,49734.4,NA,116.0237,-1.7333333333333332,7.166667,71.31188,97.23333333333333,155.5338,10.633333333333333,103.1458,-27.8,133.30666666666667,132.48,139.79666666666668,125.86333333333333,143.62666666666667,127.482,-0.2283666667,-0.5424456667,1.1966666666666665,157.8,121544,8.048065083340084,53.7,104.1,99.4,0.8296439075,104.5181,-8.4,99.53333333333333,-2.266666666666667,76.66475677490234,3132.8600260416665
2021-04-01,99171.1,46454.8,21772.6,26027.8,53557.3,51900.2,NA,119.2234,13.366666666666667,6.733333,71.69197,113.23333333333333,157.5014,21.5,108.8525,0.46666666666666634,134.94,133.91333333333333,140.98,129.92,144.26333333333335,124.81,0.0207666667,-0.5403847667,1.2,153.8,123572.33333333333,7.510694613023117,52.7,101.1,97.2,0.8296618398,104.6308,-4.133333333333334,116.36666666666667,19.166666666666664,85.10015869140625,3438.1700032552085
2021-07-01,102281.4,50738.3,22089.5,25379.3,55936.4,52648.4,NA,120.09,14.733333333333334,5.566667,73.12997,121.06666666666666,159.7536,23.3,107.6828,13.866666666666667,135.53666666666666,134.03,141.16333333333333,135.21666666666667,145.51666666666665,123.207,-0.1437333333,-0.5458182,1.2066666666666666,153.6,126155.33333333333,8.341696468466054,52.5,101.1,94.8,0.848374697,104.241,-0.9666666666666666,120.26666666666667,27.5,76.20142873128255,3666.603271484375
2021-10-01,102556,48630.6,22040.1,24859.5,56304.6,54640.6,NA,123.2564,14.733333333333333,5.2,73.467,119.06666666666666,162.4165,20.366666666666667,105.6624,-4.833333333333333,137.95000000000002,135.88666666666666,142.88333333333333,144.93666666666667,146.02,124.339,0.0098,-0.5663765333,1.2066666666666666,153.4,128800.66666666667,7.980737430468543,51.7,101.7,92,0.8745331266,104.2002,-6.066666666666666,115.8,21.03333333333333,90.31460062662761,3788.5166829427085
2022-01-01,102872.8,49794.6,21429,25802.9,57072.6,55867.3,NA,126.5895,10.9,4.633333,73.99101,118.46666666666667,165.1251,19.866666666666667,105.8751,-7.266666666666667,140.67666666666668,136.91,146.77333333333334,162.31333333333333,148.11333333333334,127.289,0.4803666667,-0.5290259,1.22,150.4,130062.66666666667,6.420296302121242,50.7,99.6,87.9,0.8907364831,103.6975,-13.266666666666666,109.5,16.133333333333333,224.59630839029947,3328.693359375
2022-04-01,105874.6,50289.4,21804.4,25147.6,58807.6,55809,NA,127.4894,6.766666666666667,4.466667,74.22749,111.96666666666667,165.1929,10.833333333333334,105.9105,-6.466666666666667,145.54333333333332,139.91666666666666,154.38333333333333,180.40666666666667,149.96333333333334,125.753,1.6309,-0.3576164333,1.5,148.1,132487.66666666666,4.011456974188743,50,98.1,81.2,0.9392376768,103.0387,-23.466666666666665,103,14.933333333333334,154.70296732584634,3077.9599609375
2022-07-01,105876.6,50556.1,21771.9,25224,59563.3,56192.8,NA,126.1562,-0.9333333333333332,4.9,73.88067,110.26666666666667,161.1713,5.333333333333333,105.44970000000001,-16.2,148.95666666666668,141.33333333333334,159.56333333333333,200.12333333333333,152.98333333333335,127.19,1.9469333333,0.4807405667,1.9333333333333333,146.3,134812.66666666666,2.6220561729065173,49.3,96.9,76.2,0.993248951,103.1457,-32.666666666666664,92.66666666666667,7.1,127.34195200602214,2842.5400390625
2022-10-01,105850.1,49921.3,22287,25416.2,60344.3,56018.5,NA,127.0561,-7.7,4.933333,73.96451,105.36666666666667,154.5475,-0.2666666666666665,103.9965,-14.266666666666667,153.24333333333334,145.46333333333334,164.73333333333332,206.38,155.21333333333334,129.857,2.7864,1.7721234,2.81,143.8,135162.66666666666,1.2327155303992976,48.3,95.5,71.7,0.9803069841,104.2995,-29.6,88.7,2.6,123.69154612223308,3247.1966145833335
2023-01-01,105750.4,50171.3,21719.8,25534.1,59917.3,55491.7,NA,129.0559,-4.8,4.966667,73.99316,109.33333333333333,151.0834,0.7,102.5078,-17.733333333333334,155.58333333333334,147.93,170.1,203.39333333333335,159.36666666666667,133.319,2.9703333333,2.6319262667,3.47,140.4,133665,NA,46.5,93.9,73.8,0.9321337563,104.7862,-23.866666666666667,93.63333333333334,8.6,110.21379852294922,3338.3999837239585
2023-04-01,104461.8,50093.5,22008.8,25052.9,58896.6,54921.6,NA,126.6228,-11.966666666666667,5,74.23154,103.6,148.334,-5.566666666666666,101.9761,-28.066666666666666,158.10666666666665,151.08666666666667,173.19333333333333,197.19,162.37666666666667,137.719,3.0351,3.3623451,3.9,137.9,133074.66666666666,NA,45.7,92.2,71.8,0.9185379611,105.57,-23.433333333333334,88.6,5.266666666666667,108.60209401448567,3147.8333333333335
2023-07-01,103955.8,49635.9,22235.7,24695.7,58183.9,52546.9,NA,125.1229,-16.666666666666664,5.433333,74.08781,94.63333333333334,146.5346,-10.9,101.9761,-26.5,158.98,151.65666666666667,174.97,199.82666666666665,165.04999999999998,139.405,3.1997333333,3.7773871333,3.973333333333333,136.8,132510,NA,45.2,91.6,70.1,0.9193362112,106.3153,-22.8,85,-1.7666666666666666,102.40825907389323,3135.9366048177085
2023-10-01,103470.2,49763.8,22028.8,24862.4,58378,52077.8,NA,NA,-18.8,5.166667,74.13258,95.36666666666667,143.1631,-10.466666666666667,100.7355,-23.533333333333335,161.10666666666665,154.18666666666667,176.08333333333334,200.47666666666666,166.77,141.967,3.1255333333,3.9580558333,4.166666666666667,134.8,131834.66666666666,NA,44.6,90.2,73.2,0.9293334416,107.0485,-21.233333333333334,84.03333333333333,-4,165.6208699544271,3394.07666015625
2024-01-01,103576.7,50282.1,22540.6,23923,58463.5,52614.3,NA,NA,-17.666666666666668,4.866667,74.12432,95.83333333333333,141.1147,-14.066666666666666,100.7355,-18.1,162.00333333333333,155.38,177.37666666666667,197.19666666666666,170.09666666666666,146.767,2.8353333333,3.9238544,4.05,134.6,130614.66666666667,NA,44,90.6,74.3,0.9213149068,107.2348,-17.333333333333332,88.3,1.5333333333333332,146.72833251953125,3481.4466145833335
2024-04-01,103410.1,50001.6,22767.7,23985.4,57260.5,52032.4,NA,NA,-18.400000000000002,5.133333,74.10262,93.6,140.1282,-13,NA,-9.666666666666666,163.27,157.1,177.94333333333333,193.36,172.01666666666665,148.753,3.0135333333,3.8075050333,3.9833333333333334,133.2,129779.33333333333,NA,43.7,89.5,75,0.9289777437,107.0745,-13.533333333333333,90.6,3.966666666666667,135.8540013631185,3666.2933756510415
2024-07-01,103359.1,50320.7,22855.5,23825.7,56806.9,52271.6,NA,NA,-21.73333333333333,5.333333,73.99598,89.66666666666666,139.9646,-16,NA,-23.5,162.76,156.99666666666667,177.84,186.88,173.80666666666667,150.169,2.8099,3.5553771,3.9066666666666667,132.5,129749,NA,43.4,89.1,77,0.9099683139,106.551,-13.766666666666667,87.46666666666667,2.2,121.24290720621745,3637.25
2024-10-01,103827,50749.6,23225.3,23973.8,56125.7,51818.5,NA,NA,-21.03333333333333,5.366667,74.13471,92.53333333333333,138.9802,-13.9,NA,-13.633333333333333,164.25666666666666,159.20333333333332,179.84,180.02,175.06666666666666,151.796,2.7120666667,2.9993235333,3.6433333333333335,131.1,129775,NA,42.9,88.2,75.4,0.938207141,106.5218,-17.7,87.06666666666666,2.566666666666667,133.9857635498047,3688.8899739583335
2025-01-01,104195.6,50612.4,23242.6,24193,57120,52268.2,NA,NA,-17.233333333333334,5.466667,74.22377,94.46666666666667,137.3581,-17.46666666666667,NA,-7.666666666666667,167.36333333333334,160.32333333333332,182.01,207.89666666666668,177.89,152.521,2.9720666667,2.5572171,3.4433333333333334,129.7,129281.33333333333,NA,42.4,87.3,76.5,0.9500645928,107.607,-18.3,90.16666666666667,4.733333333333333,141.50779724121094,4107.896728515625
2025-04-01,104315.4,50883.2,23370.9,24585.9,57675.4,53152.4,NA,NA,-14.466666666666667,5.733333,74.35279,93.96666666666667,135.9089,-17.8,NA,-3.8333333333333335,168.41333333333333,161.66333333333333,184.25666666666666,202.25666666666666,179.5,153.173,2.9687666667,2.1067523667,3.4033333333333333,128.5,129520,NA,42.1,86.4,76,0.8813586147,108.5844,-19.3,90.96666666666667,4.6,176.3182169596354,4459.490071614583
2025-07-01,104692.1,50581,23554.8,24831.1,58434.7,53528.7,NA,NA,-16.066666666666666,5.7,74.26231,94.03333333333333,136.7011,-18.133333333333333,NA,-2.533333333333333,169.12333333333333,162.22,185.96,202.84666666666666,181.58666666666667,153.777,3.0211333333,2.0115719,3.36,127.7,130353,NA,41.9,85.7,77.3,0.855790266,109.0417,-16.6,91.63333333333334,5.933333333333334,133.31971232096353,4686.176595052083
2025-10-01,104931.1,50778.4,23492.4,24602.1,58948.3,54013.5,NA,NA,-13.566666666666666,5.833333,74.54406,93.03333333333333,136.5423,-15.833333333333334,NA,-5.433333333333334,170.73,164.26,186.35333333333332,202.26666666666668,182.94666666666666,154.879,3.0010333333,2.0415044667,3.3766666666666665,125.5,131179,NA,41.6,83.9,75.2,0.8592611594,109.3,-17.133333333333333,93.1,8.166666666666668,130.45352935791016,5313.666666666667
2026-01-01,105150.1,50838.8,23870.5,24592.7,58544.3,53737.3,NA,NA,-13.133333333333333,5.733333,74.66296,92.96666666666667,137.2481,-21.3,NA,-1.2999999999999998,NA,NA,NA,NA,NA,154.393,3.1272,2.0494788,3.436666666666667,NA,131339.33333333334,NA,NA,NA,NA,0.8544349091,109.4363,-17.400000000000002,93.23333333333333,9,206.22403208414713,5613.216796875
2026-04-01,105159,50930.500970647474,23841.2,24695,58842.6,54051.4,NA,NA,-12.733333333333334,5.766667,NA,87.5,NA,-22.099999999999998,NA,-9.766666666666666,NA,NA,NA,NA,NA,NA,3.26953333333333,2.2468,3.51,NA,132278,NA,NA,NA,NA,0.859784812409812,108.7617,-21.733333333333334,88.86666666666667,-0.4,211.8811492919922,6356.996744791667
2026-07-01,NA,NA,NA,NA,NA,NA,NA,NA,-9.05,NA,NA,88.9,NA,-14.45,NA,-6.75,NA,NA,NA,NA,NA,NA,NA,NA,NA,NA,133026,NA,NA,NA,NA,NA,NA,-18.7,93.35,2.4,152.66822814941406,6764.114990234375
