fred_qd_mnemonic,fred_qd_group,fred_qd_description,status,candidate_source,confidence,note
GDPC1,Output and Income,"Real Gross Domestic Product, 3 Decimal (Billions of Chained 2012 Dollars)",IMPLEMENTED,,,Already in production -- see docs/data_sources.csv
PCECC96,Output and Income,Real Personal Consumption Expenditures (Billions of Chained 2012 Dollars),IMPLEMENTED,,,Already in production -- see docs/data_sources.csv
PCDGx,Output and Income,"Real Personal Consumption Expenditures: Durable Goods (Billions of Chained 2012 Dollars), deflated using PCE",CANDIDATE,Eurostat nama_10_fcs / namq_10_fcs (household consumption by durability: DUR/SEMI/NDUR/SERV),MEDIUM,Durability breakdown is standard annually; quarterly availability for AT not confirmed
PCESVx,Output and Income,"Real Personal Consumption Expenditures: Services (Billions of 2012 Dollars), deflated using PCE",CANDIDATE,Eurostat nama_10_fcs / namq_10_fcs (household consumption by durability: DUR/SEMI/NDUR/SERV),MEDIUM,Durability breakdown is standard annually; quarterly availability for AT not confirmed
PCNDx,Output and Income,"Real Personal Consumption Expenditures: Nondurable Goods (Billions of 2012 Dollars), deflated using PCE",CANDIDATE,Eurostat nama_10_fcs / namq_10_fcs (household consumption by durability: DUR/SEMI/NDUR/SERV),MEDIUM,Durability breakdown is standard annually; quarterly availability for AT not confirmed
GPDIC1,Output and Income,"Real Gross Private Domestic Investment, 3 Decimal (Billions of Chained 2012 Dollars)",IMPLEMENTED,,,Already in production -- see docs/data_sources.csv
FPIx,Output and Income,"Real Private Fixed Investment (Billions of Chained 2012 Dollars), deflated using PCE",IMPLEMENTED,,,Already in production -- see docs/data_sources.csv
Y033RC1Q027SBEAx,Output and Income,"Real Gross Private Domestic Investment: Fixed Investment: Nonresidential: Equipment (Billions of Chained 2012 Dollars), deflated using PCE",CANDIDATE,"Eurostat GFCF by asset type (AN.111/AN.1112, e.g. namq_10_anagg)",MEDIUM,Machinery/equipment vs. non-residential structures breakdown exists but exact quarterly table for AT unverified
PNFIx,Output and Income,"Real Private Fixed Investment: Nonresidential (Billions of Chained 2012 Dollars), deflated using PCE",CANDIDATE,"Eurostat GFCF by asset type (AN.111/AN.1112, e.g. namq_10_anagg)",MEDIUM,Machinery/equipment vs. non-residential structures breakdown exists but exact quarterly table for AT unverified
PRFIx,Output and Income,"Real Private Fixed Investment: Residential (Billions of Chained 2012 Dollars), deflated using PCE",CANDIDATE,"Eurostat GFCF, dwellings (AN.1111), namq_10_anagg or namq_10_gdp NA_ITEM=P51G + asset filter",HIGH,Residential investment is a routinely published EU quarterly series
A014RE1Q156NBEA,Output and Income,Shares of Gross Domestic Product: Gross Private Domestic Investment: Change in Private Inventories (Percent),CANDIDATE,"Derived: Eurostat P52 (changes in inventories) / GDP, from namq_10_gdp",MEDIUM,P52 validity for this dataflow not yet confirmed (only B1GQ/P31_S14/P3_S13/P51G/P6/P7 confirmed so far)
GCEC1,Output and Income,Real Government Consumption Expenditures & Gross Investment (Billions of Chained 2012 Dollars),IMPLEMENTED,,,Already in production -- see docs/data_sources.csv
A823RL1Q225SBEA,Output and Income,Real Government Consumption Expenditures and Gross Investment: Federal (Percent Change from Preceding Period),CANDIDATE,"Eurostat government finance stats by subsector (S1311 central government), gov_10q_ggnfa or similar",LOW,Austria's federal/Länder/Gemeinden split maps loosely onto S1311/S1312/S1313; quarterly subsector detail is thin
FGRECPTx,Output and Income,"Real Federal Government Current Receipts (Billions of Chained 2012 Dollars), deflated using PCE",CANDIDATE,"Eurostat government finance stats by subsector (S1311 central government), gov_10q_ggnfa or similar",LOW,Austria's federal/Länder/Gemeinden split maps loosely onto S1311/S1312/S1313; quarterly subsector detail is thin
SLCEx,Output and Income,"Real Government State and Local Consumption Expenditures (Billions of Chained 2012 Dollars), deflated using PCE",CANDIDATE,"Eurostat government consumption by subsector (S1312+S1313, Länder+Gemeinden)",LOW,Same subsector caveat as above
EXPGSC1,Output and Income,"Real Exports of Goods & Services, 3 Decimal (Billions of Chained 2012 Dollars)",IMPLEMENTED,,,Already in production -- see docs/data_sources.csv
IMPGSC1,Output and Income,"Real Imports of Goods & Services, 3 Decimal (Billions of Chained 2012 Dollars)",IMPLEMENTED,,,Already in production -- see docs/data_sources.csv
DPIC96,Output and Income,Real Disposable Personal Income (Billions of Chained 2012 Dollars),IMPLEMENTED (unresolved),,,Attempted (real_household_disposable_income); no source found for AT/DEU/USA -- see Known issues in README
OUTNFB,Output and Income,Nonfarm Business Sector: Real Output (Index 2012=100),NO_EQUIVALENT,,,"""Nonfarm/business sector output"" is a BLS/BEA productivity-accounts construct with no direct EU statistical analog; Eurostat GVA excl. agriculture is a distant proxy at best"
OUTBS,Output and Income,Business Sector: Real Output (Index 2012=100),NO_EQUIVALENT,,,"""Nonfarm/business sector output"" is a BLS/BEA productivity-accounts construct with no direct EU statistical analog; Eurostat GVA excl. agriculture is a distant proxy at best"
OUTMS,Output and Income,Manufacturing Sector: Real Output (Index 2012=100),CANDIDATE,"Eurostat/Statistik Austria manufacturing (NACE C) production index, sts_inpr_m",MEDIUM,"Index concept, not GVA-based like FRED-QD's series"
B020RE1Q156NBEA,Output and Income,Shares of Gross Domestic Product: Exports of Goods and Services (Percent),DERIVABLE,,,Simple ratio of already-implemented real_exports/real_imports to real_gdp; no new source needed
B021RE1Q156NBEA,Output and Income,Shares of Gross Domestic Product: Imports of Goods and Services (Percent),DERIVABLE,,,Simple ratio of already-implemented real_exports/real_imports to real_gdp; no new source needed
INDPRO,Industrial Production,Industrial Production Index (Index 2012=100),IMPLEMENTED,,,Already in production -- see docs/data_sources.csv
IPFINAL,Industrial Production,Industrial Production: Final Products (Market Group) (Index 2012=100),CANDIDATE,"Eurostat sts_inpr_m, Main Industrial Groupings (MIG) aggregate",HIGH,"MIG breakdown is a standard Eurostat STS product, closely parallels FRED-QD's market groups"
IPCONGD,Industrial Production,Industrial Production: Consumer Goods (Index 2012=100),CANDIDATE,"Eurostat sts_inpr_m, MIG=Consumer goods (MIG_CAG)",HIGH,
IPMAT,Industrial Production,Industrial Production: Materials (Index 2012=100),CANDIDATE,"Eurostat sts_inpr_m, MIG=Intermediate goods (MIG_ING)",HIGH,
IPDMAT,Industrial Production,Industrial Production: Durable Materials (Index 2012=100),CANDIDATE,"Eurostat sts_inpr_m, NACE division detail within intermediate goods",LOW,MIG intermediate-goods category is not itself split by durability
IPNMAT,Industrial Production,Industrial Production: Nondurable Materials (Index 2012=100),CANDIDATE,"Eurostat sts_inpr_m, NACE division detail within intermediate goods",LOW,MIG intermediate-goods category is not itself split by durability
IPDCONGD,Industrial Production,Industrial Production: Durable Consumer Goods (Index 2012=100),CANDIDATE,"Eurostat sts_inpr_m, MIG=Durable consumer goods (MIG_CDG)",HIGH,
IPB51110SQ,Industrial Production,Industrial Production: Durable Goods: Automotive Products (Index 2012=100),CANDIDATE,Eurostat/Statistik Austria IP by NACE division 29 (motor vehicles),HIGH,
IPNCONGD,Industrial Production,Industrial Production: Nondurable Consumer Goods (Index 2012=100),CANDIDATE,"Eurostat sts_inpr_m, MIG=Non-durable consumer goods (MIG_CNG)",HIGH,
IPBUSEQ,Industrial Production,Industrial Production: Business Equipment (Index 2012=100),CANDIDATE,"Eurostat sts_inpr_m, MIG=Capital goods (MIG_CAG)",MEDIUM,
IPB51220SQ,Industrial Production,Industrial Production: Consumer Energy Products (Index 2012=100),CANDIDATE,"Eurostat/Statistik Austria IP, NACE division D (energy)",MEDIUM,
TCU,Industrial Production,Capacity Utilization: Total Industry (Percent of Capacity),CANDIDATE,"European Commission Business and Consumer Survey, Capacity Utilisation in manufacturing (same archive already used for consumer confidence, R/ec_survey.R)",HIGH,The same monthly EC survey archive this project already fetches also carries a capacity-utilisation question; worth checking its exact column code
CUMFNS,Industrial Production,Capacity Utilization: Manufacturing (SIC) (Percent of Capacity),CANDIDATE,"European Commission Business and Consumer Survey, Capacity Utilisation in manufacturing (same archive already used for consumer confidence, R/ec_survey.R)",HIGH,The same monthly EC survey archive this project already fetches also carries a capacity-utilisation question; worth checking its exact column code
IPMANSICS,Industrial Production,Industrial Production: Manufacturing (SIC) (Index 2012=100),CANDIDATE,Eurostat/Statistik Austria manufacturing (NACE C) production index,HIGH,
IPB51222S,Industrial Production,Industrial Production: Residential Utilities (Index 2012=100),NO_EQUIVALENT,,,US-specific utility/residential IP subcategory; no standard EU analog
IPFUELS,Industrial Production,Industrial Production: Fuels (Index 2012=100),CANDIDATE,"Eurostat/Statistik Austria IP, NACE mining and energy production",MEDIUM,
PAYEMS,Employment and Unemployment,All Employees: Total Nonfarm (Thousands of Persons),CANDIDATE,"Eurostat national accounts employment (namq_10_pe, total domestic employment) or LFS employed persons (lfsq_egan)",HIGH,
USPRIV,Employment and Unemployment,All Employees: Total Private Industries (Thousands of Persons),CANDIDATE,Derived: PAYEMS candidate minus LFS public-administration employment (NACE O),LOW,"EU stats don't cleanly separate ""private"" vs ""public"" sector employment the way US establishment survey does"
MANEMP,Employment and Unemployment,All Employees: Manufacturing (Thousands of Persons),CANDIDATE,"Eurostat LFS employment by NACE (lfsq_egan2), sector C",HIGH,
SRVPRD,Employment and Unemployment,All Employees: Service-Providing Industries (Thousands of Persons),CANDIDATE,"Eurostat LFS employment by NACE, services aggregate (G-U)",HIGH,
USGOOD,Employment and Unemployment,All Employees: Goods-Producing Industries (Thousands of Persons),CANDIDATE,"Eurostat LFS employment by NACE, industry+construction (B-F)",HIGH,
DMANEMP,Employment and Unemployment,All Employees: Durable Goods (Thousands of Persons),CANDIDATE,Eurostat LFS employment by 2-digit NACE division within manufacturing,LOW,Durable/non-durable split isn't a standard NACE cut; would need a manual division-level rollup
NDMANEMP,Employment and Unemployment,All Employees: Nondurable Goods (Thousands of Persons),CANDIDATE,Eurostat LFS employment by 2-digit NACE division within manufacturing,LOW,Durable/non-durable split isn't a standard NACE cut; would need a manual division-level rollup
USCONS,Employment and Unemployment,All Employees: Construction (Thousands of Persons),CANDIDATE,"Eurostat LFS employment by NACE, sector F",HIGH,
USEHS,Employment and Unemployment,All Employees: Education & Health Services (Thousands of Persons),CANDIDATE,"Eurostat LFS employment by NACE, sectors P+Q",HIGH,
USFIRE,Employment and Unemployment,All Employees: Financial Activities (Thousands of Persons),CANDIDATE,"Eurostat LFS employment by NACE, sector K (+L)",HIGH,
USINFO,Employment and Unemployment,All Employees: Information Services (Thousands of Persons),CANDIDATE,"Eurostat LFS employment by NACE, sector J",HIGH,
USPBS,Employment and Unemployment,All Employees: Professional & Business Services (Thousands of Persons),CANDIDATE,"Eurostat LFS employment by NACE, sectors M+N",HIGH,
USLAH,Employment and Unemployment,All Employees: Leisure & Hospitality (Thousands of Persons),CANDIDATE,"Eurostat LFS employment by NACE, sectors I+R",HIGH,
USSERV,Employment and Unemployment,All Employees: Other Services (Thousands of Persons),CANDIDATE,"Eurostat LFS employment by NACE, sector S",MEDIUM,
USMINE,Employment and Unemployment,All Employees: Mining and Logging (Thousands of Persons),CANDIDATE,"Eurostat LFS employment by NACE, sector B",MEDIUM,"""Logging"" (part of A) not cleanly separable"
USTPU,Employment and Unemployment,"All Employees: Trade, Transportation & Utilities (Thousands of Persons)",CANDIDATE,"Eurostat LFS employment by NACE, sectors G+H+D+E",HIGH,
USGOVT,Employment and Unemployment,All Employees: Government (Thousands of Persons),CANDIDATE,"Eurostat LFS employment by NACE, sector O (public administration)",MEDIUM,"Excludes public employees classified under P/Q (education/health), unlike the US series"
USTRADE,Employment and Unemployment,All Employees: Retail Trade (Thousands of Persons),CANDIDATE,Eurostat LFS employment by NACE division 47 (retail),HIGH,
USWTRADE,Employment and Unemployment,All Employees: Wholesale Trade (Thousands of Persons),CANDIDATE,Eurostat LFS employment by NACE division 46 (wholesale),HIGH,
CES9091000001,Employment and Unemployment,All Employees: Government: Federal (Thousands of Persons),NO_EQUIVALENT,,,Federal/state/local employment split has no EU statistical analog at this granularity; Austria's own government employment stats (Stellenplan) are not harmonized this way
CES9092000001,Employment and Unemployment,All Employees: Government: State Government (Thousands of Persons),NO_EQUIVALENT,,,Federal/state/local employment split has no EU statistical analog at this granularity; Austria's own government employment stats (Stellenplan) are not harmonized this way
CES9093000001,Employment and Unemployment,All Employees: Government: Local Government (Thousands of Persons),NO_EQUIVALENT,,,Federal/state/local employment split has no EU statistical analog at this granularity; Austria's own government employment stats (Stellenplan) are not harmonized this way
CE16OV,Employment and Unemployment,Civilian Employment (Thousands of Persons),CANDIDATE,Eurostat LFS total employed persons (lfsq_egan),HIGH,
CIVPART,Employment and Unemployment,Civilian Labor Force Participation Rate (Percent),CANDIDATE,Eurostat LFS activity rate (lfsq_argan),HIGH,Natural complement to the already-implemented employment_rate
UNRATE,Employment and Unemployment,Civilian Unemployment Rate (Percent),IMPLEMENTED,,,Already in production -- see docs/data_sources.csv
UNRATESTx,Employment and Unemployment,Unemployment Rate: Less than 27 Weeks (Percent),CANDIDATE,Eurostat LFS unemployment by duration (lfsq_upgal / une_ltu series),MEDIUM,
UNRATELTx,Employment and Unemployment,Unemployment Rate: More than 27 Weeks (Percent),CANDIDATE,Eurostat LFS unemployment by duration (lfsq_upgal / une_ltu series),MEDIUM,
LNS14000012,Employment and Unemployment,Unemployment Rate: 16 to 19 Years (Percent),CANDIDATE,"Eurostat LFS unemployment rate by age (lfsq_urgan), youth 15-24 band",MEDIUM,EU's standard youth band (15-24) doesn't exactly match FRED-QD's 16-19
LNS14000025,Employment and Unemployment,"Unemployment Rate: 20 Years and Over, Men (Percent)",CANDIDATE,Eurostat LFS unemployment rate by sex and age (lfsq_urgan),HIGH,
LNS14000026,Employment and Unemployment,"Unemployment Rate: 20 Years and Over, Women (Percent)",CANDIDATE,Eurostat LFS unemployment rate by sex and age (lfsq_urgan),HIGH,
UEMPLT5,Employment and Unemployment,Number of Civilians Unemployed: Less than 5 Weeks (Thousands of Persons),CANDIDATE,Eurostat LFS unemployment by duration bands (lfsq_ugad),MEDIUM,"EU duration bands (<1mo, 1-2, 3-5, 6-11, 12+) don't align exactly with FRED-QD's week-based cutoffs"
UEMP5TO14,Employment and Unemployment,Number of Civilians Unemployed for 5 to 14 Weeks (Thousands of Persons),CANDIDATE,Eurostat LFS unemployment by duration bands (lfsq_ugad),MEDIUM,"EU duration bands (<1mo, 1-2, 3-5, 6-11, 12+) don't align exactly with FRED-QD's week-based cutoffs"
UEMP15T26,Employment and Unemployment,Number of Civilians Unemployed for 15 to 26 Weeks (Thousands of Persons),CANDIDATE,Eurostat LFS unemployment by duration bands (lfsq_ugad),MEDIUM,"EU duration bands (<1mo, 1-2, 3-5, 6-11, 12+) don't align exactly with FRED-QD's week-based cutoffs"
UEMP27OV,Employment and Unemployment,Number of Civilians Unemployed for 27 Weeks and Over (Thousands of Persons),CANDIDATE,Eurostat LFS unemployment by duration bands (lfsq_ugad),MEDIUM,"EU duration bands (<1mo, 1-2, 3-5, 6-11, 12+) don't align exactly with FRED-QD's week-based cutoffs"
LNS13023621,Employment and Unemployment,Unemployment Level: Job Losers (Thousands of Persons),NO_EQUIVALENT,,,Unemployment-by-reason (job loser/leaver/reentrant/new entrant) is a CPS-specific classification; EU LFS does not publish a comparable quarterly breakdown for most countries
LNS13023557,Employment and Unemployment,Unemployment Level: Reentrants to Labor Force (Thousands of Persons),NO_EQUIVALENT,,,Unemployment-by-reason (job loser/leaver/reentrant/new entrant) is a CPS-specific classification; EU LFS does not publish a comparable quarterly breakdown for most countries
LNS13023705,Employment and Unemployment,Unemployment Level: Job Leavers (Thousands of Persons),NO_EQUIVALENT,,,Unemployment-by-reason (job loser/leaver/reentrant/new entrant) is a CPS-specific classification; EU LFS does not publish a comparable quarterly breakdown for most countries
LNS13023569,Employment and Unemployment,Unemployment Level: New Entrants (Thousands of Persons),NO_EQUIVALENT,,,Unemployment-by-reason (job loser/leaver/reentrant/new entrant) is a CPS-specific classification; EU LFS does not publish a comparable quarterly breakdown for most countries
LNS12032194,Employment and Unemployment,"Employment Level: Part-Time for Economic Reasons, All Industries (Thousands of Persons)",CANDIDATE,Eurostat LFS involuntary part-time employment (lfsq_epgai or similar),MEDIUM,"""Involuntary part-time"" (EU concept) vs. ""part-time for economic reasons"" (US) are similar but not identically defined"
HOABS,Employment and Unemployment,Business Sector: Hours of All Persons (Index 2012=100),CANDIDATE,"Eurostat national accounts, total hours worked (namq_10_pe)",MEDIUM,
HOAMS,Employment and Unemployment,Manufacturing Sector: Hours of All Persons (Index 2012=100),CANDIDATE,"Eurostat national accounts, total hours worked (namq_10_pe)",MEDIUM,
HOANBS,Employment and Unemployment,Nonfarm Business Sector: Hours of All Persons (Index 2012=100),CANDIDATE,"Eurostat national accounts, total hours worked (namq_10_pe)",MEDIUM,
AWHMAN,Employment and Unemployment,Average Weekly Hours of Production and Nonsupervisory Employees: Manufacturing (Hours),CANDIDATE,Eurostat LFS average usual weekly hours worked (lfsq_ewhun2),MEDIUM,LFS doesn't separately break out overtime hours the way AWOTMAN does
AWHNONAG,Employment and Unemployment,Average Weekly Hours of Production and Nonsupervisory Employees: Total Private (Hours),CANDIDATE,Eurostat LFS average usual weekly hours worked (lfsq_ewhun2),MEDIUM,LFS doesn't separately break out overtime hours the way AWOTMAN does
AWOTMAN,Employment and Unemployment,Average Weekly Overtime Hours of Production and Nonsupervisory Employees: Manufacturing (Hours),CANDIDATE,Eurostat LFS average usual weekly hours worked (lfsq_ewhun2),MEDIUM,LFS doesn't separately break out overtime hours the way AWOTMAN does
HWIx,Employment and Unemployment,Help-Wanted Index,CANDIDATE,Eurostat job vacancy rate (jvs_q_nace2),LOW,"A rate, not an index -- different construction from the Help-Wanted Index"
UEMPMEAN,Employment and Unemployment,Average (Mean) Duration of Unemployment (Weeks),CANDIDATE,Eurostat LFS mean/median unemployment duration,MEDIUM,
CES0600000007,Employment and Unemployment,Average Weekly Hours of Production and Nonsupervisory Employees: Goods-Producing (Hours),CANDIDATE,"Eurostat LFS average hours worked by NACE, goods-producing sectors",MEDIUM,
HWIURATIOx,Employment and Unemployment,Ratio of Help Wanted to Number Unemployed,DERIVABLE,,,"Ratio of the HWIx and UNRATE candidates above, once both exist"
CLAIMSx,Employment and Unemployment,Initial Claims,CANDIDATE,AMS (Arbeitsmarktservice Österreich) new unemployment registrations -- a NATIONAL (not EU-harmonized) source,MEDIUM,"Conceptually close to US initial claims; AMS publishes this but it is Austria-only, not a generalizable cross-country pattern like the rest of this project"
HOUST,Housing,Housing Starts: Total: New Privately Owned Housing Units Started (Thousands of Units),NO_EQUIVALENT,,,"""Housing starts"" has no standard EU equivalent; Statistik Austria publishes building COMPLETIONS (Fertigstellungen), a related but different concept, annually"
HOUST5F,Housing,Privately Owned Housing Starts: 5-Unit Structures or More (Thousands of Units),NO_EQUIVALENT,,,"""Housing starts"" has no standard EU equivalent; Statistik Austria publishes building COMPLETIONS (Fertigstellungen), a related but different concept, annually"
PERMIT,Housing,New Private Housing Units Authorized by Building Permits (Thousands of Units),CANDIDATE,Eurostat quarterly building permits index (sts_cobp_q),HIGH,Dataflow existence confirmed live 2026-08-30; exact dimension key not yet verified
HOUSTMW,Housing,Housing Starts in Midwest Census Region (Thousands of Units),NO_EQUIVALENT,,,US Census-region breakdown; no standard Austrian sub-national equivalent (could use Bundesland via Statistik Austria but not a standard cut)
HOUSTNE,Housing,Housing Starts in Northeast Census Region (Thousands of Units),NO_EQUIVALENT,,,US Census-region breakdown; no standard Austrian sub-national equivalent (could use Bundesland via Statistik Austria but not a standard cut)
HOUSTS,Housing,Housing Starts in South Census Region (Thousands of Units),NO_EQUIVALENT,,,US Census-region breakdown; no standard Austrian sub-national equivalent (could use Bundesland via Statistik Austria but not a standard cut)
HOUSTW,Housing,Housing Starts in West Census Region (Thousands of Units),NO_EQUIVALENT,,,US Census-region breakdown; no standard Austrian sub-national equivalent (could use Bundesland via Statistik Austria but not a standard cut)
USSTHPI,Housing,All-Transactions House Price Index for the United States (Index 1980 Q1=100),IMPLEMENTED,,,Already in production -- see docs/data_sources.csv
SPCS10RSA,Housing,S&P/Case-Shiller 10-City Composite Home Price Index (Index January 2000=100),NO_EQUIVALENT,,,"US-city-specific house price indices; already covered at country level by the implemented house_price_real (BIS), no Austrian city-level series tracked"
SPCS20RSA,Housing,S&P/Case-Shiller 20-City Composite Home Price Index (Index January 2000=100),NO_EQUIVALENT,,,"US-city-specific house price indices; already covered at country level by the implemented house_price_real (BIS), no Austrian city-level series tracked"
PERMITNE,Housing,"New Private Housing Units Authorized by Building Permits: Northeast Census Region (Thousands, SAAR)",NO_EQUIVALENT,,,US Census-region breakdown; no standard Austrian sub-national equivalent (could use Bundesland via Statistik Austria but not a standard cut)
PERMITMW,Housing,"New Private Housing Units Authorized by Building Permits: Midwest Census Region (Thousands, SAAR)",NO_EQUIVALENT,,,US Census-region breakdown; no standard Austrian sub-national equivalent (could use Bundesland via Statistik Austria but not a standard cut)
PERMITS,Housing,"New Private Housing Units Authorized by Building Permits: South Census Region (Thousands, SAAR)",NO_EQUIVALENT,,,US Census-region breakdown; no standard Austrian sub-national equivalent (could use Bundesland via Statistik Austria but not a standard cut)
PERMITW,Housing,"New Private Housing Units Authorized by Building Permits: West Census Region (Thousands, SAAR)",NO_EQUIVALENT,,,US Census-region breakdown; no standard Austrian sub-national equivalent (could use Bundesland via Statistik Austria but not a standard cut)
CMRMTSPLx,"Inventories, Orders, and Sales",Real Manufacturing and Trade Industries Sales (Millions of Chained 2012 Dollars),CANDIDATE,"Eurostat turnover index, industry+trade (sts_trtu_m)",MEDIUM,
RSAFSx,"Inventories, Orders, and Sales","Real Retail and Food Services Sales (Millions of Chained 2012 Dollars), deflated by Core PCE",IMPLEMENTED,,,Already in production -- see docs/data_sources.csv
AMDMNOx,"Inventories, Orders, and Sales","Real Manufacturers' New Orders: Durable Goods (Millions of 2012 Dollars), deflated by Core PCE",CANDIDATE,"Eurostat New Orders Index, industry (sts_inop_m/sts_intv)",MEDIUM,Category exists at EU level (total/domestic/non-domestic orders) but FRED-QD's finer consumer/capital-goods order splits may not
ACOGNOx,"Inventories, Orders, and Sales","Real Value of Manufacturers' New Orders for Consumer Goods Industries (Millions of 2012 Dollars), deflated by Core PCE",CANDIDATE,"Eurostat New Orders Index, industry (sts_inop_m/sts_intv)",MEDIUM,Category exists at EU level (total/domestic/non-domestic orders) but FRED-QD's finer consumer/capital-goods order splits may not
AMDMUOx,"Inventories, Orders, and Sales","Real Value of Manufacturers' Unfilled Orders for Durable Goods Industries (Millions of 2012 Dollars), deflated by Core PCE",CANDIDATE,"Eurostat New Orders Index, industry (sts_inop_m/sts_intv)",MEDIUM,Category exists at EU level (total/domestic/non-domestic orders) but FRED-QD's finer consumer/capital-goods order splits may not
ANDENOx,"Inventories, Orders, and Sales","Real Value of Manufacturers' New Orders for Capital Goods: Nondefense Capital Goods Industries (Millions of 2012 Dollars), deflated by Core PCE",CANDIDATE,"Eurostat New Orders Index, industry (sts_inop_m/sts_intv)",MEDIUM,Category exists at EU level (total/domestic/non-domestic orders) but FRED-QD's finer consumer/capital-goods order splits may not
INVCQRMTSPL,"Inventories, Orders, and Sales",Real Manufacturing and Trade Inventories (Millions of 2012 Dollars),CANDIDATE,"Eurostat/Statistik Austria industrial inventories survey balance (qualitative, from the EC Business Survey)",LOW,"EU inventory data is typically a qualitative survey balance, not a real Chained-dollar level like FRED-QD's"
BUSINVx,"Inventories, Orders, and Sales",Total Business Inventories (Millions of Dollars),CANDIDATE,"Eurostat/Statistik Austria industrial inventories survey balance (qualitative, from the EC Business Survey)",LOW,"EU inventory data is typically a qualitative survey balance, not a real Chained-dollar level like FRED-QD's"
ISRATIOx,"Inventories, Orders, and Sales",Total Business: Inventories to Sales Ratio,DERIVABLE,,,"Ratio of the inventories and sales candidates above, once both exist"
PCECTPI,Prices,Personal Consumption Expenditures: Chain-type Price Index (Index 2012=100),CANDIDATE,Eurostat HICP overall / HICP excl. food and energy (prc_hicp_midx),HIGH,"Dataflow existence confirmed live 2026-08-30 (structure query succeeds); exact dimension key not yet verified. HICP basket differs from the US PCE deflator's basket, but is the standard EU price-level proxy -- also the leading candidate to fix cpi_index's known staleness (see README Known issues)"
PCEPILFE,Prices,Personal Consumption Expenditures Excluding Food and Energy: Chain-type Price Index (Index 2012=100),CANDIDATE,Eurostat HICP overall / HICP excl. food and energy (prc_hicp_midx),HIGH,"Dataflow existence confirmed live 2026-08-30 (structure query succeeds); exact dimension key not yet verified. HICP basket differs from the US PCE deflator's basket, but is the standard EU price-level proxy -- also the leading candidate to fix cpi_index's known staleness (see README Known issues)"
GDPCTPI,Prices,Gross Domestic Product: Chain-type Price Index (Index 2012=100),DERIVABLE,,,"Nominal/real ratio, once nominal GDP/GFCF (not currently fetched) are added alongside the real series already implemented"
GPDICTPI,Prices,Gross Private Domestic Investment: Chain-type Price Index (Index 2012=100),DERIVABLE,,,"Nominal/real ratio, once nominal GDP/GFCF (not currently fetched) are added alongside the real series already implemented"
IPDBS,Prices,Business Sector: Implicit Price Deflator (Index 2012=100),CANDIDATE,Eurostat business-sector GVA deflator (derived from nominal/real GVA),LOW,
DGDSRG3Q086SBEA,Prices,Personal Consumption Expenditures: Goods (Chain-type Price Index),CANDIDATE,"Eurostat HICP by COICOP division/group (prc_hicp_midx), ~90 categories per country",MEDIUM,"Conceptually parallel (price index by consumption category) but COICOP != BEA's NIPA categories; needs a category-by-category crosswalk, not a 1:1 code match"
DDURRG3Q086SBEA,Prices,Personal Consumption Expenditures: Durable Goods (Chain-type Price Index),CANDIDATE,"Eurostat HICP by COICOP division/group (prc_hicp_midx), ~90 categories per country",MEDIUM,"Conceptually parallel (price index by consumption category) but COICOP != BEA's NIPA categories; needs a category-by-category crosswalk, not a 1:1 code match"
DSERRG3Q086SBEA,Prices,Personal Consumption Expenditures: Services (Chain-type Price Index),CANDIDATE,"Eurostat HICP by COICOP division/group (prc_hicp_midx), ~90 categories per country",MEDIUM,"Conceptually parallel (price index by consumption category) but COICOP != BEA's NIPA categories; needs a category-by-category crosswalk, not a 1:1 code match"
DNDGRG3Q086SBEA,Prices,Personal Consumption Expenditures: Nondurable Goods (Chain-type Price Index),CANDIDATE,"Eurostat HICP by COICOP division/group (prc_hicp_midx), ~90 categories per country",MEDIUM,"Conceptually parallel (price index by consumption category) but COICOP != BEA's NIPA categories; needs a category-by-category crosswalk, not a 1:1 code match"
DHCERG3Q086SBEA,Prices,Personal Consumption Expenditures: Services: Household Consumption Expenditures (Chain-type Price Index),CANDIDATE,"Eurostat HICP by COICOP division/group (prc_hicp_midx), ~90 categories per country",MEDIUM,"Conceptually parallel (price index by consumption category) but COICOP != BEA's NIPA categories; needs a category-by-category crosswalk, not a 1:1 code match"
DMOTRG3Q086SBEA,Prices,Personal Consumption Expenditures: Durable Goods: Motor Vehicles and Parts (Chain-type Price Index),CANDIDATE,"Eurostat HICP by COICOP division/group (prc_hicp_midx), ~90 categories per country",MEDIUM,"Conceptually parallel (price index by consumption category) but COICOP != BEA's NIPA categories; needs a category-by-category crosswalk, not a 1:1 code match"
DFDHRG3Q086SBEA,Prices,Personal Consumption Expenditures: Durable Goods: Furnishings and Durable Household Equipment (Chain-type Price Index),CANDIDATE,"Eurostat HICP by COICOP division/group (prc_hicp_midx), ~90 categories per country",MEDIUM,"Conceptually parallel (price index by consumption category) but COICOP != BEA's NIPA categories; needs a category-by-category crosswalk, not a 1:1 code match"
DREQRG3Q086SBEA,Prices,Personal Consumption Expenditures: Durable Goods: Recreational Goods and Vehicles (Chain-type Price Index),CANDIDATE,"Eurostat HICP by COICOP division/group (prc_hicp_midx), ~90 categories per country",MEDIUM,"Conceptually parallel (price index by consumption category) but COICOP != BEA's NIPA categories; needs a category-by-category crosswalk, not a 1:1 code match"
DODGRG3Q086SBEA,Prices,Personal Consumption Expenditures: Durable Goods: Other Durable Goods (Chain-type Price Index),CANDIDATE,"Eurostat HICP by COICOP division/group (prc_hicp_midx), ~90 categories per country",MEDIUM,"Conceptually parallel (price index by consumption category) but COICOP != BEA's NIPA categories; needs a category-by-category crosswalk, not a 1:1 code match"
DFXARG3Q086SBEA,Prices,Personal Consumption Expenditures: Nondurable Goods: Food and Beverages Purchased for Off-Premises Consumption (Chain-type Price Index),CANDIDATE,"Eurostat HICP by COICOP division/group (prc_hicp_midx), ~90 categories per country",MEDIUM,"Conceptually parallel (price index by consumption category) but COICOP != BEA's NIPA categories; needs a category-by-category crosswalk, not a 1:1 code match"
DCLORG3Q086SBEA,Prices,Personal Consumption Expenditures: Nondurable Goods: Clothing and Footwear (Chain-type Price Index),CANDIDATE,"Eurostat HICP by COICOP division/group (prc_hicp_midx), ~90 categories per country",MEDIUM,"Conceptually parallel (price index by consumption category) but COICOP != BEA's NIPA categories; needs a category-by-category crosswalk, not a 1:1 code match"
DGOERG3Q086SBEA,Prices,Personal Consumption Expenditures: Nondurable Goods: Gasoline and Other Energy Goods (Chain-type Price Index),CANDIDATE,"Eurostat HICP by COICOP division/group (prc_hicp_midx), ~90 categories per country",MEDIUM,"Conceptually parallel (price index by consumption category) but COICOP != BEA's NIPA categories; needs a category-by-category crosswalk, not a 1:1 code match"
DONGRG3Q086SBEA,Prices,Personal Consumption Expenditures: Nondurable Goods: Other Nondurable Goods (Chain-type Price Index),CANDIDATE,"Eurostat HICP by COICOP division/group (prc_hicp_midx), ~90 categories per country",MEDIUM,"Conceptually parallel (price index by consumption category) but COICOP != BEA's NIPA categories; needs a category-by-category crosswalk, not a 1:1 code match"
DHUTRG3Q086SBEA,Prices,Personal Consumption Expenditures: Services: Housing and Utilities (Chain-type Price Index),CANDIDATE,"Eurostat HICP by COICOP division/group (prc_hicp_midx), ~90 categories per country",MEDIUM,"Conceptually parallel (price index by consumption category) but COICOP != BEA's NIPA categories; needs a category-by-category crosswalk, not a 1:1 code match"
DHLCRG3Q086SBEA,Prices,Personal Consumption Expenditures: Services: Health Care (Chain-type Price Index),CANDIDATE,"Eurostat HICP by COICOP division/group (prc_hicp_midx), ~90 categories per country",MEDIUM,"Conceptually parallel (price index by consumption category) but COICOP != BEA's NIPA categories; needs a category-by-category crosswalk, not a 1:1 code match"
DTRSRG3Q086SBEA,Prices,Personal Consumption Expenditures: Transportation Services (Chain-type Price Index),CANDIDATE,"Eurostat HICP by COICOP division/group (prc_hicp_midx), ~90 categories per country",MEDIUM,"Conceptually parallel (price index by consumption category) but COICOP != BEA's NIPA categories; needs a category-by-category crosswalk, not a 1:1 code match"
DRCARG3Q086SBEA,Prices,Personal Consumption Expenditures: Recreation Services (Chain-type Price Index),CANDIDATE,"Eurostat HICP by COICOP division/group (prc_hicp_midx), ~90 categories per country",MEDIUM,"Conceptually parallel (price index by consumption category) but COICOP != BEA's NIPA categories; needs a category-by-category crosswalk, not a 1:1 code match"
DFSARG3Q086SBEA,Prices,Personal Consumption Expenditures: Services: Food Services and Accommodations (Chain-type Price Index),CANDIDATE,"Eurostat HICP by COICOP division/group (prc_hicp_midx), ~90 categories per country",MEDIUM,"Conceptually parallel (price index by consumption category) but COICOP != BEA's NIPA categories; needs a category-by-category crosswalk, not a 1:1 code match"
DIFSRG3Q086SBEA,Prices,Personal Consumption Expenditures: Financial Services and Insurance (Chain-type Price Index),CANDIDATE,"Eurostat HICP by COICOP division/group (prc_hicp_midx), ~90 categories per country",MEDIUM,"Conceptually parallel (price index by consumption category) but COICOP != BEA's NIPA categories; needs a category-by-category crosswalk, not a 1:1 code match"
DOTSRG3Q086SBEA,Prices,Personal Consumption Expenditures: Other Services (Chain-type Price Index),CANDIDATE,"Eurostat HICP by COICOP division/group (prc_hicp_midx), ~90 categories per country",MEDIUM,"Conceptually parallel (price index by consumption category) but COICOP != BEA's NIPA categories; needs a category-by-category crosswalk, not a 1:1 code match"
CPIAUCSL,Prices,Consumer Price Index for All Urban Consumers: All Items (Index 1982-84=100),IMPLEMENTED,,,Already in production -- see docs/data_sources.csv
CPILFESL,Prices,Consumer Price Index for All Urban Consumers: All Items Less Food & Energy (Index 1982-84=100),IMPLEMENTED,,,Already in production -- see docs/data_sources.csv
WPSFD49207,Prices,Producer Price Index by Commodity for Finished Goods (Index 1982=100),CANDIDATE,Eurostat/Statistik Austria Producer Price Index by MIG/NACE product group (sts_inpp_m),HIGH,PPI with MIG breakdown (energy/intermediate/capital/durable/non-durable consumer goods) closely parallels several of these WPS series
PPIACO,Prices,Producer Price Index for All Commodities (Index 1982=100),CANDIDATE,Eurostat/Statistik Austria Producer Price Index by MIG/NACE product group (sts_inpp_m),HIGH,PPI with MIG breakdown (energy/intermediate/capital/durable/non-durable consumer goods) closely parallels several of these WPS series
WPSFD49502,Prices,Producer Price Index by Commodity for Finished Consumer Goods (Index 1982=100),CANDIDATE,Eurostat/Statistik Austria Producer Price Index by MIG/NACE product group (sts_inpp_m),HIGH,PPI with MIG breakdown (energy/intermediate/capital/durable/non-durable consumer goods) closely parallels several of these WPS series
WPSFD4111,Prices,Producer Price Index by Commodity for Finished Consumer Foods (Index 1982=100),CANDIDATE,Eurostat/Statistik Austria Producer Price Index by MIG/NACE product group (sts_inpp_m),HIGH,PPI with MIG breakdown (energy/intermediate/capital/durable/non-durable consumer goods) closely parallels several of these WPS series
PPIIDC,Prices,Producer Price Index by Commodity: Industrial Commodities (Index 1982=100),CANDIDATE,Eurostat/Statistik Austria Producer Price Index by MIG/NACE product group (sts_inpp_m),HIGH,PPI with MIG breakdown (energy/intermediate/capital/durable/non-durable consumer goods) closely parallels several of these WPS series
WPSID61,Prices,"Producer Price Index by Commodity: Intermediate Materials, Supplies & Components (Index 1982=100)",CANDIDATE,Eurostat/Statistik Austria Producer Price Index by MIG/NACE product group (sts_inpp_m),HIGH,PPI with MIG breakdown (energy/intermediate/capital/durable/non-durable consumer goods) closely parallels several of these WPS series
WPU0531,Prices,Producer Price Index by Commodity for Fuels and Related Products and Power: Natural Gas (Index 1982=100),CANDIDATE,"Eurostat PPI, NACE energy products (natural gas/petroleum)",MEDIUM,
WPU0561,Prices,"Producer Price Index by Commodity for Fuels and Related Products and Power: Crude Petroleum, Domestic Production (Index 1982=100)",CANDIDATE,"Eurostat PPI, NACE energy products (natural gas/petroleum)",MEDIUM,
OILPRICEx,Prices,"Real Crude Oil Prices: West Texas Intermediate (WTI), Cushing, Oklahoma (2012 Dollars per Barrel), deflated by Core PCE",CANDIDATE,Same global benchmark (Brent/WTI) usable unchanged for any country -- not Austria-specific,HIGH,No country adaptation needed; could be added to the panel as-is
WPSID62,Prices,Producer Price Index: Crude Materials for Further Processing (Index 1982=100),CANDIDATE,Eurostat/Statistik Austria Producer Price Index by MIG/NACE product group (sts_inpp_m),HIGH,PPI with MIG breakdown (energy/intermediate/capital/durable/non-durable consumer goods) closely parallels several of these WPS series
PPICMM,Prices,Producer Price Index: Commodities: Metals and Metal Products: Primary Nonferrous Metals (Index 1982=100),CANDIDATE,Eurostat/Statistik Austria Producer Price Index by MIG/NACE product group (sts_inpp_m),HIGH,PPI with MIG breakdown (energy/intermediate/capital/durable/non-durable consumer goods) closely parallels several of these WPS series
CPIAPPSL,Prices,Consumer Price Index for All Urban Consumers: Apparel (Index 1982-84=100),CANDIDATE,"Eurostat HICP by COICOP category (apparel, transport, health, durables/services, all-items-less-X variants)",MEDIUM,"The fetch_eurostat_hicp() infrastructure this would use is now generalized and proven (see the already-implemented core_cpi_index/food_price_index/energy_price_index/services_price_index, and CUSR0000SAS above) -- each of these remaining COICOP categories is a one-line addition once its exact code is confirmed live"
CPITRNSL,Prices,Consumer Price Index for All Urban Consumers: Transportation (Index 1982-84=100),CANDIDATE,"Eurostat HICP by COICOP category (apparel, transport, health, durables/services, all-items-less-X variants)",MEDIUM,"The fetch_eurostat_hicp() infrastructure this would use is now generalized and proven (see the already-implemented core_cpi_index/food_price_index/energy_price_index/services_price_index, and CUSR0000SAS above) -- each of these remaining COICOP categories is a one-line addition once its exact code is confirmed live"
CPIMEDSL,Prices,Consumer Price Index for All Urban Consumers: Medical Care (Index 1982-84=100),CANDIDATE,"Eurostat HICP by COICOP category (apparel, transport, health, durables/services, all-items-less-X variants)",MEDIUM,"The fetch_eurostat_hicp() infrastructure this would use is now generalized and proven (see the already-implemented core_cpi_index/food_price_index/energy_price_index/services_price_index, and CUSR0000SAS above) -- each of these remaining COICOP categories is a one-line addition once its exact code is confirmed live"
CUSR0000SAC,Prices,Consumer Price Index for All Urban Consumers: Commodities (Index 1982-84=100),CANDIDATE,"Eurostat HICP by COICOP category (apparel, transport, health, durables/services, all-items-less-X variants)",MEDIUM,"The fetch_eurostat_hicp() infrastructure this would use is now generalized and proven (see the already-implemented core_cpi_index/food_price_index/energy_price_index/services_price_index, and CUSR0000SAS above) -- each of these remaining COICOP categories is a one-line addition once its exact code is confirmed live"
CUSR0000SAD,Prices,Consumer Price Index for All Urban Consumers: Durables (Index 1982-84=100),CANDIDATE,"Eurostat HICP by COICOP category (apparel, transport, health, durables/services, all-items-less-X variants)",MEDIUM,"The fetch_eurostat_hicp() infrastructure this would use is now generalized and proven (see the already-implemented core_cpi_index/food_price_index/energy_price_index/services_price_index, and CUSR0000SAS above) -- each of these remaining COICOP categories is a one-line addition once its exact code is confirmed live"
CUSR0000SAS,Prices,Consumer Price Index for All Urban Consumers: Services (Index 1982-84=100),IMPLEMENTED,,,Already in production -- see docs/data_sources.csv
CPIULFSL,Prices,Consumer Price Index for All Urban Consumers: All Items Less Food (Index 1982-84=100),CANDIDATE,"Eurostat HICP by COICOP category (apparel, transport, health, durables/services, all-items-less-X variants)",MEDIUM,"The fetch_eurostat_hicp() infrastructure this would use is now generalized and proven (see the already-implemented core_cpi_index/food_price_index/energy_price_index/services_price_index, and CUSR0000SAS above) -- each of these remaining COICOP categories is a one-line addition once its exact code is confirmed live"
CUSR0000SA0L2,Prices,Consumer Price Index for All Urban Consumers: All Items Less Shelter (Index 1982-84=100),CANDIDATE,"Eurostat HICP by COICOP category (apparel, transport, health, durables/services, all-items-less-X variants)",MEDIUM,"The fetch_eurostat_hicp() infrastructure this would use is now generalized and proven (see the already-implemented core_cpi_index/food_price_index/energy_price_index/services_price_index, and CUSR0000SAS above) -- each of these remaining COICOP categories is a one-line addition once its exact code is confirmed live"
CUSR0000SA0L5,Prices,Consumer Price Index for All Urban Consumers: All Items Less Medical Care (Index 1982-84=100),CANDIDATE,"Eurostat HICP by COICOP category (apparel, transport, health, durables/services, all-items-less-X variants)",MEDIUM,"The fetch_eurostat_hicp() infrastructure this would use is now generalized and proven (see the already-implemented core_cpi_index/food_price_index/energy_price_index/services_price_index, and CUSR0000SAS above) -- each of these remaining COICOP categories is a one-line addition once its exact code is confirmed live"
CUSR0000SEHC,Prices,Consumer Price Index for All Urban Consumers: Owners' Equivalent Rent of Residences (Index Dec 1982=100),CANDIDATE,Eurostat experimental owner-occupied housing (OOH) price index,LOW,HICP historically excludes owner-occupied housing costs; the OOH index is newer/experimental and coverage for AT is unconfirmed
AHETPIx,Earnings and Productivity,"Real Average Hourly Earnings of Production and Nonsupervisory Employees: Total Private (2012 Dollars per Hour), deflated by Core PCE",CANDIDATE,"Eurostat Labour Cost Index (LCI, quarterly, lc_lci_r2_q) by NACE",HIGH,
CES2000000008x,Earnings and Productivity,"Real Average Hourly Earnings of Production and Nonsupervisory Employees: Construction (2012 Dollars per Hour), deflated by Core PCE",CANDIDATE,"Eurostat Labour Cost Index (LCI, quarterly, lc_lci_r2_q) by NACE",HIGH,
CES3000000008x,Earnings and Productivity,"Real Average Hourly Earnings of Production and Nonsupervisory Employees: Manufacturing (2012 Dollars per Hour), deflated by Core PCE",CANDIDATE,"Eurostat Labour Cost Index (LCI, quarterly, lc_lci_r2_q) by NACE",HIGH,
COMPRMS,Earnings and Productivity,Manufacturing Sector: Real Compensation Per Hour (Index 2012=100),CANDIDATE,"Eurostat LCI, labour cost per hour worked, deflated by HICP",MEDIUM,
COMPRNFB,Earnings and Productivity,Nonfarm Business Sector: Real Compensation Per Hour (Index 2012=100),CANDIDATE,"Eurostat LCI, labour cost per hour worked, deflated by HICP",MEDIUM,
RCPHBS,Earnings and Productivity,Business Sector: Real Compensation Per Hour (Index 2012=100),CANDIDATE,"Eurostat LCI, labour cost per hour worked, deflated by HICP",MEDIUM,
OPHMFG,Earnings and Productivity,Manufacturing Sector: Real Output Per Hour of All Persons (Index 2012=100),CANDIDATE,Eurostat labour productivity and unit labour costs (namq_10_lp_ulc),HIGH,"Dataflow existence and dimension key (FREQ.UNIT.S_ADJ.NA_ITEM.GEO) confirmed live 2026-08-30 -- this is the same dataflow now used for the already-implemented unit_labor_cost's Austria-specific override (NA_ITEM=NULC_HW); the productivity-level NA_ITEM codes for this concept (RLPR_PER/RLPR_HW) were not individually re-verified, but the dataflow and key structure are proven to work"
OPHNFB,Earnings and Productivity,Nonfarm Business Sector: Real Output Per Hour of All Persons (Index 2012=100),CANDIDATE,Eurostat labour productivity and unit labour costs (namq_10_lp_ulc),HIGH,"Dataflow existence and dimension key (FREQ.UNIT.S_ADJ.NA_ITEM.GEO) confirmed live 2026-08-30 -- this is the same dataflow now used for the already-implemented unit_labor_cost's Austria-specific override (NA_ITEM=NULC_HW); the productivity-level NA_ITEM codes for this concept (RLPR_PER/RLPR_HW) were not individually re-verified, but the dataflow and key structure are proven to work"
OPHPBS,Earnings and Productivity,Business Sector: Real Output Per Hour of All Persons (Index 2012=100),CANDIDATE,Eurostat labour productivity and unit labour costs (namq_10_lp_ulc),HIGH,"Dataflow existence and dimension key (FREQ.UNIT.S_ADJ.NA_ITEM.GEO) confirmed live 2026-08-30 -- this is the same dataflow now used for the already-implemented unit_labor_cost's Austria-specific override (NA_ITEM=NULC_HW); the productivity-level NA_ITEM codes for this concept (RLPR_PER/RLPR_HW) were not individually re-verified, but the dataflow and key structure are proven to work"
ULCBS,Earnings and Productivity,Business Sector: Unit Labor Cost (Index 2012=100),CANDIDATE,Eurostat namq_10_lp_ulc (see OPHMFG note above),HIGH,Same dataflow as the already-implemented unit_labor_cost override -- these would need sector-specific NA_ITEM codes (this project's override uses the whole-economy NULC_HW) and were not individually re-verified
ULCMFG,Earnings and Productivity,Manufacturing Sector: Unit Labor Cost (Index 2012=100),CANDIDATE,Eurostat namq_10_lp_ulc (see OPHMFG note above),HIGH,Same dataflow as the already-implemented unit_labor_cost override -- these would need sector-specific NA_ITEM codes (this project's override uses the whole-economy NULC_HW) and were not individually re-verified
ULCNFB,Earnings and Productivity,Nonfarm Business Sector: Unit Labor Cost (Index 2012=100),IMPLEMENTED,,,Already in production -- see docs/data_sources.csv
UNLPNBS,Earnings and Productivity,Nonfarm Business Sector: Unit Nonlabor Payments (Index 2012=100),NO_EQUIVALENT,,,"Residual ""unit nonlabor payments"" concept specific to BLS productivity accounts construction"
CES0600000008,Earnings and Productivity,Average Hourly Earnings of Production and Nonsupervisory Employees: Goods-Producing (Dollars per Hour),CANDIDATE,"Eurostat Labour Cost Index (LCI, quarterly, lc_lci_r2_q) by NACE",HIGH,
FEDFUNDS,Interest Rates,Effective Federal Funds Rate (Percent),CANDIDATE,"ECB main refinancing rate / €STR (euro-area-wide, not Austria-specific -- same as every euro-area country)",HIGH,
TB3MS,Interest Rates,3-Month Treasury Bill: Secondary Market Rate (Percent),IMPLEMENTED,,,Already in production -- see docs/data_sources.csv
TB6MS,Interest Rates,6-Month Treasury Bill: Secondary Market Rate (Percent),CANDIDATE,Euribor 3-month / 6-month (euro-area-wide benchmark),HIGH,
GS1,Interest Rates,1-Year Treasury Constant Maturity Rate (Percent),CANDIDATE,"ECB government bond yield curve, Austria-specific short maturities",MEDIUM,ECB publishes a AAA/all-bond euro area curve by maturity per country; exact Austria availability at 1y/5y unconfirmed
GS10,Interest Rates,10-Year Treasury Constant Maturity Rate (Percent),IMPLEMENTED,,,Already in production -- see docs/data_sources.csv
MORTGAGE30US,Interest Rates,30-Year Conventional Mortgage Rate (Percent),IMPLEMENTED,,,Already in production -- see docs/data_sources.csv
AAA,Interest Rates,Moody's Seasoned Aaa Corporate Bond Yield (Percent),CANDIDATE,ECB/iBoxx euro-area corporate bond yield indices,MEDIUM,"Typically euro-area-wide, not Austria-specific"
BAA,Interest Rates,Moody's Seasoned Baa Corporate Bond Yield (Percent),CANDIDATE,ECB/iBoxx euro-area corporate bond yield indices,MEDIUM,"Typically euro-area-wide, not Austria-specific"
BAA10YM,Interest Rates,Moody's Seasoned Baa Corporate Bond Yield Relative to Yield on 10-Year Treasury Constant Maturity (Percent),DERIVABLE,,,"Spread series -- computed from the underlying rate-level candidates above once fetched, not a new source"
MORTG10YRx,Interest Rates,30-Year Conventional Mortgage Rate Relative to 10-Year Treasury Constant Maturity (Percent),DERIVABLE,,,"Spread series -- computed from the underlying rate-level candidates above once fetched, not a new source"
TB6M3Mx,Interest Rates,"6-Month Treasury Bill Minus 3-Month Treasury Bill, Secondary Market (Percent)",DERIVABLE,,,"Spread series -- computed from the underlying rate-level candidates above once fetched, not a new source"
GS1TB3Mx,Interest Rates,"1-Year Treasury Constant Maturity Minus 3-Month Treasury Bill, Secondary Market (Percent)",DERIVABLE,,,"Spread series -- computed from the underlying rate-level candidates above once fetched, not a new source"
GS10TB3Mx,Interest Rates,"10-Year Treasury Constant Maturity Minus 3-Month Treasury Bill, Secondary Market (Percent)",DERIVABLE,,,"Spread series -- computed from the underlying rate-level candidates above once fetched, not a new source"
CPF3MTB3Mx,Interest Rates,"3-Month Commercial Paper Minus 3-Month Treasury Bill, Secondary Market (Percent)",DERIVABLE,,,"Spread series -- computed from the underlying rate-level candidates above once fetched, not a new source"
GS5,Interest Rates,5-Year Treasury Constant Maturity Rate (Percent),CANDIDATE,"ECB government bond yield curve, Austria-specific short maturities",MEDIUM,ECB publishes a AAA/all-bond euro area curve by maturity per country; exact Austria availability at 1y/5y unconfirmed
TB3SMFFM,Interest Rates,3-Month Treasury Constant Maturity Minus Federal Funds Rate (Percent),DERIVABLE,,,"Spread series -- computed from the underlying rate-level candidates above once fetched, not a new source"
T5YFFM,Interest Rates,5-Year Treasury Constant Maturity Minus Federal Funds Rate (Percent),DERIVABLE,,,"Spread series -- computed from the underlying rate-level candidates above once fetched, not a new source"
AAAFFM,Interest Rates,Moody's Seasoned Aaa Corporate Bond Minus Federal Funds Rate (Percent),DERIVABLE,,,"Spread series -- computed from the underlying rate-level candidates above once fetched, not a new source"
CP3M,Interest Rates,3-Month AA Financial Commercial Paper Rate (Percent),CANDIDATE,Euro commercial paper rate (less standardized publicly than Euribor),LOW,
COMPAPFF,Interest Rates,3-Month Commercial Paper Minus Federal Funds Rate (Percent),DERIVABLE,,,"Spread series -- computed from the underlying rate-level candidates above once fetched, not a new source"
BOGMBASEREALx,Money and Credit,"Real St. Louis Adjusted Monetary Base (Billions of 1982-84 Dollars), deflated by CPI",CANDIDATE,"ECB monetary base (BSI dataset), euro-area-wide",MEDIUM,
M1REAL,Money and Credit,"Real M1 Money Stock (Billions of 1982-84 Dollars), deflated by CPI",CANDIDATE,"ECB Monetary aggregates M1/M2/M3 (BSI dataset), euro-area-wide",HIGH,
M2REAL,Money and Credit,"Real M2 Money Stock (Billions of 1982-84 Dollars), deflated by CPI",CANDIDATE,"ECB Monetary aggregates M1/M2/M3 (BSI dataset), euro-area-wide",HIGH,
BUSLOANSx,Money and Credit,"Real Commercial and Industrial Loans, All Commercial Banks (Billions of 2012 U.S. Dollars), deflated by Core PCE",CANDIDATE,"ECB MFI Balance Sheet Items (BSI): loans to households/NFCs by purpose, genuinely country-specific",HIGH,"REALLNx (the household house-purchase loans variant) is now IMPLEMENTED as household_mortgage_loans -- see docs/data_sources.csv. Its BS_ITEM/BS_COUNT_SECTOR/COUNT_AREA key structure (confirmed live via the ECB Data Portal's own published series list, not guessed) is the template for the remaining purpose/sector breakdowns here -- e.g. BS_ITEM=A21T (""Credit for consumption"") is the natural candidate for CONSUMERx, by direct analogy with A22T (""Lending for house purchase"") used for REALLNx"
CONSUMERx,Money and Credit,"Real Consumer Loans at All Commercial Banks (Billions of 2012 U.S. Dollars), deflated by Core PCE",CANDIDATE,"ECB MFI Balance Sheet Items (BSI): loans to households/NFCs by purpose, genuinely country-specific",HIGH,"REALLNx (the household house-purchase loans variant) is now IMPLEMENTED as household_mortgage_loans -- see docs/data_sources.csv. Its BS_ITEM/BS_COUNT_SECTOR/COUNT_AREA key structure (confirmed live via the ECB Data Portal's own published series list, not guessed) is the template for the remaining purpose/sector breakdowns here -- e.g. BS_ITEM=A21T (""Credit for consumption"") is the natural candidate for CONSUMERx, by direct analogy with A22T (""Lending for house purchase"") used for REALLNx"
NONREVSLx,Money and Credit,"Total Real Nonrevolving Credit Owned and Securitized, Outstanding (Billions of 2012 Dollars), deflated by Core PCE",CANDIDATE,"ECB MFI Balance Sheet Items (BSI): loans to households/NFCs by purpose, genuinely country-specific",HIGH,"REALLNx (the household house-purchase loans variant) is now IMPLEMENTED as household_mortgage_loans -- see docs/data_sources.csv. Its BS_ITEM/BS_COUNT_SECTOR/COUNT_AREA key structure (confirmed live via the ECB Data Portal's own published series list, not guessed) is the template for the remaining purpose/sector breakdowns here -- e.g. BS_ITEM=A21T (""Credit for consumption"") is the natural candidate for CONSUMERx, by direct analogy with A22T (""Lending for house purchase"") used for REALLNx"
REALLNx,Money and Credit,"Real Real Estate Loans, All Commercial Banks (Billions of 2012 U.S. Dollars), deflated by Core PCE",IMPLEMENTED,,,Already in production -- see docs/data_sources.csv
REVOLSLx,Money and Credit,"Total Real Revolving Credit Owned and Securitized, Outstanding (Billions of 2012 Dollars), deflated by Core PCE",CANDIDATE,"ECB MFI Balance Sheet Items (BSI): loans to households/NFCs by purpose, genuinely country-specific",HIGH,"REALLNx (the household house-purchase loans variant) is now IMPLEMENTED as household_mortgage_loans -- see docs/data_sources.csv. Its BS_ITEM/BS_COUNT_SECTOR/COUNT_AREA key structure (confirmed live via the ECB Data Portal's own published series list, not guessed) is the template for the remaining purpose/sector breakdowns here -- e.g. BS_ITEM=A21T (""Credit for consumption"") is the natural candidate for CONSUMERx, by direct analogy with A22T (""Lending for house purchase"") used for REALLNx"
TOTALSLx,Money and Credit,"Total Consumer Credit Outstanding (Billions of 2012 Dollars), deflated by Core PCE",CANDIDATE,"ECB MFI Balance Sheet Items (BSI): loans to households/NFCs by purpose, genuinely country-specific",HIGH,"REALLNx (the household house-purchase loans variant) is now IMPLEMENTED as household_mortgage_loans -- see docs/data_sources.csv. Its BS_ITEM/BS_COUNT_SECTOR/COUNT_AREA key structure (confirmed live via the ECB Data Portal's own published series list, not guessed) is the template for the remaining purpose/sector breakdowns here -- e.g. BS_ITEM=A21T (""Credit for consumption"") is the natural candidate for CONSUMERx, by direct analogy with A22T (""Lending for house purchase"") used for REALLNx"
DRIWCIL,Money and Credit,Net Percentage of Domestic Banks Reporting Increased Willingness to Make Consumer Installment Loans (FRB Senior Loan Officer Opinion Survey),CANDIDATE,"ECB Bank Lending Survey (BLS), country-level results",MEDIUM,
TOTRESNS,Money and Credit,Total Reserves of Depository Institutions (Billions of Dollars),CANDIDATE,"ECB reserves data, euro-area-wide only (not allocable to Austria specifically)",LOW,
NONBORRES,Money and Credit,"Reserves of Depository Institutions, Nonborrowed (Millions of Dollars)",CANDIDATE,"ECB reserves data, euro-area-wide only (not allocable to Austria specifically)",LOW,
DTCOLNVHFNM,Money and Credit,Consumer Motor Vehicle Loans Outstanding Owned by Finance Companies (Millions of Dollars),NO_EQUIVALENT,,,"US ""finance company"" sector is a specific US institutional category with no EU/ESA2010 equivalent"
DTCTHFNM,Money and Credit,Total Consumer Loans and Leases Outstanding Owned and Securitized by Finance Companies (Millions of Dollars),NO_EQUIVALENT,,,"US ""finance company"" sector is a specific US institutional category with no EU/ESA2010 equivalent"
INVEST,Money and Credit,Securities in Bank Credit at All Commercial Banks (Billions of Dollars),CANDIDATE,"ECB BSI, MFI holdings of securities, country-specific",MEDIUM,
TABSHNOx,Household Balance Sheets,"Real Total Assets of Households and Nonprofit Organizations (Billions of 2012 Dollars), deflated by Core PCE",CANDIDATE,"ECB Quarterly Sector Accounts (QSA_PUB), other STO codes beyond B90",LOW,"EA-MD-QD's household balance-sheet series (HHASS/HHLB) confirm the financial-assets/liabilities totals but do not cover real estate or other non-financial assets, so this remains unconfirmed for the total-assets and real-estate-specific concepts"
TLBSHNOx,Household Balance Sheets,"Real Total Liabilities of Households and Nonprofit Organizations (Billions of 2012 Dollars), deflated by Core PCE",CANDIDATE,"ECB/Eurostat Quarterly Sector Accounts, household total financial assets/liabilities",HIGH,"Corroborated by EA-MD-QD (Barigozzi, Lissona and Tonni 2026, Table 1): its HHASS/HHLB series confirm Austria-specific (not merely euro-area) household total financial assets and liabilities ARE published in this statistical family, unlike the euro-area-only STO=B90 net-worth series already implemented"
LIABPIx,Household Balance Sheets,Liabilities of Households and Nonprofit Organizations Relative to Personal Disposable Income (Percent),DERIVABLE,,,"Ratios to disposable income, once the corresponding level series exist"
TNWBSHNOx,Household Balance Sheets,"Real Net Worth of Households and Nonprofit Organizations (Billions of 2012 Dollars), deflated by Core PCE",IMPLEMENTED,,,Already in production -- see docs/data_sources.csv
NWPIx,Household Balance Sheets,Net Worth of Households and Nonprofit Organizations Relative to Disposable Personal Income (Percent),DERIVABLE,,,"Ratios to disposable income, once the corresponding level series exist"
TARESAx,Household Balance Sheets,"Real Assets of Households and Nonprofit Organizations Excluding Real Estate Assets (Billions of 2012 Dollars), deflated by Core PCE",CANDIDATE,"ECB Quarterly Sector Accounts (QSA_PUB), other STO codes beyond B90",LOW,"EA-MD-QD's household balance-sheet series (HHASS/HHLB) confirm the financial-assets/liabilities totals but do not cover real estate or other non-financial assets, so this remains unconfirmed for the total-assets and real-estate-specific concepts"
HNOREMQ027Sx,Household Balance Sheets,"Real Real Estate Assets of Households and Nonprofit Organizations (Billions of 2012 Dollars), deflated by Core PCE",CANDIDATE,"ECB Quarterly Sector Accounts (QSA_PUB), other STO codes beyond B90",LOW,"EA-MD-QD's household balance-sheet series (HHASS/HHLB) confirm the financial-assets/liabilities totals but do not cover real estate or other non-financial assets, so this remains unconfirmed for the total-assets and real-estate-specific concepts"
TFAABSHNOx,Household Balance Sheets,"Real Total Financial Assets of Households and Nonprofit Organizations (Billions of 2012 Dollars), deflated by Core PCE",CANDIDATE,"ECB/Eurostat Quarterly Sector Accounts, household total financial assets/liabilities",HIGH,"Corroborated by EA-MD-QD (Barigozzi, Lissona and Tonni 2026, Table 1): its HHASS/HHLB series confirm Austria-specific (not merely euro-area) household total financial assets and liabilities ARE published in this statistical family, unlike the euro-area-only STO=B90 net-worth series already implemented"
CONSPIx,Household Balance Sheets,Nonrevolving Consumer Credit to Personal Income (Percent),DERIVABLE,,,"Ratios to disposable income, once the corresponding level series exist"
TWEXAFEGSMTHx,Exchange Rates,"Nominal Trade Weighted U.S. Dollar Index: Advanced Foreign Economies, Goods and Services (Index 2006=100)",IMPLEMENTED,,,Already in production -- see docs/data_sources.csv
EXUSEU,Exchange Rates,U.S. / Euro Foreign Exchange Rate (U.S. Dollars to One Euro),IMPLEMENTED,,,Already in production -- see docs/data_sources.csv
EXSZUSx,Exchange Rates,Switzerland / U.S. Foreign Exchange Rate (Swiss Francs to One U.S. Dollar),CANDIDATE,ECB euro reference rates vs. CHF/JPY/GBP/CAD,HIGH,Same ECB reference-rate source as the already-implemented fx_rate_to_usd; trivial extension to other currency pairs
EXJPUSx,Exchange Rates,Japan / U.S. Foreign Exchange Rate (Japanese Yen to One U.S. Dollar),CANDIDATE,ECB euro reference rates vs. CHF/JPY/GBP/CAD,HIGH,Same ECB reference-rate source as the already-implemented fx_rate_to_usd; trivial extension to other currency pairs
EXUSUKx,Exchange Rates,U.S. / U.K. Foreign Exchange Rate (U.S. Dollars to One British Pound),CANDIDATE,ECB euro reference rates vs. CHF/JPY/GBP/CAD,HIGH,Same ECB reference-rate source as the already-implemented fx_rate_to_usd; trivial extension to other currency pairs
EXCAUSx,Exchange Rates,Canada / U.S. Foreign Exchange Rate (Canadian Dollars to One U.S. Dollar),CANDIDATE,ECB euro reference rates vs. CHF/JPY/GBP/CAD,HIGH,Same ECB reference-rate source as the already-implemented fx_rate_to_usd; trivial extension to other currency pairs
UMCSENTx,Other,University of Michigan: Consumer Sentiment (Index 1st Quarter 1966=100),IMPLEMENTED,,,Already in production -- see docs/data_sources.csv
USEPUINDXM,Other,Economic Policy Uncertainty Index for United States,CANDIDATE,policyuncertainty.com European/country EPU index,LOW,"Austria is not confirmed among the individually-maintained country EPU indices on that site (Germany, France, Italy, UK are); a European-aggregate EPU index may be the closest available, not Austria-specific. A related but distinct uncertainty concept, geopolitical (not economic-policy) risk, is now IMPLEMENTED as geopolitical_risk via Caldara and Iacoviello's GPR index -- see docs/data_sources.csv and R/gpr.R"
VIXCLSx,Stock Markets,CBOE S&P 100 Volatility Index: VXO,CANDIDATE,"VSTOXX (Euro STOXX 50 Volatility Index), euro-area-wide, via Yahoo Finance ticker ""^V2TX"" or STOXX directly",MEDIUM,Not Austria-specific -- same proxy every euro-area country would use
NIKKEI225,Stock Markets,Nikkei Stock Average (Index),CANDIDATE,No country adaptation needed -- these are global reference indices already comparable across countries as-is,HIGH,"FRED-QD includes them as international benchmarks, not US-specific concepts; reusable unchanged for any country's panel"
NASDAQCOM,Stock Markets,"NASDAQ Composite Index (Index Feb 5, 1971=100)",CANDIDATE,No country adaptation needed -- these are global reference indices already comparable across countries as-is,HIGH,"FRED-QD includes them as international benchmarks, not US-specific concepts; reusable unchanged for any country's panel"
S&P 500,Stock Markets,S&P's Common Stock Price Index: Composite,IMPLEMENTED,,,Already in production -- see docs/data_sources.csv
S&P div yield,Stock Markets,S&P's Composite Common Stock: Dividend Yield (Percent),CANDIDATE,Wiener Börse's own ATX statistics (not exposed via the Yahoo Finance chart API already used for the index level),LOW,Would need a different endpoint/source than R/yahoo_finance.R's current chart API
S&P PE ratio,Stock Markets,S&P's Composite Common Stock: Price-Earnings Ratio,CANDIDATE,Wiener Börse's own ATX statistics (not exposed via the Yahoo Finance chart API already used for the index level),LOW,Would need a different endpoint/source than R/yahoo_finance.R's current chart API
GFDEGDQ188S,Non-Household Balance Sheets,Federal Debt: Total Public Debt as Percent of GDP (Percent),IMPLEMENTED,,,Already in production -- see docs/data_sources.csv
GFDEBTNx,Non-Household Balance Sheets,"Real Federal Debt: Total Public Debt (Millions of 2012 Dollars), deflated by PCE",CANDIDATE,"Eurostat quarterly government debt (Maastricht debt), gov_10q_ggdebt, or a real-dollar-level derivation from the now-implemented government_debt_to_gdp",MEDIUM,"GFDEGDQ188S (the %GDP version of this concept) is now IMPLEMENTED via BIS WS_TC (TC_BORROWERS=G) -- see docs/data_sources.csv. This is a REAL-DOLLAR LEVEL series instead, which BIS doesn't publish; would need Eurostat's Maastricht-debt dataflow (dataflow existence confirmed live 2026-08-30, exact dimension key not yet verified) or nominal GDP x the implemented ratio, once nominal GDP is added"
TLBSNNCBx,Non-Household Balance Sheets,"Real Nonfinancial Corporate Business Sector Liabilities (Billions of 2012 Dollars), deflated by Implicit Price Deflator for Business Sector (IPDBS)",CANDIDATE,"ECB/Eurostat Quarterly Sector Accounts, non-financial-corporation total financial assets/liabilities",HIGH,"Corroborated by EA-MD-QD (Barigozzi, Lissona and Tonni 2026, Table 1): its NFCASS/NFCLB series confirm Austria-specific non-financial-corporation total financial assets and liabilities ARE published in this statistical family"
TLBSNNCBBDIx,Non-Household Balance Sheets,Nonfinancial Corporate Business Sector Liabilities to Disposable Business Income (Percent),CANDIDATE,"Eurostat quarterly non-financial sector accounts, sector S11 (non-financial corporations)",LOW,"The asset/liability numerators are now corroborated (see TLBSNNCBx/TTAABSNNCBx above), but the disposable-business-income denominator (CNCFx) remains unconfirmed for Austria"
TTAABSNNCBx,Non-Household Balance Sheets,"Real Nonfinancial Corporate Business Sector Assets (Billions of 2012 Dollars), deflated by Implicit Price Deflator for Business Sector (IPDBS)",CANDIDATE,"ECB/Eurostat Quarterly Sector Accounts, non-financial-corporation total financial assets/liabilities",HIGH,"Corroborated by EA-MD-QD (Barigozzi, Lissona and Tonni 2026, Table 1): its NFCASS/NFCLB series confirm Austria-specific non-financial-corporation total financial assets and liabilities ARE published in this statistical family"
TNWMVBSNNCBx,Non-Household Balance Sheets,"Real Nonfinancial Corporate Business Sector Net Worth (Billions of 2012 Dollars), deflated by Implicit Price Deflator for Business Sector (IPDBS)",CANDIDATE,Derived from the now-corroborated TLBSNNCBx/TTAABSNNCBx pair above (assets minus liabilities),MEDIUM,"Net worth itself isn't a directly published EA-MD-QD series, but both of its components are now confirmed available for Austria"
TNWMVBSNNCBBDIx,Non-Household Balance Sheets,Nonfinancial Corporate Business Sector Net Worth to Disposable Business Income (Percent),CANDIDATE,"Eurostat quarterly non-financial sector accounts, sector S11 (non-financial corporations)",LOW,"The asset/liability numerators are now corroborated (see TLBSNNCBx/TTAABSNNCBx above), but the disposable-business-income denominator (CNCFx) remains unconfirmed for Austria"
TLBSNNBx,Non-Household Balance Sheets,"Real Nonfinancial Noncorporate Business Sector Liabilities (Billions of 2012 Dollars), deflated by Implicit Price Deflator for Business Sector (IPDBS)",NO_EQUIVALENT,,,"""Non-corporate business"" (sole proprietorships) is a distinct US National Accounts sector; ESA2010 (the EU standard) folds this into the household sector (S14), so there is no separately-published Austrian equivalent"
TLBSNNBBDIx,Non-Household Balance Sheets,Nonfinancial Noncorporate Business Sector Liabilities to Disposable Business Income (Percent),NO_EQUIVALENT,,,"""Non-corporate business"" (sole proprietorships) is a distinct US National Accounts sector; ESA2010 (the EU standard) folds this into the household sector (S14), so there is no separately-published Austrian equivalent"
TABSNNBx,Non-Household Balance Sheets,"Real Nonfinancial Noncorporate Business Sector Assets (Billions of 2012 Dollars), deflated by Implicit Price Deflator for Business Sector (IPDBS)",NO_EQUIVALENT,,,"""Non-corporate business"" (sole proprietorships) is a distinct US National Accounts sector; ESA2010 (the EU standard) folds this into the household sector (S14), so there is no separately-published Austrian equivalent"
TNWBSNNBx,Non-Household Balance Sheets,"Real Nonfinancial Noncorporate Business Sector Net Worth (Billions of 2012 Dollars), deflated by Implicit Price Deflator for Business Sector (IPDBS)",NO_EQUIVALENT,,,"""Non-corporate business"" (sole proprietorships) is a distinct US National Accounts sector; ESA2010 (the EU standard) folds this into the household sector (S14), so there is no separately-published Austrian equivalent"
TNWBSNNBBDIx,Non-Household Balance Sheets,Nonfinancial Noncorporate Business Sector Net Worth to Disposable Business Income (Percent),NO_EQUIVALENT,,,"""Non-corporate business"" (sole proprietorships) is a distinct US National Accounts sector; ESA2010 (the EU standard) folds this into the household sector (S14), so there is no separately-published Austrian equivalent"
CNCFx,Non-Household Balance Sheets,"Real Disposable Business Income (Billions of 2012 Dollars); corporate cash flow with IVA minus taxes on corporate income, deflated by Implicit Price Deflator for Business Sector (IPDBS)",CANDIDATE,"Eurostat non-financial corporate sector accounts, disposable income/saving",LOW,
