label,fred_qd_group,fred_qd_mnemonic,us_note,cross_country_note,plausibility_category,available_monthly
real_gdp,Output and Income,GDPC1,,,level,FALSE
real_household_consumption,Output and Income,PCECC96,,"Source-dependent: for EU members (Eurostat NA_ITEM=P31_S14) this is household-only consumption, a close match to FRED-QD's household-only PCE; where OECD QNA is used instead (sector S1M), it is total-economy final consumption expenditure INCLUDING NPISHs, broader than FRED-QD's definition.",level,FALSE
real_govt_consumption,Output and Income,GCEC1,,"SNA/ESA transaction P3, sector S13 (general government) is government consumption expenditure only, whether sourced from OECD or Eurostat; FRED-QD's GCEC1 also includes government gross investment.",level,FALSE
real_gfcf_total,Output and Income,FPIx,,"SNA/ESA transaction P51G (gross fixed capital formation) is for ALL sectors (incl. government), whether sourced from OECD or Eurostat; FRED-QD's FPIx is private-sector fixed investment only.",level,FALSE
real_exports,Output and Income,EXPGSC1,,,level,FALSE
real_imports,Output and Income,IMPGSC1,,,level,FALSE
real_household_disposable_income,Output and Income,DPIC96,,"OECD's quarterly household disposable income (DF_QNA_INC_SAV) is published for only 11 countries (AUS, BRA, CAN, CHL, EST, GRC, HUN, LTU, LUX, LVA, ZAF); absent for most others, confirmed absent for DEU/AUT/USA/FRA/GBR.",level,FALSE
industrial_production,Industrial Production,INDPRO,,"EU member states: sourced from Eurostat short-term statistics (sts_inpr_q, NACE B-D, seasonally and calendar adjusted, index 2021 = 100), NOT the OECD-MEI-via-FRED mirror used elsewhere -- see R/eurostat_sts.R. The mirror is frozen: AUTPROINDQISMEI was confirmed live 2026-09-25 to stop at 2024-Q1 while every other concept in the panel ran to the current quarter, which silently truncates any model estimated on it. The mirror earlier history (back to 1955 for Austria) is spliced on, rescaled to the Eurostat base at the overlap. Read that spliced history with care: over the 334 months the two share they correlate 0.896 in log differences, so they are close relatives rather than the same series.",level,TRUE
industrial_confidence,Industrial Production,,"No FRED-QD equivalent; the EC's Industrial Confidence Indicator (since 1985) is a standard input to the OECD's Composite Leading Indicators for many countries, with documented leading-indicator value for industrial production/GDP turning points.","EU member states only: European Commission Business and Consumer Survey, Industrial Confidence Indicator (""AT.INDU"") -- see R/ec_survey.R. No FRED-mirror fallback exists for this concept.",balance,TRUE
unemployment_rate,Employment and Unemployment,UNRATE,,,percent,TRUE
employment_rate,Employment and Unemployment,,No FRED-QD employment-rate series; nearest are CE16OV (level) and CIVPART (participation rate).,"Employment-to-population ratio, ages 15-64 (OECD MEI); included as a standard cross-country labour-market indicator even though FRED-QD has no direct equivalent (see us_note).",percent,FALSE
hours_worked,Employment and Unemployment,HOANBS,"HOANBS is hours of all persons in the NONFARM BUSINESS sector; the series here is the total economy, which additionally includes general government, households as employers and the farm sector. The broader coverage is what the national-accounts source publishes and what pairs with this panel's own total-economy real_gdp.","EU member states only: Eurostat namq_10_a10_e, total hours worked, domestic concept (NA_ITEM=EMP_DC, employees and self-employed together), seasonally and calendar adjusted -- see R/eurostat.R. No FRED-mirror fallback exists: FRED's OECD mirror carries hours PER WORKER for some countries and total hours for none, so this resolves to NA outside the EU.",level,FALSE
employment_expectations,Employment and Unemployment,,No FRED-QD equivalent; DG ECFIN's own purpose-built leading indicator for employment turning points (introduced 2013 specifically because the surveys' employment sub-components lead employment growth).,"EU member states only: European Commission Business and Consumer Survey, Employment Expectations Indicator (""AT.EEI"") -- see R/ec_survey.R. No FRED-mirror fallback exists for this concept.",balance,TRUE
house_price_real,Housing,USSTHPI,,,level,FALSE
construction_confidence,Housing,,"No FRED-QD equivalent; a standard EC sentiment sub-index for the construction sector, companion to house_price_real.","EU member states only: European Commission Business and Consumer Survey, Construction Confidence Indicator (""AT.BUIL"") -- see R/ec_survey.R. No FRED-mirror fallback exists for this concept.",balance,TRUE
retail_sales_volume,"Inventories, Orders, and Sales",RSAFSx,,"EU member states: sourced from Eurostat short-term statistics (sts_trtu_q, NACE G47, indicator VOL_SLS -- the VOLUME of sales, not NETTUR, which is turnover in current prices), NOT the OECD-MEI-via-FRED mirror, which is frozen at 2024-Q1 -- see R/eurostat_sts.R. The mirror earlier history is spliced on and rescaled at the overlap, where the two correlate 0.998 in log differences. OECD MEI retail sales volume is not published for the USA itself via this mirror -- a genuine coverage gap for that one country, not a wrong code.",level,TRUE
retail_confidence,"Inventories, Orders, and Sales",,"No FRED-QD equivalent; a standard EC sentiment sub-index for the retail sector, companion to retail_sales_volume.","EU member states only: European Commission Business and Consumer Survey, Retail Trade Confidence Indicator (""AT.RETA"") -- see R/ec_survey.R. No FRED-mirror fallback exists for this concept.",balance,TRUE
cpi_index,Prices,CPIAUCSL,,"EU member states: sourced from Eurostat's Harmonised Index of Consumer Prices (HICP, all-items, prc_hicp_midx), NOT the frozen OECD-MEI-via-FRED mirror used for non-EU countries -- see R/eurostat.R. Confirmed live 2026-08-30 to extend to 2025-Q4 for Austria, versus the FRED mirror's confirmed freeze at 2023-Q4 -- a roughly 2-year improvement. HICP's basket/methodology differs somewhat from the US CPI-U basket underlying FRED-QD's CPIAUCSL, but is the standard EU consumer-price measure. Countries outside the EU take their own national index instead (R/fred_mirror.R national_cpi_index; CPIAUCSL for the United States) rather than the OECD MEI mirror, whose only CPI series are GROWTH RATES -- CPALTT01{cc2}Q657N runs -2.83 to 3.95 for the US. Until 2026-09-25 this column therefore held an index for EU members and a percent change for everyone else; it is one statistic everywhere now, which is why its plausibility category is the strict 'level' again rather than a band wide enough for both.",level,TRUE
core_cpi_index,Prices,CPILFESL,,"Eurostat HICP excluding energy, food, alcohol and tobacco (COICOP=TOT_X_NRG_FOOD) -- the standard ECB/Eurostat ""core inflation"" measure. EU member states only; no FRED-mirror fallback exists for this concept.",level,TRUE
food_price_index,Prices,,"No standalone CPI-food mnemonic in FRED-QD's 245-series list (the closest entries are PCE-side, e.g. DFXARG3Q086SBEA); included as a standard EU/ECB headline-inflation breakdown component.","Eurostat HICP, food and non-alcoholic beverages (COICOP=CP01). EU member states only; no FRED-mirror fallback exists for this concept.",level,TRUE
energy_price_index,Prices,,"No standalone CPI-energy mnemonic in FRED-QD's 245-series list (the closest entries are producer-price WPU0531/WPU0561 or the global OILPRICEx benchmark, none implemented here); included as a standard EU/ECB headline-inflation breakdown component.","Eurostat HICP, energy (COICOP=NRG). EU member states only; no FRED-mirror fallback exists for this concept.",level,TRUE
services_price_index,Prices,CUSR0000SAS,,"Eurostat HICP, services (overall index excluding goods) (COICOP=SERV). EU member states only; no FRED-mirror fallback exists for this concept.",level,TRUE
unit_labor_cost,Earnings and Productivity,ULCNFB,"FRED-QD's ULCNFB is a nonfarm-business, hours-based unit-labor-cost INDEX; the OECD-mirror series used for every country (incl. the US) is an employment-based % CHANGE -- related concepts, different construction.","Where Eurostat publishes an index-level series for it (confirmed for Austria: namq_10_lp_ulc, NA_ITEM=NULC_HW, UNIT=I10, hours-based like FRED-QD's ULCNFB), this replaces the default OECD-mirror proxy (OECD MEI unit labour cost, employment-based, % change, confirmed live for AT/DE/FR/GB/US) -- see R/eurostat.R. Not every EU country publishes this index-level series, and which do changes over time: it was confirmed absent for Germany when this note was first written, and confirmed present for Germany on 2026-09-24, so Germany now resolves through Eurostat rather than keeping the OECD-mirror value. A country for which Eurostat has nothing still falls back to the mirror.",balance,FALSE
long_term_rate,Interest Rates,GS10,,,percent,TRUE
short_term_rate,Interest Rates,TB3MS,,,percent,TRUE
mortgage_rate,Interest Rates,MORTGAGE30US,FRED-QD's MORTGAGE30US is a 30-year FIXED-rate average; the ECB series used for euro-area countries is a new-business AAR/NDER rate across all initial rate fixation periods (fixed and variable combined) -- related but not an identical construction.,"ECB MFI Interest Rate Statistics (MIR): new-business loans to households for house purchase, all initial rate fixation periods combined -- genuinely country-specific (unlike euro_area_household_net_worth_growth above), available for euro-area members only.",percent,TRUE
credit_to_private_nonfin_sector,Money and Credit,,"FRED-QD tracks credit by purpose/level (BUSLOANSx, TOTALSLx, REALLNx, ...), not one combined %GDP series like BIS's.","BIS reports this as a stock, % of GDP (private non-financial sector = households + nonfinancial corporations combined).",percent,FALSE
household_mortgage_loans,Money and Credit,REALLNx,"FRED-QD's REALLNx is REAL (Core-PCE-deflated) dollars; the ECB BSI series used for euro-area countries is a NOMINAL euro-denominated stock of outstanding MFI loans to households for house purchase -- related but not an identical construction, and not deflated here.","ECB MFI Balance Sheet Items (BSI): outstanding amounts (stocks, millions of EUR) of loans to households for house purchase, domestic counterpart -- genuinely country-specific (unlike euro_area_household_net_worth_growth), available for euro-area members only. Same purpose category as mortgage_rate, but a different ECB dataflow with an entirely different dimension structure -- see R/ecb.R.",level,TRUE
euro_area_household_net_worth_growth,Household Balance Sheets,TNWBSHNOx,,ECB QSA_PUB publishes household net worth only for the euro-area AGGREGATE (REF_AREA=I8) -- every euro-area country gets this same figure; it is not country-specific.,growth,FALSE
household_credit_to_gdp,Household Balance Sheets,,No %GDP household-credit series in FRED-QD; FRED itself mirrors the same underlying BIS series for the US as HDTGPDUSQ163N.,"BIS credit to households & NPISHs, % of GDP -- country-specific (unlike the ECB net-worth aggregate above).",percent,FALSE
corporate_credit_to_gdp,Non-Household Balance Sheets,,"FRED-QD's TLBSNNCBx is a dollar-level series, not %GDP; no confirmed FRED %GDP analog for the US was found.","BIS credit to nonfinancial corporations, % of GDP -- country-specific.",percent,FALSE
government_debt_to_gdp,Non-Household Balance Sheets,GFDEGDQ188S,"FRED-QD's GFDEGDQ188S is US FEDERAL debt only (excludes state/local government); the BIS series used for every country (incl. the US) is credit to the WHOLE general-government sector (all levels combined) -- related but broader-scoped concepts, not identical.","BIS credit to general government (all levels: federal/state/local combined), % of GDP, at NOMINAL value (VALUATION=N) -- BIS's own credit-statistics methodology treats this as a close proxy for gross government debt; genuinely country-specific and, unlike the euro-area-only mortgage_rate/consumer_confidence overrides, available for non-EU countries too (confirmed live for AT/DE/US). Nominal rather than market value since 2026-09-14: the market-value series revalues government bonds with their prices, so it swings with interest rates (Austria: 100.7% of GDP in 2020, 75.2% in 2025-Q4), whereas the nominal series reads 81.5% for 2025-Q4, against 81.3% for Eurostat's Maastricht debt ratio.",percent,FALSE
government_primary_balance_to_gdp,Non-Household Balance Sheets,,"No FRED-QD equivalent; FRED-QD carries no general-government primary balance. Added as the flow companion to government_debt_to_gdp's stock: the primary balance is one of the proximate drivers of the debt ratio in the debt-dynamics identity, beside interest payments and the growth-interest differential.","EU member states only: Eurostat quarterly government finance statistics (gov_10q_ggnfa), general government (S13), net lending/borrowing (B9) plus interest payable (D41PAY), both in % of GDP -- see R/eurostat.R. NOT seasonally adjusted: Eurostat publishes a seasonally adjusted B9 but no seasonally adjusted D41PAY, and summing an adjusted with an unadjusted series would be neither. The ratio is to the same quarter's GDP, so a four-quarter average is the annual equivalent. No non-EU fallback exists for this concept.",balance,FALSE
fx_rate_to_usd,Exchange Rates,,Not meaningful for the US itself -- this concept is a foreign currency's price in USD.,"OECD MEI bilateral exchange rate, national currency per USD.",level,TRUE
real_effective_exchange_rate,Exchange Rates,TWEXAFEGSMTHx,FRED-QD's series is a NOMINAL trade-weighted index against advanced foreign economies only; the OECD-mirror series used for other countries is REAL (price-adjusted) and broader -- related but not identical.,OECD real (price-adjusted) effective exchange rate index -- see us_note for how this differs from FRED-QD's nominal series.,level,TRUE
consumer_confidence,Other,UMCSENTx,,"EU member states: sourced from the European Commission's own Business and Consumer Survey (a live, monthly, seasonally adjusted balance statistic, e.g. ""AT.CONS""), NOT the frozen OECD-MEI-via-FRED mirror used for non-EU countries -- see R/ec_survey.R. Falls back to the FRED mirror if the EC archive is unavailable for a given run.",balance,TRUE
economic_sentiment_indicator,Other,,"No FRED-QD equivalent; DG ECFIN's own flagship composite indicator (weighted average of industry/services/consumer/retail/construction survey balances), explicitly constructed and empirically validated to track and lead euro-area GDP growth.","EU member states only: European Commission Business and Consumer Survey, Economic Sentiment Indicator (""AT.ESI"") -- see R/ec_survey.R. No FRED-mirror fallback exists for this concept.",balance,TRUE
services_confidence,Other,,No FRED-QD equivalent; a standard EC sentiment sub-index for the services sector.,"EU member states only: European Commission Business and Consumer Survey, Services Confidence Indicator (""AT.SERV"") -- see R/ec_survey.R. No FRED-mirror fallback exists for this concept.",balance,TRUE
oil_price,Prices,OILPRICEx,"FRED-QD's OILPRICEx is the real refiner acquisition cost of crude, deflated by core PCE; the series here is the nominal spot price in US dollars, left undeflated because which deflator and which exchange rate belong in front of it is a modelling decision and the panel already carries cpi_index and fx_rate_to_usd for either.","Not country-specific and not intended to be: a barrel of crude has one world price, so this column is identical in every country's panel, as R/gpr.R's global index is for countries the GPR source does not cover separately. It is here because the world oil price is the classic exogenous supply shifter for a small open economy. FRED WTISPLC (spot West Texas Intermediate, monthly from 1946, averaged within the quarter) -- see R/commodities.R, whose header says why WTI rather than Brent.",level_event_driven,TRUE
geopolitical_risk,Other,,"No FRED-QD equivalent; the Caldara-Iacoviello (2022) Geopolitical Risk index, the standard academic/policy measure -- country-specific for the 44 countries the source covers (confirmed: includes DEU/USA, excludes AUT), global index used otherwise (see R/gpr.R).","Caldara and Iacoviello's (2022) Geopolitical Risk index, from matteoiacoviello.com's own published data file -- see R/gpr.R. Genuinely country-specific for the 44 countries the source constructs one for (confirmed: Germany, the United States); the global index is used for every other country (confirmed: Austria), not a country-specific gap in this project's own sourcing.",level_event_driven,TRUE
global_activity,Other,,"No FRED-QD equivalent; FRED-QD is a US panel and carries no measure of WORLD activity at all. Kilian's (2009) index of global real economic activity, built from dry cargo ocean freight rates.","Not country-specific and not intended to be, exactly as oil_price is not: there is one world business cycle, so this column is identical in every country's panel. FRED IGREA, monthly from 1968, averaged within the quarter -- see R/global_activity.R. It is expressed in PERCENT DEVIATIONS FROM TREND, so it is signed and roughly half its observations are negative: do not log it and do not take quarter-over-quarter percent changes of it. It is here so that a panel carrying oil_price can separate an oil supply disturbance from an oil demand one, which is the distinction Kilian (2009) exists to make.",deviation,TRUE
financial_stress,Other,,"No FRED-QD equivalent; FRED-QD has no composite financial stress index. The ECB publishes its country-level Composite Indicator of Systemic Stress for the United States too (REF_AREA=US, confirmed live), so the US panel carries the same construction as every other country rather than a US-specific substitute.","ECB country-level Composite Indicator of Systemic Stress (CISS), dataflow CISS, key D.<cc2>.Z0Z.4F.EC.SS_CIN.IDX -- daily, averaged to calendar quarters, see R/ecb.R. Bounded between 0 and 1 by construction; combines stress measures from several financial market segments, weighting them by their time-varying cross-correlations, so that stress in several segments at once counts for more than stress in one.",level_event_driven,TRUE
world_uncertainty_index,Other,,"No FRED-QD equivalent; FRED-QD has no text-based uncertainty index. The US panel uses the same country-level World Uncertainty Index (WUIUSA) as every other country, not the Baker-Bloom-Davis economic policy uncertainty index.","World Uncertainty Index (Ahir, Bloom and Furceri, 2022), the frequency of the word 'uncertainty' and its variants in the Economist Intelligence Unit's country reports -- quarterly and country-specific, via FRED's mirror (mnemonic WUI<ISO3>, e.g. WUIAUT, confirmed live for AUT/DEU/USA), see R/fred_mirror.R. Legitimately 0 in some early quarters in which a short report happens not to use the word, which is why it has a non-negative rather than a positive plausibility category.",nonneg_event_driven,FALSE
share_price_index,Stock Markets,S&P 500,,"Austria: sourced from the ATX (Austrian Traded Index) via Yahoo Finance (ticker ""^ATX""), Austria's own actual benchmark index, NOT the generic OECD MEI 'all shares' proxy used for other countries -- see R/yahoo_finance.R. Falls back to the FRED mirror if the Yahoo Finance fetch is unavailable for a given run.",level,TRUE
construction_weather_constraint,Housing,,"No FRED-QD equivalent; FRED-QD contains no weather variable of any kind. This is the share of construction firms naming weather as a factor currently limiting their building activity -- weather measured by its reported ECONOMIC effect rather than meteorologically, and the companion concept to construction_confidence from the same survey.","EU member states only: European Commission Business and Consumer Survey, construction survey question 2, answer F3S (""AT.TOT.2.F3S"") -- see R/ec_survey.R. Already seasonally adjusted at source, so it reads as a weather ANOMALY (how unusually obstructive this quarter's weather was) rather than a raw seasonal pattern. No FRED-mirror fallback exists for this concept.",balance,TRUE
heating_degree_days,Other,,"No FRED-QD equivalent; FRED-QD contains no weather variable of any kind. Degree days are the standard quantitative weather input in applied macro (energy demand, gas consumption, construction, the energy trade balance) and are exogenous and essentially never revised, unlike every national-accounts series in this panel.","Quarterly total of monthly heating degree days on Eurostat's definition (reference 18 C, counted on days with a mean temperature at or below 15 C). Eurostat's own nrg_chdd_m is used wherever it publishes; because that dataflow runs roughly nine months behind, the pre-1980 history and the recent quarters are filled with an ERA5 series (via the Open-Meteo archive) computed over a population-weighted set of representative cities and level-calibrated to Eurostat over the overlap -- see R/weather.R. Countries with neither a city set nor Eurostat coverage resolve to NA.",nonneg_seasonal,FALSE
cooling_degree_days,Other,,"No FRED-QD equivalent; FRED-QD contains no weather variable of any kind. The cooling-side companion to heating_degree_days, and the more informative of the two for a warming climate.","Quarterly total of monthly cooling degree days on Eurostat's definition (reference 21 C, counted on days with a mean temperature at or above 24 C -- note the deliberate gap between the reference and threshold temperatures, which is Eurostat's convention and not the single-base-temperature convention common in US work). Same source hierarchy as heating_degree_days; legitimately 0.00 for whole quarters in cooler countries, which is why these two concepts have their own plausibility category.",nonneg_seasonal,FALSE
