country,variable,provider,key,comment
USA,real_gdp,FRED_QD,GDPC1,
USA,real_household_consumption,FRED_QD,PCECC96,
USA,real_govt_consumption,FRED_QD,GCEC1,
USA,real_gfcf_total,FRED_QD,FPIx,
USA,real_exports,FRED_QD,EXPGSC1,
USA,real_imports,FRED_QD,IMPGSC1,
USA,inventory_change_to_gdp,FRED_QD,A014RE1Q156NBEA,
USA,real_household_disposable_income,FRED_QD,DPIC96,
USA,industrial_production,FRED_QD,INDPRO,
USA,industrial_confidence,NONE,,"No FRED-QD equivalent; the EC's Industrial Confidence Indicator (since 1985) is a standard input to the OECD's Composite Leading Indicators for many countries, with documented leading-indicator value for industrial production/GDP turning points."
USA,unemployment_rate,FRED_QD,UNRATE,
USA,employment_rate,NONE,,No FRED-QD employment-rate series; nearest are CE16OV (level) and CIVPART (participation rate).
USA,hours_worked,FRED_QD,HOANBS,"HOANBS is hours of all persons in the NONFARM BUSINESS sector; the series here is the total economy, which additionally includes general government, households as employers and the farm sector. The broader coverage is what the national-accounts source publishes and what pairs with this panel's own total-economy real_gdp."
USA,population,NONE,,"No FRED-QD equivalent; none of FRED-QD's 245 series is a population count. A live --country USA run resolves this concept to the BEA's total population including armed forces overseas (FRED POPTHM, monthly, averaged within the quarter) -- see R/population.R."
USA,employment_expectations,NONE,,No FRED-QD equivalent; DG ECFIN's own purpose-built leading indicator for employment turning points (introduced 2013 specifically because the surveys' employment sub-components lead employment growth).
USA,house_price_real,FRED_QD,USSTHPI,
USA,construction_confidence,NONE,,"No FRED-QD equivalent; a standard EC sentiment sub-index for the construction sector, companion to house_price_real."
USA,retail_sales_volume,FRED_QD,RSAFSx,
USA,retail_confidence,NONE,,"No FRED-QD equivalent; a standard EC sentiment sub-index for the retail sector, companion to retail_sales_volume."
USA,cpi_index,FRED_QD,CPIAUCSL,
USA,core_cpi_index,FRED_QD,CPILFESL,
USA,food_price_index,NONE,,"No standalone CPI-food mnemonic in FRED-QD's 245-series list (the closest entries are PCE-side, e.g. DFXARG3Q086SBEA); included as a standard EU/ECB headline-inflation breakdown component."
USA,energy_price_index,NONE,,"No standalone CPI-energy mnemonic in FRED-QD's 245-series list (the closest entries are producer-price WPU0531/WPU0561 or the global OILPRICEx benchmark, none implemented here); included as a standard EU/ECB headline-inflation breakdown component."
USA,services_price_index,FRED_QD,CUSR0000SAS,
USA,unit_labor_cost,FRED_QD,ULCNFB,"FRED-QD's ULCNFB is a nonfarm-business, hours-based unit-labor-cost INDEX; the OECD-mirror series used for every country (incl. the US) is an employment-based % CHANGE -- related concepts, different construction."
USA,long_term_rate,FRED_QD,GS10,
USA,short_term_rate,FRED_QD,TB3MS,
USA,mortgage_rate,FRED_QD,MORTGAGE30US,FRED-QD's MORTGAGE30US is a 30-year FIXED-rate average; the ECB series used for euro-area countries is a new-business AAR/NDER rate across all initial rate fixation periods (fixed and variable combined) -- related but not an identical construction.
USA,mortgage_rate_pure_new_loans,NONE,,"No FRED-QD equivalent: MORTGAGE30US (see mortgage_rate) is a survey rate for one fixed-rate product, and the US has no published split of mortgage pricing into new loans and renegotiations."
USA,credit_to_private_nonfin_sector,NONE,,"FRED-QD tracks credit by purpose/level (BUSLOANSx, TOTALSLx, REALLNx, ...), not one combined %GDP series like BIS's."
USA,household_mortgage_loans,FRED_QD,REALLNx,"FRED-QD's REALLNx is REAL (Core-PCE-deflated) dollars; the ECB BSI series used for euro-area countries is a NOMINAL euro-denominated stock of outstanding MFI loans to households for house purchase -- related but not an identical construction, and not deflated here."
USA,mortgage_new_lending,NONE,,"No FRED-QD equivalent: FRED-QD tracks credit as outstanding stocks (REALLNx and the like), and no US source publishes a monthly flow of new mortgage loans comparable to the ECB's."
USA,euro_area_household_net_worth_growth,FRED_QD,TNWBSHNOx,
USA,household_credit_to_gdp,NONE,,No %GDP household-credit series in FRED-QD; FRED itself mirrors the same underlying BIS series for the US as HDTGPDUSQ163N.
USA,corporate_credit_to_gdp,NONE,,"FRED-QD's TLBSNNCBx is a dollar-level series, not %GDP; no confirmed FRED %GDP analog for the US was found."
USA,government_debt_to_gdp,FRED_QD,GFDEGDQ188S,"FRED-QD's GFDEGDQ188S is US FEDERAL debt only (excludes state/local government); the BIS series used for every country (incl. the US) is credit to the WHOLE general-government sector (all levels combined) -- related but broader-scoped concepts, not identical."
USA,government_primary_balance_to_gdp,NONE,,"No FRED-QD equivalent; FRED-QD carries no general-government primary balance. Added as the flow companion to government_debt_to_gdp's stock: the primary balance is one of the proximate drivers of the debt ratio in the debt-dynamics identity, beside interest payments and the growth-interest differential."
USA,fx_rate_to_usd,NONE,,Not meaningful for the US itself -- this concept is a foreign currency's price in USD.
USA,real_effective_exchange_rate,FRED_QD,TWEXAFEGSMTHx,FRED-QD's series is a NOMINAL trade-weighted index against advanced foreign economies only; the OECD-mirror series used for other countries is REAL (price-adjusted) and broader -- related but not identical.
USA,consumer_confidence,FRED_QD,UMCSENTx,
USA,consumer_financial_situation_past,NONE,,"No FRED-QD equivalent; FRED-QD carries only the Michigan sentiment index (UMCSENTx), not its individual questions. EC consumer survey question 1: How the household's financial situation has changed over the last 12 months (a component of consumer_confidence)."
USA,consumer_financial_situation_expected,NONE,,"No FRED-QD equivalent; FRED-QD carries only the Michigan sentiment index (UMCSENTx), not its individual questions. EC consumer survey question 2: How the household expects its financial situation to change over the next 12 months (one of the four components of consumer_confidence)."
USA,consumer_economic_situation_past,NONE,,"No FRED-QD equivalent; FRED-QD carries only the Michigan sentiment index (UMCSENTx), not its individual questions. EC consumer survey question 3: How the general economic situation in the country has changed over the last 12 months."
USA,consumer_economic_situation_expected,NONE,,"No FRED-QD equivalent; FRED-QD carries only the Michigan sentiment index (UMCSENTx), not its individual questions. EC consumer survey question 4: How the general economic situation in the country is expected to change over the next 12 months (a component of consumer_confidence)."
USA,consumer_price_trends_past,NONE,,"No FRED-QD equivalent; FRED-QD carries only the Michigan sentiment index (UMCSENTx), not its individual questions. EC consumer survey question 5: How consumer prices are perceived to have moved over the last 12 months -- perceived inflation."
USA,consumer_price_expectations,NONE,,"No FRED-QD equivalent; FRED-QD carries only the Michigan sentiment index (UMCSENTx), not its individual questions. EC consumer survey question 6: How consumer prices are expected to move over the next 12 months, relative to the last 12 -- a qualitative inflation expectation."
USA,consumer_unemployment_expectations,NONE,,"No FRED-QD equivalent; FRED-QD carries only the Michigan sentiment index (UMCSENTx), not its individual questions. EC consumer survey question 7: How unemployment is expected to change over the next 12 months; a POSITIVE balance means rising unemployment is expected."
USA,consumer_major_purchases_now,NONE,,"No FRED-QD equivalent; FRED-QD carries only the Michigan sentiment index (UMCSENTx), not its individual questions. EC consumer survey question 8: Whether now is the right moment to make major purchases (furniture, electrical goods)."
USA,consumer_major_purchases_expected,NONE,,"No FRED-QD equivalent; FRED-QD carries only the Michigan sentiment index (UMCSENTx), not its individual questions. EC consumer survey question 9: Whether the household expects to spend more or less on major purchases over the next 12 months (a component of consumer_confidence)."
USA,consumer_savings_expected,NONE,,"No FRED-QD equivalent; FRED-QD carries only the Michigan sentiment index (UMCSENTx), not its individual questions. EC consumer survey question 11: How likely the household is to save any money over the next 12 months."
USA,consumer_household_finances_now,NONE,,"No FRED-QD equivalent; FRED-QD carries only the Michigan sentiment index (UMCSENTx), not its individual questions. EC consumer survey question 12: Which statement describes the household's current financial situation, from saving a lot to running into debt."
USA,consumer_home_purchase_intentions,NONE,,"No FRED-QD equivalent; FRED-QD carries only the Michigan sentiment index (UMCSENTx), not its individual questions. EC consumer survey question 14: How likely the household is to buy or build a home within the next 12 months -- asked QUARTERLY only."
USA,consumer_home_improvement_intentions,NONE,,"No FRED-QD equivalent; FRED-QD carries only the Michigan sentiment index (UMCSENTx), not its individual questions. EC consumer survey question 15: How likely the household is to spend on home improvements over the next 12 months -- asked QUARTERLY only."
USA,industry_production_past,NONE,,No FRED-QD equivalent; FRED-QD carries no question-level business survey for industry. EC industry survey question 1: Production trend observed in recent months.
USA,industry_order_books,NONE,,No FRED-QD equivalent; FRED-QD carries no question-level business survey for industry. EC industry survey question 2: Assessment of order-book levels (a component of industrial_confidence).
USA,industry_export_order_books,NONE,,No FRED-QD equivalent; FRED-QD carries no question-level business survey for industry. EC industry survey question 3: Assessment of export order-book levels.
USA,industry_stocks_finished_products,NONE,,No FRED-QD equivalent; FRED-QD carries no question-level business survey for industry. EC industry survey question 4: Assessment of stocks of finished products; a POSITIVE balance means stocks are judged too large (enters industrial_confidence with a negative sign).
USA,industry_production_expectations,NONE,,No FRED-QD equivalent; FRED-QD carries no question-level business survey for industry. EC industry survey question 5: Production expectations for the months ahead (a component of industrial_confidence).
USA,industry_selling_price_expectations,NONE,,No FRED-QD equivalent; FRED-QD carries no question-level business survey for industry. EC industry survey question 6: Selling price expectations for the months ahead -- manufacturers' qualitative price-setting intentions.
USA,industry_employment_expectations,NONE,,No FRED-QD equivalent; FRED-QD carries no question-level business survey for industry. EC industry survey question 7: Employment expectations for the months ahead (an input to the main archive's employment_expectations composite).
USA,industry_limits_none,NONE,,"No FRED-QD equivalent; FRED-QD carries no question-level business survey for industry. EC industry survey question 8: Factors limiting production, answer 'None': the share of firms reporting no constraint."
USA,industry_limits_demand,NONE,,"No FRED-QD equivalent; FRED-QD carries no question-level business survey for industry. EC industry survey question 8: Factors limiting production, answer 'Demand'."
USA,industry_limits_labour,NONE,,"No FRED-QD equivalent; FRED-QD carries no question-level business survey for industry. EC industry survey question 8: Factors limiting production, answer 'Labour'."
USA,industry_limits_material_equipment,NONE,,"No FRED-QD equivalent; FRED-QD carries no question-level business survey for industry. EC industry survey question 8: Factors limiting production, answer 'Shortage of material and/or equipment' -- the supply-bottleneck measure of 2021-22."
USA,industry_limits_other,NONE,,"No FRED-QD equivalent; FRED-QD carries no question-level business survey for industry. EC industry survey question 8: Factors limiting production, answer 'Other'."
USA,industry_limits_financial,NONE,,"No FRED-QD equivalent; FRED-QD carries no question-level business survey for industry. EC industry survey question 8: Factors limiting production, answer 'Financial'."
USA,industry_production_capacity,NONE,,No FRED-QD equivalent; FRED-QD carries no question-level business survey for industry. EC industry survey question 9: Assessment of current production capacity; a POSITIVE balance means capacity is judged more than sufficient.
USA,industry_new_orders_past,NONE,,No FRED-QD equivalent; FRED-QD carries no question-level business survey for industry. EC industry survey question 11: New orders in recent months.
USA,industry_capacity_utilization,FRED_QD,CUMFNS,"FRED-QD's CUMFNS is the Federal Reserve's capacity utilisation for manufacturing, output divided by an estimate of capacity built from production and capital data. The EC measure is survey-based: manufacturers report the percentage of capacity they are currently using (industry survey question 13), asked quarterly."
USA,industry_competitive_position_eu,NONE,,No FRED-QD equivalent; FRED-QD carries no question-level business survey for industry. EC industry survey question 15: Competitive position on markets inside the EU over the past three months.
USA,industry_competitive_position_outside_eu,NONE,,No FRED-QD equivalent; FRED-QD carries no question-level business survey for industry. EC industry survey question 16: Competitive position on markets outside the EU over the past three months.
USA,services_business_situation_past,NONE,,No FRED-QD equivalent; FRED-QD carries no question-level business survey for services. EC services survey question 1: Business situation development over the past 3 months (a component of services_confidence).
USA,services_demand_past,NONE,,No FRED-QD equivalent; FRED-QD carries no question-level business survey for services. EC services survey question 2: Evolution of demand over the past 3 months (a component of services_confidence).
USA,services_demand_expected,NONE,,No FRED-QD equivalent; FRED-QD carries no question-level business survey for services. EC services survey question 3: Expectation of demand over the next 3 months (a component of services_confidence).
USA,services_employment_expectations,NONE,,No FRED-QD equivalent; FRED-QD carries no question-level business survey for services. EC services survey question 5: Expectations of employment over the next 3 months.
USA,services_price_expectations,NONE,,No FRED-QD equivalent; FRED-QD carries no question-level business survey for services. EC services survey question 6: Expectations of the prices charged over the next 3 months.
USA,services_limits_none,NONE,,"No FRED-QD equivalent; FRED-QD carries no question-level business survey for services. EC services survey question 7: Factors limiting the business, answer 'None'."
USA,services_limits_demand,NONE,,"No FRED-QD equivalent; FRED-QD carries no question-level business survey for services. EC services survey question 7: Factors limiting the business, answer 'Demand'."
USA,services_limits_labour,NONE,,"No FRED-QD equivalent; FRED-QD carries no question-level business survey for services. EC services survey question 7: Factors limiting the business, answer 'Labour forces'."
USA,services_limits_equipment_space,NONE,,"No FRED-QD equivalent; FRED-QD carries no question-level business survey for services. EC services survey question 7: Factors limiting the business, answer 'Equipment and/or Space'."
USA,services_limits_financial,NONE,,"No FRED-QD equivalent; FRED-QD carries no question-level business survey for services. EC services survey question 7: Factors limiting the business, answer 'Financial' (F5S here, where industry's 'Financial' is F6S -- read off the Index sheet)."
USA,services_limits_other,NONE,,"No FRED-QD equivalent; FRED-QD carries no question-level business survey for services. EC services survey question 7: Factors limiting the business, answer 'Other'."
USA,services_capacity_utilization,NONE,,"No FRED-QD equivalent; FRED-QD carries no question-level business survey for services. EC services survey question 8: Current level of capacity utilisation in services, in per cent."
USA,retail_business_activity_past,NONE,,No FRED-QD equivalent; FRED-QD carries no question-level business survey for retail trade. EC retail trade survey question 1: Business activity (sales) development over the past 3 months (a component of retail_confidence).
USA,retail_stocks,NONE,,No FRED-QD equivalent; FRED-QD carries no question-level business survey for retail trade. EC retail trade survey question 2: Volume of stock currently held; a POSITIVE balance means stocks are judged too large (enters retail_confidence with a negative sign).
USA,retail_orders_expected,NONE,,No FRED-QD equivalent; FRED-QD carries no question-level business survey for retail trade. EC retail trade survey question 3: Orders placed with suppliers expected over the next 3 months.
USA,retail_business_activity_expected,NONE,,No FRED-QD equivalent; FRED-QD carries no question-level business survey for retail trade. EC retail trade survey question 4: Business activity expectations over the next 3 months (a component of retail_confidence).
USA,retail_employment_expectations,NONE,,No FRED-QD equivalent; FRED-QD carries no question-level business survey for retail trade. EC retail trade survey question 5: Employment expectations over the next 3 months.
USA,retail_price_expectations,NONE,,No FRED-QD equivalent; FRED-QD carries no question-level business survey for retail trade. EC retail trade survey question 6: Selling price expectations over the next 3 months.
USA,construction_activity_past,NONE,,No FRED-QD equivalent; FRED-QD carries no question-level business survey for construction. EC construction survey question 1: Building activity development over the past 3 months.
USA,construction_limits_none,NONE,,"No FRED-QD equivalent; FRED-QD carries no question-level business survey for construction. EC construction survey question 2: Main factors currently limiting building activity, answer 'None'."
USA,construction_limits_demand,NONE,,"No FRED-QD equivalent; FRED-QD carries no question-level business survey for construction. EC construction survey question 2: Main factors currently limiting building activity, answer 'Insufficient demand'."
USA,construction_limits_labour,NONE,,"No FRED-QD equivalent; FRED-QD carries no question-level business survey for construction. EC construction survey question 2: Main factors currently limiting building activity, answer 'Shortage of labour force'."
USA,construction_limits_material_equipment,NONE,,"No FRED-QD equivalent; FRED-QD carries no question-level business survey for construction. EC construction survey question 2: Main factors currently limiting building activity, answer 'Shortage of material and/or equipment'."
USA,construction_limits_other,NONE,,"No FRED-QD equivalent; FRED-QD carries no question-level business survey for construction. EC construction survey question 2: Main factors currently limiting building activity, answer 'Other factors'."
USA,construction_limits_financial,NONE,,"No FRED-QD equivalent; FRED-QD carries no question-level business survey for construction. EC construction survey question 2: Main factors currently limiting building activity, answer 'Financial constraints'."
USA,construction_order_books,NONE,,No FRED-QD equivalent; FRED-QD carries no question-level business survey for construction. EC construction survey question 3: Evolution of current overall order books (a component of construction_confidence).
USA,construction_employment_expectations,NONE,,No FRED-QD equivalent; FRED-QD carries no question-level business survey for construction. EC construction survey question 4: Employment expectations over the next 3 months (a component of construction_confidence).
USA,construction_price_expectations,NONE,,No FRED-QD equivalent; FRED-QD carries no question-level business survey for construction. EC construction survey question 5: Prices expectations over the next 3 months.
USA,economic_sentiment_indicator,NONE,,"No FRED-QD equivalent; DG ECFIN's own flagship composite indicator (weighted average of industry/services/consumer/retail/construction survey balances), explicitly constructed and empirically validated to track and lead euro-area GDP growth."
USA,services_confidence,NONE,,No FRED-QD equivalent; a standard EC sentiment sub-index for the services sector.
USA,oil_price,FRED_QD,OILPRICEx,"FRED-QD's OILPRICEx is the real refiner acquisition cost of crude, deflated by core PCE; the series here is the nominal spot price in US dollars, left undeflated because which deflator and which exchange rate belong in front of it is a modelling decision and the panel already carries cpi_index and fx_rate_to_usd for either."
USA,geopolitical_risk,NONE,,"No FRED-QD equivalent; the Caldara-Iacoviello (2022) Geopolitical Risk index, the standard academic/policy measure -- country-specific for the 44 countries the source covers (confirmed: includes DEU/USA, excludes AUT), global index used otherwise (see R/gpr.R)."
USA,global_activity,NONE,,"No FRED-QD equivalent; FRED-QD is a US panel and carries no measure of WORLD activity at all. Kilian's (2009) index of global real economic activity, built from dry cargo ocean freight rates."
USA,financial_stress,NONE,,"No FRED-QD equivalent; FRED-QD has no composite financial stress index. The ECB publishes its country-level Composite Indicator of Systemic Stress for the United States too (REF_AREA=US, confirmed live), so the US panel carries the same construction as every other country rather than a US-specific substitute."
USA,world_uncertainty_index,NONE,,"No FRED-QD equivalent; FRED-QD has no text-based uncertainty index. The US panel uses the same country-level World Uncertainty Index (WUIUSA) as every other country, not the Baker-Bloom-Davis economic policy uncertainty index."
USA,share_price_index,FRED_QD,S&P 500,
USA,construction_weather_constraint,NONE,,"No FRED-QD equivalent; FRED-QD contains no weather variable of any kind. This is the share of construction firms naming weather as a factor currently limiting their building activity -- weather measured by its reported ECONOMIC effect rather than meteorologically, and the companion concept to construction_confidence from the same survey."
USA,heating_degree_days,NONE,,"No FRED-QD equivalent; FRED-QD contains no weather variable of any kind. Degree days are the standard quantitative weather input in applied macro (energy demand, gas consumption, construction, the energy trade balance) and are exogenous and essentially never revised, unlike every national-accounts series in this panel."
USA,cooling_degree_days,NONE,,"No FRED-QD equivalent; FRED-QD contains no weather variable of any kind. The cooling-side companion to heating_degree_days, and the more informative of the two for a warming climate."
AUT,real_gdp,EUROSTAT,namq_10_gdp:B1GQ (extended pre-1995 with level-spliced OECD_QNA:S1.B1GQ),
AUT,real_household_consumption,EUROSTAT,namq_10_gdp:P31_S14 (extended pre-1995 with level-spliced OECD_QNA:S1M.P3),"Source-dependent: for EU members (Eurostat NA_ITEM=P31_S14) this is household-only consumption, a close match to FRED-QD's household-only PCE; where OECD QNA is used instead (sector S1M), it is total-economy final consumption expenditure INCLUDING NPISHs, broader than FRED-QD's definition."
AUT,real_govt_consumption,EUROSTAT,namq_10_gdp:P3_S13 (extended pre-1995 with level-spliced OECD_QNA:S13.P3),"SNA/ESA transaction P3, sector S13 (general government) is government consumption expenditure only, whether sourced from OECD or Eurostat; FRED-QD's GCEC1 also includes government gross investment."
AUT,real_gfcf_total,EUROSTAT,namq_10_gdp:P51G (extended pre-1995 with level-spliced OECD_QNA:.P51G),"SNA/ESA transaction P51G (gross fixed capital formation) is for ALL sectors (incl. government), whether sourced from OECD or Eurostat; FRED-QD's FPIx is private-sector fixed investment only."
AUT,real_exports,EUROSTAT,namq_10_gdp:P6 (extended pre-1995 with level-spliced OECD_QNA:S1.P6),
AUT,real_imports,EUROSTAT,namq_10_gdp:P7 (extended pre-1995 with level-spliced OECD_QNA:S1.P7),
AUT,inventory_change_to_gdp,EUROSTAT,namq_10_gdp:Q.PC_GDP.SCA.P52.AT,"Change in inventories as a PERCENT OF GDP (both nominal), signed -- not a real level like the other expenditure components, because Eurostat publishes no chain-linked volume for it (a signed flow that crosses zero, for which chain-linked volumes are not additive; see R/inventories.R). EU member states: Eurostat namq_10_gdp, NA_ITEM=P52 (excluding valuables, P53), UNIT=PC_GDP, seasonally and calendar adjusted -- the same construction as FRED-QD's A014RE1Q156NBEA, except that P52 covers inventories of all sectors where FRED-QD's covers private inventories only. From 1995 for Austria (1991 for Germany). Outside the EU only the United States resolves (FRED-QD's own series); NA elsewhere."
AUT,real_household_disposable_income,,,"Not resolved for AUT. OECD's quarterly household disposable income (DF_QNA_INC_SAV) is published for only 11 countries (AUS, BRA, CAN, CHL, EST, GRC, HUN, LTU, LUX, LVA, ZAF); absent for most others, confirmed absent for DEU/AUT/USA/FRA/GBR."
AUT,industrial_production,EUROSTAT_STS,"sts_inpr_q:Q.PRD.B-D.SCA.I21.AT (OECD MEI mirror's earlier history spliced on, rescaled to this base)","EU member states: sourced from Eurostat short-term statistics (sts_inpr_q, NACE B-D, seasonally and calendar adjusted, index 2021 = 100), NOT the OECD-MEI-via-FRED mirror used elsewhere -- see R/eurostat_sts.R. The mirror is frozen: AUTPROINDQISMEI was confirmed live 2026-09-25 to stop at 2024-Q1 while every other concept in the panel ran to the current quarter, which silently truncates any model estimated on it. The mirror earlier history (back to 1955 for Austria) is spliced on, rescaled to the Eurostat base at the overlap. Read that spliced history with care: over the 334 months the two share they correlate 0.896 in log differences, so they are close relatives rather than the same series."
AUT,industrial_confidence,EC_BCS,AT.INDU,"EU member states only: European Commission Business and Consumer Survey, Industrial Confidence Indicator (""AT.INDU"") -- see R/ec_survey.R. No FRED-mirror fallback exists for this concept."
AUT,unemployment_rate,FRED_MIRROR,LRHUTTTTATQ156S,
AUT,employment_rate,FRED_MIRROR,LREM64TTATQ156S,"Employment-to-population ratio, ages 15-64 (OECD MEI); included as a standard cross-country labour-market indicator even though FRED-QD has no direct equivalent (see us_note)."
AUT,hours_worked,EUROSTAT_NA,namq_10_a10_e:Q.THS_HW.TOTAL.SCA.EMP_DC.AT,"EU member states only: Eurostat namq_10_a10_e, total hours worked, domestic concept (NA_ITEM=EMP_DC, employees and self-employed together), seasonally and calendar adjusted -- see R/eurostat.R. No FRED-mirror fallback exists: FRED's OECD mirror carries hours PER WORKER for some countries and total hours for none, so this resolves to NA outside the EU."
AUT,population,EUROSTAT_POP,namq_10_pe:Q.THS_PER.SCA.POP_NC.AT,"Total resident population in THOUSANDS OF PERSONS, the per-capita denominator for real_gdp, real_household_consumption and hours_worked. EU member states: Eurostat namq_10_pe, total population, national concept (NA_ITEM=POP_NC, UNIT=THS_PER, S_ADJ=SCA) -- the population figure of the quarterly national accounts themselves, so a per-capita ratio against this panel's real_gdp is internally consistent. Quarterly from 1995 for Austria (1991 for Germany); the annual series that reaches further back is not interpolated onto quarters. Outside the EU only countries with an explicit entry in R/population.R's national_population table resolve (currently the United States); FRED mirrors population for most other countries only annually, so this is NA for them rather than an interpolation."
AUT,employment_expectations,EC_BCS,AT.EEI,"EU member states only: European Commission Business and Consumer Survey, Employment Expectations Indicator (""AT.EEI"") -- see R/ec_survey.R. No FRED-mirror fallback exists for this concept."
AUT,house_price_real,FRED_MIRROR,QATR628BIS,
AUT,construction_confidence,EC_BCS,AT.BUIL,"EU member states only: European Commission Business and Consumer Survey, Construction Confidence Indicator (""AT.BUIL"") -- see R/ec_survey.R. No FRED-mirror fallback exists for this concept."
AUT,retail_sales_volume,EUROSTAT_STS,"sts_trtu_q:Q.VOL_SLS.G47.SCA.I21.AT (OECD MEI mirror's earlier history spliced on, rescaled to this base)","EU member states: sourced from Eurostat short-term statistics (sts_trtu_q, NACE G47, indicator VOL_SLS -- the VOLUME of sales, not NETTUR, which is turnover in current prices), NOT the OECD-MEI-via-FRED mirror, which is frozen at 2024-Q1 -- see R/eurostat_sts.R. The mirror earlier history is spliced on and rescaled at the overlap, where the two correlate 0.998 in log differences. OECD MEI retail sales volume is not published for the USA itself via this mirror -- a genuine coverage gap for that one country, not a wrong code."
AUT,retail_confidence,EC_BCS,AT.RETA,"EU member states only: European Commission Business and Consumer Survey, Retail Trade Confidence Indicator (""AT.RETA"") -- see R/ec_survey.R. No FRED-mirror fallback exists for this concept."
AUT,cpi_index,EUROSTAT_HICP,prc_hicp_midx:M.I05.CP00.AT,"EU member states: sourced from Eurostat's Harmonised Index of Consumer Prices (HICP, all-items, prc_hicp_midx), NOT the frozen OECD-MEI-via-FRED mirror used for non-EU countries -- see R/eurostat.R. Confirmed live 2026-08-30 to extend to 2025-Q4 for Austria, versus the FRED mirror's confirmed freeze at 2023-Q4 -- a roughly 2-year improvement. HICP's basket/methodology differs somewhat from the US CPI-U basket underlying FRED-QD's CPIAUCSL, but is the standard EU consumer-price measure. Countries outside the EU take their own national index instead (R/fred_mirror.R national_cpi_index; CPIAUCSL for the United States) rather than the OECD MEI mirror, whose only CPI series are GROWTH RATES -- CPALTT01{cc2}Q657N runs -2.83 to 3.95 for the US. Until 2026-09-25 this column therefore held an index for EU members and a percent change for everyone else; it is one statistic everywhere now, which is why its plausibility category is the strict 'level' again rather than a band wide enough for both."
AUT,core_cpi_index,EUROSTAT_HICP,prc_hicp_midx:M.I05.TOT_X_NRG_FOOD.AT,"Eurostat HICP excluding energy, food, alcohol and tobacco (COICOP=TOT_X_NRG_FOOD) -- the standard ECB/Eurostat ""core inflation"" measure. EU member states only; no FRED-mirror fallback exists for this concept."
AUT,food_price_index,EUROSTAT_HICP,prc_hicp_midx:M.I05.CP01.AT,"Eurostat HICP, food and non-alcoholic beverages (COICOP=CP01). EU member states only; no FRED-mirror fallback exists for this concept."
AUT,energy_price_index,EUROSTAT_HICP,prc_hicp_midx:M.I05.NRG.AT,"Eurostat HICP, energy (COICOP=NRG). EU member states only; no FRED-mirror fallback exists for this concept."
AUT,services_price_index,EUROSTAT_HICP,prc_hicp_midx:M.I05.SERV.AT,"Eurostat HICP, services (overall index excluding goods) (COICOP=SERV). EU member states only; no FRED-mirror fallback exists for this concept."
AUT,unit_labor_cost,EUROSTAT_ULC,namq_10_lp_ulc:Q.I10.SCA.NULC_HW.AT,"Where Eurostat publishes an index-level series for it (confirmed for Austria: namq_10_lp_ulc, NA_ITEM=NULC_HW, UNIT=I10, hours-based like FRED-QD's ULCNFB), this replaces the default OECD-mirror proxy (OECD MEI unit labour cost, employment-based, % change, confirmed live for AT/DE/FR/GB/US) -- see R/eurostat.R. Not every EU country publishes this index-level series, and which do changes over time: it was confirmed absent for Germany when this note was first written, and confirmed present for Germany on 2026-09-24, so Germany now resolves through Eurostat rather than keeping the OECD-mirror value. A country for which Eurostat has nothing still falls back to the mirror."
AUT,long_term_rate,FRED_MIRROR,IRLTLT01ATQ156N,
AUT,short_term_rate,FRED_MIRROR,IR3TIB01ATQ156N,
AUT,mortgage_rate,ECB_MIR,A2C.R.A.2250.EUR.N,"ECB MFI Interest Rate Statistics (MIR): new-business loans to households for house purchase, all initial rate fixation periods combined -- genuinely country-specific (unlike euro_area_household_net_worth_growth above), available for euro-area members only."
AUT,mortgage_rate_pure_new_loans,ECB_MIR,A2C.R.A.2250.EUR.P,"ECB MFI Interest Rate Statistics (MIR), key A2C.R.A.2250.EUR.P: the rate on PURE new loans to households for house purchase (IR_BUS_COV=P), i.e. mortgage_rate without renegotiations of existing loans, all initial rate fixation periods combined. Euro-area members only, monthly from 2017-08 for Austria -- see R/ecb.R."
AUT,credit_to_private_nonfin_sector,BIS_WSTC,Q.AT.P.A.M.770.A,"BIS reports this as a stock, % of GDP (private non-financial sector = households + nonfinancial corporations combined)."
AUT,household_mortgage_loans,ECB_BSI,A22T.A.1.U6.2250.Z01.E,"ECB MFI Balance Sheet Items (BSI): outstanding amounts (stocks, millions of EUR) of loans to households for house purchase, domestic counterpart -- genuinely country-specific (unlike euro_area_household_net_worth_growth), available for euro-area members only. Same purpose category as mortgage_rate, but a different ECB dataflow with an entirely different dimension structure -- see R/ecb.R."
AUT,mortgage_new_lending,ECB_MIR,A2C.B.A.2250.EUR.P,"ECB MFI Interest Rate Statistics (MIR), key A2C.B.A.2250.EUR.P: the business volume of PURE new loans to households for house purchase (renegotiations excluded), millions of EUR, NOMINAL and not seasonally adjusted. A FLOW, so the quarterly panel holds the SUM of the quarter's three months, and only complete quarters, where every other monthly concept is averaged. The flow counterpart to household_mortgage_loans' stock; euro-area members only, monthly from 2017-08 for Austria -- see R/ecb.R."
AUT,euro_area_household_net_worth_growth,ECB_QSA_PUB,I8,ECB QSA_PUB publishes household net worth only for the euro-area AGGREGATE (REF_AREA=I8) -- every euro-area country gets this same figure; it is not country-specific.
AUT,household_credit_to_gdp,BIS_WSTC,Q.AT.H.A.M.770.A,"BIS credit to households & NPISHs, % of GDP -- country-specific (unlike the ECB net-worth aggregate above)."
AUT,corporate_credit_to_gdp,BIS_WSTC,Q.AT.N.A.M.770.A,"BIS credit to nonfinancial corporations, % of GDP -- country-specific."
AUT,government_debt_to_gdp,BIS_WSTC,Q.AT.G.A.N.770.A,"BIS credit to general government (all levels: federal/state/local combined), % of GDP, at NOMINAL value (VALUATION=N) -- BIS's own credit-statistics methodology treats this as a close proxy for gross government debt; genuinely country-specific and, unlike the euro-area-only mortgage_rate/consumer_confidence overrides, available for non-EU countries too (confirmed live for AT/DE/US). Nominal rather than market value since 2026-09-14: the market-value series revalues government bonds with their prices, so it swings with interest rates (Austria: 100.7% of GDP in 2020, 75.2% in 2025-Q4), whereas the nominal series reads 81.5% for 2025-Q4, against 81.3% for Eurostat's Maastricht debt ratio."
AUT,government_primary_balance_to_gdp,EUROSTAT_GOV,gov_10q_ggnfa:Q.PC_GDP.NSA.S13.B9+D41PAY.AT,"EU member states only: Eurostat quarterly government finance statistics (gov_10q_ggnfa), general government (S13), net lending/borrowing (B9) plus interest payable (D41PAY), both in % of GDP -- see R/eurostat.R. NOT seasonally adjusted: Eurostat publishes a seasonally adjusted B9 but no seasonally adjusted D41PAY, and summing an adjusted with an unadjusted series would be neither. The ratio is to the same quarter's GDP, so a four-quarter average is the annual equivalent. No non-EU fallback exists for this concept."
AUT,fx_rate_to_usd,FRED_MIRROR,CCUSMA02ATQ618N,"OECD MEI bilateral exchange rate, national currency per USD."
AUT,real_effective_exchange_rate,FRED_MIRROR,CCRETT01ATQ661N,OECD real (price-adjusted) effective exchange rate index -- see us_note for how this differs from FRED-QD's nominal series.
AUT,consumer_confidence,EC_BCS,AT.CONS,"EU member states: sourced from the European Commission's own Business and Consumer Survey (a live, monthly, seasonally adjusted balance statistic, e.g. ""AT.CONS""), NOT the frozen OECD-MEI-via-FRED mirror used for non-EU countries -- see R/ec_survey.R. Falls back to the FRED mirror if the EC archive is unavailable for a given run."
AUT,consumer_financial_situation_past,EC_BCS,CONS.AT.TOT.1.BS.M,"EU member states only: European Commission Business and Consumer Survey, consumer survey question 1, balance of all consumers, seasonally adjusted (""CONS.AT.TOT.1.BS.M"") -- see R/ec_survey.R. Monthly at source, averaged within the quarter. No FRED-mirror fallback exists for this concept."
AUT,consumer_financial_situation_expected,EC_BCS,CONS.AT.TOT.2.BS.M,"EU member states only: European Commission Business and Consumer Survey, consumer survey question 2, balance of all consumers, seasonally adjusted (""CONS.AT.TOT.2.BS.M"") -- see R/ec_survey.R. Monthly at source, averaged within the quarter. No FRED-mirror fallback exists for this concept."
AUT,consumer_economic_situation_past,EC_BCS,CONS.AT.TOT.3.BS.M,"EU member states only: European Commission Business and Consumer Survey, consumer survey question 3, balance of all consumers, seasonally adjusted (""CONS.AT.TOT.3.BS.M"") -- see R/ec_survey.R. Monthly at source, averaged within the quarter. No FRED-mirror fallback exists for this concept."
AUT,consumer_economic_situation_expected,EC_BCS,CONS.AT.TOT.4.BS.M,"EU member states only: European Commission Business and Consumer Survey, consumer survey question 4, balance of all consumers, seasonally adjusted (""CONS.AT.TOT.4.BS.M"") -- see R/ec_survey.R. Monthly at source, averaged within the quarter. No FRED-mirror fallback exists for this concept."
AUT,consumer_price_trends_past,EC_BCS,CONS.AT.TOT.5.BS.M,"EU member states only: European Commission Business and Consumer Survey, consumer survey question 5, balance of all consumers, seasonally adjusted (""CONS.AT.TOT.5.BS.M"") -- see R/ec_survey.R. Monthly at source, averaged within the quarter. No FRED-mirror fallback exists for this concept."
AUT,consumer_price_expectations,EC_BCS,CONS.AT.TOT.6.BS.M,"EU member states only: European Commission Business and Consumer Survey, consumer survey question 6, balance of all consumers, seasonally adjusted (""CONS.AT.TOT.6.BS.M"") -- see R/ec_survey.R. Monthly at source, averaged within the quarter. No FRED-mirror fallback exists for this concept."
AUT,consumer_unemployment_expectations,EC_BCS,CONS.AT.TOT.7.BS.M,"EU member states only: European Commission Business and Consumer Survey, consumer survey question 7, balance of all consumers, seasonally adjusted (""CONS.AT.TOT.7.BS.M"") -- see R/ec_survey.R. Monthly at source, averaged within the quarter. No FRED-mirror fallback exists for this concept."
AUT,consumer_major_purchases_now,EC_BCS,CONS.AT.TOT.8.BS.M,"EU member states only: European Commission Business and Consumer Survey, consumer survey question 8, balance of all consumers, seasonally adjusted (""CONS.AT.TOT.8.BS.M"") -- see R/ec_survey.R. Monthly at source, averaged within the quarter. No FRED-mirror fallback exists for this concept."
AUT,consumer_major_purchases_expected,EC_BCS,CONS.AT.TOT.9.BS.M,"EU member states only: European Commission Business and Consumer Survey, consumer survey question 9, balance of all consumers, seasonally adjusted (""CONS.AT.TOT.9.BS.M"") -- see R/ec_survey.R. Monthly at source, averaged within the quarter. No FRED-mirror fallback exists for this concept."
AUT,consumer_savings_expected,EC_BCS,CONS.AT.TOT.11.BS.M,"EU member states only: European Commission Business and Consumer Survey, consumer survey question 11, balance of all consumers, seasonally adjusted (""CONS.AT.TOT.11.BS.M"") -- see R/ec_survey.R. Monthly at source, averaged within the quarter. No FRED-mirror fallback exists for this concept."
AUT,consumer_household_finances_now,EC_BCS,CONS.AT.TOT.12.BS.M,"EU member states only: European Commission Business and Consumer Survey, consumer survey question 12, balance of all consumers, seasonally adjusted (""CONS.AT.TOT.12.BS.M"") -- see R/ec_survey.R. Monthly at source, averaged within the quarter. No FRED-mirror fallback exists for this concept."
AUT,consumer_home_purchase_intentions,EC_BCS,CONS.AT.TOT.14.BS.Q,"EU member states only: European Commission Business and Consumer Survey, consumer survey question 14, balance of all consumers, seasonally adjusted (""CONS.AT.TOT.14.BS.Q"") -- see R/ec_survey.R. Quarterly at source, so absent from the monthly panel. No FRED-mirror fallback exists for this concept."
AUT,consumer_home_improvement_intentions,EC_BCS,CONS.AT.TOT.15.BS.Q,"EU member states only: European Commission Business and Consumer Survey, consumer survey question 15, balance of all consumers, seasonally adjusted (""CONS.AT.TOT.15.BS.Q"") -- see R/ec_survey.R. Quarterly at source, so absent from the monthly panel. No FRED-mirror fallback exists for this concept."
AUT,industry_production_past,EC_BCS,INDU.AT.TOT.1.BS.M,"EU member states only: European Commission Business and Consumer Survey, industry survey question 1, balance, seasonally adjusted (""INDU.AT.TOT.1.BS.M"") -- see R/ec_survey.R. Monthly at source, averaged within the quarter. No FRED-mirror fallback exists for this concept."
AUT,industry_order_books,EC_BCS,INDU.AT.TOT.2.BS.M,"EU member states only: European Commission Business and Consumer Survey, industry survey question 2, balance, seasonally adjusted (""INDU.AT.TOT.2.BS.M"") -- see R/ec_survey.R. Monthly at source, averaged within the quarter. No FRED-mirror fallback exists for this concept."
AUT,industry_export_order_books,EC_BCS,INDU.AT.TOT.3.BS.M,"EU member states only: European Commission Business and Consumer Survey, industry survey question 3, balance, seasonally adjusted (""INDU.AT.TOT.3.BS.M"") -- see R/ec_survey.R. Monthly at source, averaged within the quarter. No FRED-mirror fallback exists for this concept."
AUT,industry_stocks_finished_products,EC_BCS,INDU.AT.TOT.4.BS.M,"EU member states only: European Commission Business and Consumer Survey, industry survey question 4, balance, seasonally adjusted (""INDU.AT.TOT.4.BS.M"") -- see R/ec_survey.R. Monthly at source, averaged within the quarter. No FRED-mirror fallback exists for this concept."
AUT,industry_production_expectations,EC_BCS,INDU.AT.TOT.5.BS.M,"EU member states only: European Commission Business and Consumer Survey, industry survey question 5, balance, seasonally adjusted (""INDU.AT.TOT.5.BS.M"") -- see R/ec_survey.R. Monthly at source, averaged within the quarter. No FRED-mirror fallback exists for this concept."
AUT,industry_selling_price_expectations,EC_BCS,INDU.AT.TOT.6.BS.M,"EU member states only: European Commission Business and Consumer Survey, industry survey question 6, balance, seasonally adjusted (""INDU.AT.TOT.6.BS.M"") -- see R/ec_survey.R. Monthly at source, averaged within the quarter. No FRED-mirror fallback exists for this concept."
AUT,industry_employment_expectations,EC_BCS,INDU.AT.TOT.7.BS.M,"EU member states only: European Commission Business and Consumer Survey, industry survey question 7, balance, seasonally adjusted (""INDU.AT.TOT.7.BS.M"") -- see R/ec_survey.R. Monthly at source, averaged within the quarter. No FRED-mirror fallback exists for this concept."
AUT,industry_limits_none,EC_BCS,INDU.AT.TOT.8.F1S.Q,"EU member states only: European Commission Business and Consumer Survey, industry survey question 8, answer F1S, share of firms naming this factor, in per cent, seasonally adjusted (""INDU.AT.TOT.8.F1S.Q"") -- see R/ec_survey.R. Quarterly at source, so absent from the monthly panel. No FRED-mirror fallback exists for this concept."
AUT,industry_limits_demand,EC_BCS,INDU.AT.TOT.8.F2S.Q,"EU member states only: European Commission Business and Consumer Survey, industry survey question 8, answer F2S, share of firms naming this factor, in per cent, seasonally adjusted (""INDU.AT.TOT.8.F2S.Q"") -- see R/ec_survey.R. Quarterly at source, so absent from the monthly panel. No FRED-mirror fallback exists for this concept."
AUT,industry_limits_labour,EC_BCS,INDU.AT.TOT.8.F3S.Q,"EU member states only: European Commission Business and Consumer Survey, industry survey question 8, answer F3S, share of firms naming this factor, in per cent, seasonally adjusted (""INDU.AT.TOT.8.F3S.Q"") -- see R/ec_survey.R. Quarterly at source, so absent from the monthly panel. No FRED-mirror fallback exists for this concept."
AUT,industry_limits_material_equipment,EC_BCS,INDU.AT.TOT.8.F4S.Q,"EU member states only: European Commission Business and Consumer Survey, industry survey question 8, answer F4S, share of firms naming this factor, in per cent, seasonally adjusted (""INDU.AT.TOT.8.F4S.Q"") -- see R/ec_survey.R. Quarterly at source, so absent from the monthly panel. No FRED-mirror fallback exists for this concept."
AUT,industry_limits_other,EC_BCS,INDU.AT.TOT.8.F5S.Q,"EU member states only: European Commission Business and Consumer Survey, industry survey question 8, answer F5S, share of firms naming this factor, in per cent, seasonally adjusted (""INDU.AT.TOT.8.F5S.Q"") -- see R/ec_survey.R. Quarterly at source, so absent from the monthly panel. No FRED-mirror fallback exists for this concept."
AUT,industry_limits_financial,EC_BCS,INDU.AT.TOT.8.F6S.Q,"EU member states only: European Commission Business and Consumer Survey, industry survey question 8, answer F6S, share of firms naming this factor, in per cent, seasonally adjusted (""INDU.AT.TOT.8.F6S.Q"") -- see R/ec_survey.R. Quarterly at source, so absent from the monthly panel. No FRED-mirror fallback exists for this concept."
AUT,industry_production_capacity,EC_BCS,INDU.AT.TOT.9.BS.Q,"EU member states only: European Commission Business and Consumer Survey, industry survey question 9, balance, seasonally adjusted (""INDU.AT.TOT.9.BS.Q"") -- see R/ec_survey.R. Quarterly at source, so absent from the monthly panel. No FRED-mirror fallback exists for this concept."
AUT,industry_new_orders_past,EC_BCS,INDU.AT.TOT.11.BS.Q,"EU member states only: European Commission Business and Consumer Survey, industry survey question 11, balance, seasonally adjusted (""INDU.AT.TOT.11.BS.Q"") -- see R/ec_survey.R. Quarterly at source, so absent from the monthly panel. No FRED-mirror fallback exists for this concept."
AUT,industry_capacity_utilization,EC_BCS,INDU.AT.TOT.13.QPS.Q,"EU member states only: European Commission Business and Consumer Survey, industry survey question 13, current level of capacity utilisation in per cent, seasonally adjusted (""INDU.AT.TOT.13.QPS.Q"") -- see R/ec_survey.R. Reported by firms rather than estimated from output and capital, and quarterly at source, so absent from the monthly panel. No FRED-mirror fallback exists for this concept."
AUT,industry_competitive_position_eu,EC_BCS,INDU.AT.TOT.15.BS.Q,"EU member states only: European Commission Business and Consumer Survey, industry survey question 15, balance, seasonally adjusted (""INDU.AT.TOT.15.BS.Q"") -- see R/ec_survey.R. Quarterly at source, so absent from the monthly panel. No FRED-mirror fallback exists for this concept."
AUT,industry_competitive_position_outside_eu,EC_BCS,INDU.AT.TOT.16.BS.Q,"EU member states only: European Commission Business and Consumer Survey, industry survey question 16, balance, seasonally adjusted (""INDU.AT.TOT.16.BS.Q"") -- see R/ec_survey.R. Quarterly at source, so absent from the monthly panel. No FRED-mirror fallback exists for this concept."
AUT,services_business_situation_past,EC_BCS,SERV.AT.TOT.1.BS.M,"EU member states only: European Commission Business and Consumer Survey, services survey question 1, balance, seasonally adjusted (""SERV.AT.TOT.1.BS.M"") -- see R/ec_survey.R. Monthly at source, averaged within the quarter. No FRED-mirror fallback exists for this concept."
AUT,services_demand_past,EC_BCS,SERV.AT.TOT.2.BS.M,"EU member states only: European Commission Business and Consumer Survey, services survey question 2, balance, seasonally adjusted (""SERV.AT.TOT.2.BS.M"") -- see R/ec_survey.R. Monthly at source, averaged within the quarter. No FRED-mirror fallback exists for this concept."
AUT,services_demand_expected,EC_BCS,SERV.AT.TOT.3.BS.M,"EU member states only: European Commission Business and Consumer Survey, services survey question 3, balance, seasonally adjusted (""SERV.AT.TOT.3.BS.M"") -- see R/ec_survey.R. Monthly at source, averaged within the quarter. No FRED-mirror fallback exists for this concept."
AUT,services_employment_expectations,EC_BCS,SERV.AT.TOT.5.BS.M,"EU member states only: European Commission Business and Consumer Survey, services survey question 5, balance, seasonally adjusted (""SERV.AT.TOT.5.BS.M"") -- see R/ec_survey.R. Monthly at source, averaged within the quarter. No FRED-mirror fallback exists for this concept."
AUT,services_price_expectations,EC_BCS,SERV.AT.TOT.6.BS.M,"EU member states only: European Commission Business and Consumer Survey, services survey question 6, balance, seasonally adjusted (""SERV.AT.TOT.6.BS.M"") -- see R/ec_survey.R. Monthly at source, averaged within the quarter. No FRED-mirror fallback exists for this concept."
AUT,services_limits_none,EC_BCS,SERV.AT.TOT.7.F1S.Q,"EU member states only: European Commission Business and Consumer Survey, services survey question 7, answer F1S, share of firms naming this factor, in per cent, seasonally adjusted (""SERV.AT.TOT.7.F1S.Q"") -- see R/ec_survey.R. Quarterly at source, so absent from the monthly panel. No FRED-mirror fallback exists for this concept."
AUT,services_limits_demand,EC_BCS,SERV.AT.TOT.7.F2S.Q,"EU member states only: European Commission Business and Consumer Survey, services survey question 7, answer F2S, share of firms naming this factor, in per cent, seasonally adjusted (""SERV.AT.TOT.7.F2S.Q"") -- see R/ec_survey.R. Quarterly at source, so absent from the monthly panel. No FRED-mirror fallback exists for this concept."
AUT,services_limits_labour,EC_BCS,SERV.AT.TOT.7.F3S.Q,"EU member states only: European Commission Business and Consumer Survey, services survey question 7, answer F3S, share of firms naming this factor, in per cent, seasonally adjusted (""SERV.AT.TOT.7.F3S.Q"") -- see R/ec_survey.R. Quarterly at source, so absent from the monthly panel. No FRED-mirror fallback exists for this concept."
AUT,services_limits_equipment_space,EC_BCS,SERV.AT.TOT.7.F4S.Q,"EU member states only: European Commission Business and Consumer Survey, services survey question 7, answer F4S, share of firms naming this factor, in per cent, seasonally adjusted (""SERV.AT.TOT.7.F4S.Q"") -- see R/ec_survey.R. Quarterly at source, so absent from the monthly panel. No FRED-mirror fallback exists for this concept."
AUT,services_limits_financial,EC_BCS,SERV.AT.TOT.7.F5S.Q,"EU member states only: European Commission Business and Consumer Survey, services survey question 7, answer F5S, share of firms naming this factor, in per cent, seasonally adjusted (""SERV.AT.TOT.7.F5S.Q"") -- see R/ec_survey.R. Quarterly at source, so absent from the monthly panel. No FRED-mirror fallback exists for this concept."
AUT,services_limits_other,EC_BCS,SERV.AT.TOT.7.F6S.Q,"EU member states only: European Commission Business and Consumer Survey, services survey question 7, answer F6S, share of firms naming this factor, in per cent, seasonally adjusted (""SERV.AT.TOT.7.F6S.Q"") -- see R/ec_survey.R. Quarterly at source, so absent from the monthly panel. No FRED-mirror fallback exists for this concept."
AUT,services_capacity_utilization,EC_BCS,SERV.AT.TOT.8.QPS.Q,"EU member states only: European Commission Business and Consumer Survey, services survey question 8, capacity utilisation in per cent, seasonally adjusted (""SERV.AT.TOT.8.QPS.Q"") -- see R/ec_survey.R. Quarterly at source, so absent from the monthly panel. No FRED-mirror fallback exists for this concept."
AUT,retail_business_activity_past,EC_BCS,RETA.AT.TOT.1.BS.M,"EU member states only: European Commission Business and Consumer Survey, retail trade survey question 1, balance, seasonally adjusted (""RETA.AT.TOT.1.BS.M"") -- see R/ec_survey.R. Monthly at source, averaged within the quarter. No FRED-mirror fallback exists for this concept."
AUT,retail_stocks,EC_BCS,RETA.AT.TOT.2.BS.M,"EU member states only: European Commission Business and Consumer Survey, retail trade survey question 2, balance, seasonally adjusted (""RETA.AT.TOT.2.BS.M"") -- see R/ec_survey.R. Monthly at source, averaged within the quarter. No FRED-mirror fallback exists for this concept."
AUT,retail_orders_expected,EC_BCS,RETA.AT.TOT.3.BS.M,"EU member states only: European Commission Business and Consumer Survey, retail trade survey question 3, balance, seasonally adjusted (""RETA.AT.TOT.3.BS.M"") -- see R/ec_survey.R. Monthly at source, averaged within the quarter. No FRED-mirror fallback exists for this concept."
AUT,retail_business_activity_expected,EC_BCS,RETA.AT.TOT.4.BS.M,"EU member states only: European Commission Business and Consumer Survey, retail trade survey question 4, balance, seasonally adjusted (""RETA.AT.TOT.4.BS.M"") -- see R/ec_survey.R. Monthly at source, averaged within the quarter. No FRED-mirror fallback exists for this concept."
AUT,retail_employment_expectations,EC_BCS,RETA.AT.TOT.5.BS.M,"EU member states only: European Commission Business and Consumer Survey, retail trade survey question 5, balance, seasonally adjusted (""RETA.AT.TOT.5.BS.M"") -- see R/ec_survey.R. Monthly at source, averaged within the quarter. No FRED-mirror fallback exists for this concept."
AUT,retail_price_expectations,EC_BCS,RETA.AT.TOT.6.BS.M,"EU member states only: European Commission Business and Consumer Survey, retail trade survey question 6, balance, seasonally adjusted (""RETA.AT.TOT.6.BS.M"") -- see R/ec_survey.R. Monthly at source, averaged within the quarter. No FRED-mirror fallback exists for this concept."
AUT,construction_activity_past,EC_BCS,BUIL.AT.TOT.1.BS.M,"EU member states only: European Commission Business and Consumer Survey, construction survey question 1, balance, seasonally adjusted (""BUIL.AT.TOT.1.BS.M"") -- see R/ec_survey.R. Monthly at source, averaged within the quarter. No FRED-mirror fallback exists for this concept."
AUT,construction_limits_none,EC_BCS,BUIL.AT.TOT.2.F1S.M,"EU member states only: European Commission Business and Consumer Survey, construction survey question 2, answer F1S, share of firms naming this factor, in per cent, seasonally adjusted (""BUIL.AT.TOT.2.F1S.M"") -- see R/ec_survey.R. Monthly at source, averaged within the quarter. No FRED-mirror fallback exists for this concept."
AUT,construction_limits_demand,EC_BCS,BUIL.AT.TOT.2.F2S.M,"EU member states only: European Commission Business and Consumer Survey, construction survey question 2, answer F2S, share of firms naming this factor, in per cent, seasonally adjusted (""BUIL.AT.TOT.2.F2S.M"") -- see R/ec_survey.R. Monthly at source, averaged within the quarter. No FRED-mirror fallback exists for this concept."
AUT,construction_limits_labour,EC_BCS,BUIL.AT.TOT.2.F4S.M,"EU member states only: European Commission Business and Consumer Survey, construction survey question 2, answer F4S, share of firms naming this factor, in per cent, seasonally adjusted (""BUIL.AT.TOT.2.F4S.M"") -- see R/ec_survey.R. Monthly at source, averaged within the quarter. No FRED-mirror fallback exists for this concept."
AUT,construction_limits_material_equipment,EC_BCS,BUIL.AT.TOT.2.F5S.M,"EU member states only: European Commission Business and Consumer Survey, construction survey question 2, answer F5S, share of firms naming this factor, in per cent, seasonally adjusted (""BUIL.AT.TOT.2.F5S.M"") -- see R/ec_survey.R. Monthly at source, averaged within the quarter. No FRED-mirror fallback exists for this concept."
AUT,construction_limits_other,EC_BCS,BUIL.AT.TOT.2.F6S.M,"EU member states only: European Commission Business and Consumer Survey, construction survey question 2, answer F6S, share of firms naming this factor, in per cent, seasonally adjusted (""BUIL.AT.TOT.2.F6S.M"") -- see R/ec_survey.R. Monthly at source, averaged within the quarter. No FRED-mirror fallback exists for this concept."
AUT,construction_limits_financial,EC_BCS,BUIL.AT.TOT.2.F7S.M,"EU member states only: European Commission Business and Consumer Survey, construction survey question 2, answer F7S, share of firms naming this factor, in per cent, seasonally adjusted (""BUIL.AT.TOT.2.F7S.M"") -- see R/ec_survey.R. Monthly at source, averaged within the quarter. No FRED-mirror fallback exists for this concept."
AUT,construction_order_books,EC_BCS,BUIL.AT.TOT.3.BS.M,"EU member states only: European Commission Business and Consumer Survey, construction survey question 3, balance, seasonally adjusted (""BUIL.AT.TOT.3.BS.M"") -- see R/ec_survey.R. Monthly at source, averaged within the quarter. No FRED-mirror fallback exists for this concept."
AUT,construction_employment_expectations,EC_BCS,BUIL.AT.TOT.4.BS.M,"EU member states only: European Commission Business and Consumer Survey, construction survey question 4, balance, seasonally adjusted (""BUIL.AT.TOT.4.BS.M"") -- see R/ec_survey.R. Monthly at source, averaged within the quarter. No FRED-mirror fallback exists for this concept."
AUT,construction_price_expectations,EC_BCS,BUIL.AT.TOT.5.BS.M,"EU member states only: European Commission Business and Consumer Survey, construction survey question 5, balance, seasonally adjusted (""BUIL.AT.TOT.5.BS.M"") -- see R/ec_survey.R. Monthly at source, averaged within the quarter. No FRED-mirror fallback exists for this concept."
AUT,economic_sentiment_indicator,EC_BCS,AT.ESI,"EU member states only: European Commission Business and Consumer Survey, Economic Sentiment Indicator (""AT.ESI"") -- see R/ec_survey.R. No FRED-mirror fallback exists for this concept."
AUT,services_confidence,EC_BCS,AT.SERV,"EU member states only: European Commission Business and Consumer Survey, Services Confidence Indicator (""AT.SERV"") -- see R/ec_survey.R. No FRED-mirror fallback exists for this concept."
AUT,oil_price,FRED,WTISPLC,"Not country-specific and not intended to be: a barrel of crude has one world price, so this column is identical in every country's panel, as R/gpr.R's global index is for countries the GPR source does not cover separately. It is here because the world oil price is the classic exogenous supply shifter for a small open economy. FRED WTISPLC (spot West Texas Intermediate, monthly from 1946, averaged within the quarter) -- see R/commodities.R, whose header says why WTI rather than Brent."
AUT,geopolitical_risk,GPR,GPR,"Caldara and Iacoviello's (2022) Geopolitical Risk index, from matteoiacoviello.com's own published data file -- see R/gpr.R. Genuinely country-specific for the 44 countries the source constructs one for (confirmed: Germany, the United States); the global index is used for every other country (confirmed: Austria), not a country-specific gap in this project's own sourcing."
AUT,global_activity,FRED,IGREA,"Not country-specific and not intended to be, exactly as oil_price is not: there is one world business cycle, so this column is identical in every country's panel. FRED IGREA, monthly from 1968, averaged within the quarter -- see R/global_activity.R. It is expressed in PERCENT DEVIATIONS FROM TREND, so it is signed and roughly half its observations are negative: do not log it and do not take quarter-over-quarter percent changes of it. It is here so that a panel carrying oil_price can separate an oil supply disturbance from an oil demand one, which is the distinction Kilian (2009) exists to make."
AUT,financial_stress,ECB_CISS,D.AT.Z0Z.4F.EC.SS_CIN.IDX,"ECB country-level Composite Indicator of Systemic Stress (CISS), dataflow CISS, key D.<cc2>.Z0Z.4F.EC.SS_CIN.IDX -- daily, averaged to calendar quarters, see R/ecb.R. Bounded between 0 and 1 by construction; combines stress measures from several financial market segments, weighting them by their time-varying cross-correlations, so that stress in several segments at once counts for more than stress in one."
AUT,world_uncertainty_index,FRED_MIRROR,WUIAUT,"World Uncertainty Index (Ahir, Bloom and Furceri, 2022), the frequency of the word 'uncertainty' and its variants in the Economist Intelligence Unit's country reports -- quarterly and country-specific, via FRED's mirror (mnemonic WUI<ISO3>, e.g. WUIAUT, confirmed live for AUT/DEU/USA), see R/fred_mirror.R. Legitimately 0 in some early quarters in which a short report happens not to use the word, which is why it has a non-negative rather than a positive plausibility category."
AUT,share_price_index,YAHOO_FINANCE,^ATX,"Austria: sourced from the ATX (Austrian Traded Index) via Yahoo Finance (ticker ""^ATX""), Austria's own actual benchmark index, NOT the generic OECD MEI 'all shares' proxy used for other countries -- see R/yahoo_finance.R. Falls back to the FRED mirror if the Yahoo Finance fetch is unavailable for a given run."
AUT,construction_weather_constraint,EC_BCS,BUIL.AT.TOT.2.F3S.M,"EU member states only: European Commission Business and Consumer Survey, construction survey question 2, answer F3S (""AT.TOT.2.F3S"") -- see R/ec_survey.R. Already seasonally adjusted at source, so it reads as a weather ANOMALY (how unusually obstructive this quarter's weather was) rather than a raw seasonal pattern. No FRED-mirror fallback exists for this concept."
AUT,heating_degree_days,OPEN_METEO,"ERA5, 6-city population-weighted, spliced with Eurostat nrg_chdd_m and level-calibrated to it (x1.220, corr 0.996 over 552 months)","Quarterly total of monthly heating degree days on Eurostat's definition (reference 18 C, counted on days with a mean temperature at or below 15 C). Eurostat's own nrg_chdd_m is used wherever it publishes; because that dataflow runs roughly nine months behind, the pre-1980 history and the recent quarters are filled with an ERA5 series (via the Open-Meteo archive) computed over a population-weighted set of representative cities and level-calibrated to Eurostat over the overlap -- see R/weather.R. Countries with neither a city set nor Eurostat coverage resolve to NA."
AUT,cooling_degree_days,OPEN_METEO,"ERA5, 6-city population-weighted, spliced with Eurostat nrg_chdd_m and level-calibrated to it (x0.340, corr 0.975 over 552 months)","Quarterly total of monthly cooling degree days on Eurostat's definition (reference 21 C, counted on days with a mean temperature at or above 24 C -- note the deliberate gap between the reference and threshold temperatures, which is Eurostat's convention and not the single-base-temperature convention common in US work). Same source hierarchy as heating_degree_days; legitimately 0.00 for whole quarters in cooler countries, which is why these two concepts have their own plausibility category."
DEU,real_gdp,EUROSTAT,namq_10_gdp:B1GQ (extended pre-1995 with level-spliced OECD_QNA:S1.B1GQ),
DEU,real_household_consumption,EUROSTAT,namq_10_gdp:P31_S14 (extended pre-1995 with level-spliced OECD_QNA:S1M.P3),"Source-dependent: for EU members (Eurostat NA_ITEM=P31_S14) this is household-only consumption, a close match to FRED-QD's household-only PCE; where OECD QNA is used instead (sector S1M), it is total-economy final consumption expenditure INCLUDING NPISHs, broader than FRED-QD's definition."
DEU,real_govt_consumption,EUROSTAT,namq_10_gdp:P3_S13 (extended pre-1995 with level-spliced OECD_QNA:S13.P3),"SNA/ESA transaction P3, sector S13 (general government) is government consumption expenditure only, whether sourced from OECD or Eurostat; FRED-QD's GCEC1 also includes government gross investment."
DEU,real_gfcf_total,EUROSTAT,namq_10_gdp:P51G (extended pre-1995 with level-spliced OECD_QNA:.P51G),"SNA/ESA transaction P51G (gross fixed capital formation) is for ALL sectors (incl. government), whether sourced from OECD or Eurostat; FRED-QD's FPIx is private-sector fixed investment only."
DEU,real_exports,EUROSTAT,namq_10_gdp:P6 (extended pre-1995 with level-spliced OECD_QNA:S1.P6),
DEU,real_imports,EUROSTAT,namq_10_gdp:P7 (extended pre-1995 with level-spliced OECD_QNA:S1.P7),
DEU,inventory_change_to_gdp,EUROSTAT,namq_10_gdp:Q.PC_GDP.SCA.P52.DE,"Change in inventories as a PERCENT OF GDP (both nominal), signed -- not a real level like the other expenditure components, because Eurostat publishes no chain-linked volume for it (a signed flow that crosses zero, for which chain-linked volumes are not additive; see R/inventories.R). EU member states: Eurostat namq_10_gdp, NA_ITEM=P52 (excluding valuables, P53), UNIT=PC_GDP, seasonally and calendar adjusted -- the same construction as FRED-QD's A014RE1Q156NBEA, except that P52 covers inventories of all sectors where FRED-QD's covers private inventories only. From 1995 for Austria (1991 for Germany). Outside the EU only the United States resolves (FRED-QD's own series); NA elsewhere."
DEU,real_household_disposable_income,,,"Not resolved for DEU. OECD's quarterly household disposable income (DF_QNA_INC_SAV) is published for only 11 countries (AUS, BRA, CAN, CHL, EST, GRC, HUN, LTU, LUX, LVA, ZAF); absent for most others, confirmed absent for DEU/AUT/USA/FRA/GBR."
DEU,industrial_production,EUROSTAT_STS,"sts_inpr_q:Q.PRD.B-D.SCA.I21.DE (OECD MEI mirror's earlier history spliced on, rescaled to this base)","EU member states: sourced from Eurostat short-term statistics (sts_inpr_q, NACE B-D, seasonally and calendar adjusted, index 2021 = 100), NOT the OECD-MEI-via-FRED mirror used elsewhere -- see R/eurostat_sts.R. The mirror is frozen: AUTPROINDQISMEI was confirmed live 2026-09-25 to stop at 2024-Q1 while every other concept in the panel ran to the current quarter, which silently truncates any model estimated on it. The mirror earlier history (back to 1955 for Austria) is spliced on, rescaled to the Eurostat base at the overlap. Read that spliced history with care: over the 334 months the two share they correlate 0.896 in log differences, so they are close relatives rather than the same series."
DEU,industrial_confidence,EC_BCS,DE.INDU,"EU member states only: European Commission Business and Consumer Survey, Industrial Confidence Indicator (""AT.INDU"") -- see R/ec_survey.R. No FRED-mirror fallback exists for this concept."
DEU,unemployment_rate,FRED_MIRROR,LRHUTTTTDEQ156S,
DEU,employment_rate,FRED_MIRROR,LREM64TTDEQ156S,"Employment-to-population ratio, ages 15-64 (OECD MEI); included as a standard cross-country labour-market indicator even though FRED-QD has no direct equivalent (see us_note)."
DEU,hours_worked,EUROSTAT_NA,namq_10_a10_e:Q.THS_HW.TOTAL.SCA.EMP_DC.DE,"EU member states only: Eurostat namq_10_a10_e, total hours worked, domestic concept (NA_ITEM=EMP_DC, employees and self-employed together), seasonally and calendar adjusted -- see R/eurostat.R. No FRED-mirror fallback exists: FRED's OECD mirror carries hours PER WORKER for some countries and total hours for none, so this resolves to NA outside the EU."
DEU,population,EUROSTAT_POP,namq_10_pe:Q.THS_PER.SCA.POP_NC.DE,"Total resident population in THOUSANDS OF PERSONS, the per-capita denominator for real_gdp, real_household_consumption and hours_worked. EU member states: Eurostat namq_10_pe, total population, national concept (NA_ITEM=POP_NC, UNIT=THS_PER, S_ADJ=SCA) -- the population figure of the quarterly national accounts themselves, so a per-capita ratio against this panel's real_gdp is internally consistent. Quarterly from 1995 for Austria (1991 for Germany); the annual series that reaches further back is not interpolated onto quarters. Outside the EU only countries with an explicit entry in R/population.R's national_population table resolve (currently the United States); FRED mirrors population for most other countries only annually, so this is NA for them rather than an interpolation."
DEU,employment_expectations,EC_BCS,DE.EEI,"EU member states only: European Commission Business and Consumer Survey, Employment Expectations Indicator (""AT.EEI"") -- see R/ec_survey.R. No FRED-mirror fallback exists for this concept."
DEU,house_price_real,FRED_MIRROR,QDER628BIS,
DEU,construction_confidence,EC_BCS,DE.BUIL,"EU member states only: European Commission Business and Consumer Survey, Construction Confidence Indicator (""AT.BUIL"") -- see R/ec_survey.R. No FRED-mirror fallback exists for this concept."
DEU,retail_sales_volume,EUROSTAT_STS,"sts_trtu_q:Q.VOL_SLS.G47.SCA.I21.DE (OECD MEI mirror's earlier history spliced on, rescaled to this base)","EU member states: sourced from Eurostat short-term statistics (sts_trtu_q, NACE G47, indicator VOL_SLS -- the VOLUME of sales, not NETTUR, which is turnover in current prices), NOT the OECD-MEI-via-FRED mirror, which is frozen at 2024-Q1 -- see R/eurostat_sts.R. The mirror earlier history is spliced on and rescaled at the overlap, where the two correlate 0.998 in log differences. OECD MEI retail sales volume is not published for the USA itself via this mirror -- a genuine coverage gap for that one country, not a wrong code."
DEU,retail_confidence,EC_BCS,DE.RETA,"EU member states only: European Commission Business and Consumer Survey, Retail Trade Confidence Indicator (""AT.RETA"") -- see R/ec_survey.R. No FRED-mirror fallback exists for this concept."
DEU,cpi_index,EUROSTAT_HICP,prc_hicp_midx:M.I05.CP00.DE,"EU member states: sourced from Eurostat's Harmonised Index of Consumer Prices (HICP, all-items, prc_hicp_midx), NOT the frozen OECD-MEI-via-FRED mirror used for non-EU countries -- see R/eurostat.R. Confirmed live 2026-08-30 to extend to 2025-Q4 for Austria, versus the FRED mirror's confirmed freeze at 2023-Q4 -- a roughly 2-year improvement. HICP's basket/methodology differs somewhat from the US CPI-U basket underlying FRED-QD's CPIAUCSL, but is the standard EU consumer-price measure. Countries outside the EU take their own national index instead (R/fred_mirror.R national_cpi_index; CPIAUCSL for the United States) rather than the OECD MEI mirror, whose only CPI series are GROWTH RATES -- CPALTT01{cc2}Q657N runs -2.83 to 3.95 for the US. Until 2026-09-25 this column therefore held an index for EU members and a percent change for everyone else; it is one statistic everywhere now, which is why its plausibility category is the strict 'level' again rather than a band wide enough for both."
DEU,core_cpi_index,EUROSTAT_HICP,prc_hicp_midx:M.I05.TOT_X_NRG_FOOD.DE,"Eurostat HICP excluding energy, food, alcohol and tobacco (COICOP=TOT_X_NRG_FOOD) -- the standard ECB/Eurostat ""core inflation"" measure. EU member states only; no FRED-mirror fallback exists for this concept."
DEU,food_price_index,EUROSTAT_HICP,prc_hicp_midx:M.I05.CP01.DE,"Eurostat HICP, food and non-alcoholic beverages (COICOP=CP01). EU member states only; no FRED-mirror fallback exists for this concept."
DEU,energy_price_index,EUROSTAT_HICP,prc_hicp_midx:M.I05.NRG.DE,"Eurostat HICP, energy (COICOP=NRG). EU member states only; no FRED-mirror fallback exists for this concept."
DEU,services_price_index,EUROSTAT_HICP,prc_hicp_midx:M.I05.SERV.DE,"Eurostat HICP, services (overall index excluding goods) (COICOP=SERV). EU member states only; no FRED-mirror fallback exists for this concept."
DEU,unit_labor_cost,EUROSTAT_ULC,namq_10_lp_ulc:Q.I10.SCA.NULC_HW.DE,"Where Eurostat publishes an index-level series for it (confirmed for Austria: namq_10_lp_ulc, NA_ITEM=NULC_HW, UNIT=I10, hours-based like FRED-QD's ULCNFB), this replaces the default OECD-mirror proxy (OECD MEI unit labour cost, employment-based, % change, confirmed live for AT/DE/FR/GB/US) -- see R/eurostat.R. Not every EU country publishes this index-level series, and which do changes over time: it was confirmed absent for Germany when this note was first written, and confirmed present for Germany on 2026-09-24, so Germany now resolves through Eurostat rather than keeping the OECD-mirror value. A country for which Eurostat has nothing still falls back to the mirror."
DEU,long_term_rate,FRED_MIRROR,IRLTLT01DEQ156N,
DEU,short_term_rate,FRED_MIRROR,IR3TIB01DEQ156N,
DEU,mortgage_rate,ECB_MIR,A2C.R.A.2250.EUR.N,"ECB MFI Interest Rate Statistics (MIR): new-business loans to households for house purchase, all initial rate fixation periods combined -- genuinely country-specific (unlike euro_area_household_net_worth_growth above), available for euro-area members only."
DEU,credit_to_private_nonfin_sector,BIS_WSTC,Q.DE.P.A.M.770.A,"BIS reports this as a stock, % of GDP (private non-financial sector = households + nonfinancial corporations combined)."
DEU,household_mortgage_loans,ECB_BSI,A22T.A.1.U6.2250.Z01.E,"ECB MFI Balance Sheet Items (BSI): outstanding amounts (stocks, millions of EUR) of loans to households for house purchase, domestic counterpart -- genuinely country-specific (unlike euro_area_household_net_worth_growth), available for euro-area members only. Same purpose category as mortgage_rate, but a different ECB dataflow with an entirely different dimension structure -- see R/ecb.R."
DEU,euro_area_household_net_worth_growth,ECB_QSA_PUB,I8,ECB QSA_PUB publishes household net worth only for the euro-area AGGREGATE (REF_AREA=I8) -- every euro-area country gets this same figure; it is not country-specific.
DEU,household_credit_to_gdp,BIS_WSTC,Q.DE.H.A.M.770.A,"BIS credit to households & NPISHs, % of GDP -- country-specific (unlike the ECB net-worth aggregate above)."
DEU,corporate_credit_to_gdp,BIS_WSTC,Q.DE.N.A.M.770.A,"BIS credit to nonfinancial corporations, % of GDP -- country-specific."
DEU,government_debt_to_gdp,BIS_WSTC,Q.DE.G.A.N.770.A,"BIS credit to general government (all levels: federal/state/local combined), % of GDP, at NOMINAL value (VALUATION=N) -- BIS's own credit-statistics methodology treats this as a close proxy for gross government debt; genuinely country-specific and, unlike the euro-area-only mortgage_rate/consumer_confidence overrides, available for non-EU countries too (confirmed live for AT/DE/US). Nominal rather than market value since 2026-09-14: the market-value series revalues government bonds with their prices, so it swings with interest rates (Austria: 100.7% of GDP in 2020, 75.2% in 2025-Q4), whereas the nominal series reads 81.5% for 2025-Q4, against 81.3% for Eurostat's Maastricht debt ratio."
DEU,government_primary_balance_to_gdp,EUROSTAT_GOV,gov_10q_ggnfa:Q.PC_GDP.NSA.S13.B9+D41PAY.DE,"EU member states only: Eurostat quarterly government finance statistics (gov_10q_ggnfa), general government (S13), net lending/borrowing (B9) plus interest payable (D41PAY), both in % of GDP -- see R/eurostat.R. NOT seasonally adjusted: Eurostat publishes a seasonally adjusted B9 but no seasonally adjusted D41PAY, and summing an adjusted with an unadjusted series would be neither. The ratio is to the same quarter's GDP, so a four-quarter average is the annual equivalent. No non-EU fallback exists for this concept."
DEU,fx_rate_to_usd,FRED_MIRROR,CCUSMA02DEQ618N,"OECD MEI bilateral exchange rate, national currency per USD."
DEU,real_effective_exchange_rate,FRED_MIRROR,CCRETT01DEQ661N,OECD real (price-adjusted) effective exchange rate index -- see us_note for how this differs from FRED-QD's nominal series.
DEU,consumer_confidence,EC_BCS,DE.CONS,"EU member states: sourced from the European Commission's own Business and Consumer Survey (a live, monthly, seasonally adjusted balance statistic, e.g. ""AT.CONS""), NOT the frozen OECD-MEI-via-FRED mirror used for non-EU countries -- see R/ec_survey.R. Falls back to the FRED mirror if the EC archive is unavailable for a given run."
DEU,economic_sentiment_indicator,EC_BCS,DE.ESI,"EU member states only: European Commission Business and Consumer Survey, Economic Sentiment Indicator (""AT.ESI"") -- see R/ec_survey.R. No FRED-mirror fallback exists for this concept."
DEU,services_confidence,EC_BCS,DE.SERV,"EU member states only: European Commission Business and Consumer Survey, Services Confidence Indicator (""AT.SERV"") -- see R/ec_survey.R. No FRED-mirror fallback exists for this concept."
DEU,oil_price,FRED,WTISPLC,"Not country-specific and not intended to be: a barrel of crude has one world price, so this column is identical in every country's panel, as R/gpr.R's global index is for countries the GPR source does not cover separately. It is here because the world oil price is the classic exogenous supply shifter for a small open economy. FRED WTISPLC (spot West Texas Intermediate, monthly from 1946, averaged within the quarter) -- see R/commodities.R, whose header says why WTI rather than Brent."
DEU,geopolitical_risk,GPR,GPRC_DEU,"Caldara and Iacoviello's (2022) Geopolitical Risk index, from matteoiacoviello.com's own published data file -- see R/gpr.R. Genuinely country-specific for the 44 countries the source constructs one for (confirmed: Germany, the United States); the global index is used for every other country (confirmed: Austria), not a country-specific gap in this project's own sourcing."
DEU,global_activity,FRED,IGREA,"Not country-specific and not intended to be, exactly as oil_price is not: there is one world business cycle, so this column is identical in every country's panel. FRED IGREA, monthly from 1968, averaged within the quarter -- see R/global_activity.R. It is expressed in PERCENT DEVIATIONS FROM TREND, so it is signed and roughly half its observations are negative: do not log it and do not take quarter-over-quarter percent changes of it. It is here so that a panel carrying oil_price can separate an oil supply disturbance from an oil demand one, which is the distinction Kilian (2009) exists to make."
DEU,financial_stress,ECB_CISS,D.DE.Z0Z.4F.EC.SS_CIN.IDX,"ECB country-level Composite Indicator of Systemic Stress (CISS), dataflow CISS, key D.<cc2>.Z0Z.4F.EC.SS_CIN.IDX -- daily, averaged to calendar quarters, see R/ecb.R. Bounded between 0 and 1 by construction; combines stress measures from several financial market segments, weighting them by their time-varying cross-correlations, so that stress in several segments at once counts for more than stress in one."
DEU,world_uncertainty_index,FRED_MIRROR,WUIDEU,"World Uncertainty Index (Ahir, Bloom and Furceri, 2022), the frequency of the word 'uncertainty' and its variants in the Economist Intelligence Unit's country reports -- quarterly and country-specific, via FRED's mirror (mnemonic WUI<ISO3>, e.g. WUIAUT, confirmed live for AUT/DEU/USA), see R/fred_mirror.R. Legitimately 0 in some early quarters in which a short report happens not to use the word, which is why it has a non-negative rather than a positive plausibility category."
DEU,share_price_index,FRED_MIRROR,SPASTT01DEQ661N,"Austria: sourced from the ATX (Austrian Traded Index) via Yahoo Finance (ticker ""^ATX""), Austria's own actual benchmark index, NOT the generic OECD MEI 'all shares' proxy used for other countries -- see R/yahoo_finance.R. Falls back to the FRED mirror if the Yahoo Finance fetch is unavailable for a given run."
DEU,construction_weather_constraint,EC_BCS,BUIL.DE.TOT.2.F3S.M,"EU member states only: European Commission Business and Consumer Survey, construction survey question 2, answer F3S (""AT.TOT.2.F3S"") -- see R/ec_survey.R. Already seasonally adjusted at source, so it reads as a weather ANOMALY (how unusually obstructive this quarter's weather was) rather than a raw seasonal pattern. No FRED-mirror fallback exists for this concept."
DEU,heating_degree_days,OPEN_METEO,"ERA5, 8-city population-weighted, spliced with Eurostat nrg_chdd_m and level-calibrated to it (x1.029, corr 0.999 over 552 months)","Quarterly total of monthly heating degree days on Eurostat's definition (reference 18 C, counted on days with a mean temperature at or below 15 C). Eurostat's own nrg_chdd_m is used wherever it publishes; because that dataflow runs roughly nine months behind, the pre-1980 history and the recent quarters are filled with an ERA5 series (via the Open-Meteo archive) computed over a population-weighted set of representative cities and level-calibrated to Eurostat over the overlap -- see R/weather.R. Countries with neither a city set nor Eurostat coverage resolve to NA."
DEU,cooling_degree_days,OPEN_METEO,"ERA5, 8-city population-weighted, spliced with Eurostat nrg_chdd_m and level-calibrated to it (x0.698, corr 0.971 over 552 months)","Quarterly total of monthly cooling degree days on Eurostat's definition (reference 21 C, counted on days with a mean temperature at or above 24 C -- note the deliberate gap between the reference and threshold temperatures, which is Eurostat's convention and not the single-base-temperature convention common in US work). Same source hierarchy as heating_degree_days; legitimately 0.00 for whole quarters in cooler countries, which is why these two concepts have their own plausibility category."
